kind,temperature,run,case_id,category,true_label,gold_section,pred_A,pred_B_no_judge,pred_C_blind_judge,checker_section,judge_section,judge_confidence,adv_leak_flag,rewrite,checker_reason,judge_reasoning
A,,1,TC001,Consent,violating,Section 6,violating,,,Section 7,,,,,The text does not provide an itemised description of the personal data and the specific purpose of its processing.,
A,,1,TC002,Consent,violating,Section 6,violating,,,Section 7,,,,,"The text does not require consent for processing purchase history for targeted advertising, which is a violation of Section 7(e)(ii) as it does not specify the purpose of processing.",
A,,1,TC003,Consent,violating,Section 6,violating,,,7,,,,,"The text does not provide an itemised description of the personal data and the specific purposes of processing, nor does it seek specific and informed consent as required.",
A,,1,TC004,Consent,violating,Section 6,violating,,,null,,,,,The text explicitly states sharing of personal data with third parties without explicit consent mechanisms.,
A,,1,TC005,Consent,violating,Section 6,violating,,,Section 7(e),,,,,The text does not provide an itemised description of the personal data and the purpose of its processing.,
A,,1,TC006,Consent,compliant,,compliant,,,,,,,,The text does not explicitly state an unlawful purpose for data collection or processing.,
A,,1,TC007,Consent,compliant,,compliant,,,,,,,,"The text clearly states that consent will be presented in a clear manner and that consent can be withdrawn at any time, which aligns with DPDP Act 2023 requirements.",
A,,1,TC008,Consent,compliant,,compliant,,,,,,,,"The text provides a clear and easy method for withdrawing consent, comparable to the ease of giving it.",
A,,1,TC009,Data Minimisation,violating,Section 4,violating,,,null,,,,,The text requests unnecessary personal data such as blood group and mother's maiden name.,
A,,1,TC010,Data Minimisation,violating,Section 4,violating,,,6,,,,,"The text requests access to the contact list, which is not necessary for using a basic calculator app.",
A,,1,TC011,Data Minimisation,violating,Section 4,violating,,,4,,,,,Processing is not restricted to the extent necessary for the stated purpose.,
A,,1,TC012,Data Minimisation,violating,Section 4,violating,,,Section 7,,,,,"The text collects marital status, which is not a specified identifier under Section 7.",
A,,1,TC013,Data Minimisation,compliant,,compliant,,,,,,,,"The text specifies that location data is collected only during active trips and disabled otherwise, which aligns with lawful processing for the stated purpose.",
A,,1,TC014,Data Minimisation,compliant,,compliant,,,,,,,,"The text only collects name and email, which is compliant with the specified data collection limits.",
A,,1,TC015,Sensitive Data,violating,Section 4,compliant,,,,,,,,"The text does not explicitly mention the collection or processing of personal data beyond requesting an Aadhaar number for access, which is a lawful purpose.",
A,,1,TC016,Sensitive Data,violating,Section 4,violating,,,7(e),,,,,The text does not provide an itemised description of the personal data and the specific purpose of its processing.,
A,,1,TC017,Sensitive Data,violating,Section 6,violating,,,9,,,,,The text indicates sharing of personal data without mentioning the consent mechanism or the contact information for the Data Protection Officer.,
A,,1,TC018,Consent Withdrawal,violating,Rule 3,violating,,,Section 8,,,,,The text does not provide the option to access the request in English or any language specified in the Eighth Schedule to the Constitution.,
A,,1,TC019,Consent Withdrawal,violating,Rule 3,violating,,,Right to Erase Personal Data,,,,,The text only provides a limited window for opting out and does not mention the required time frame of 90 days as per Section 9.,
A,,1,TC020,Consent Withdrawal,violating,Rule 3,violating,,,Section 4(4),,,,,Charging a fee for withdrawing consent is not comparable to the ease with which consent was given.,
A,,1,TC021,Consent Withdrawal,compliant,,compliant,,,,,,,,The text provides a clear and easy method for withdrawing consent as required by the DPDP Act 2023.,
A,,1,TC022,Data Retention,violating,Section 8,violating,,,Right to Erase Personal Data,,,,,"The text allows for indefinite retention of personal data, contradicting the right to erase personal data within a specified period.",
A,,1,TC023,Data Retention,violating,Section 8,violating,,,9,,,,,"The text states that user data is never deleted and retained for the lifetime of the company, which does not comply with the requirement to erase data after one year unless further retention is required by law.",
A,,1,TC024,Data Retention,compliant,,violating,,,Section 8,,,,,Retention of transaction data for seven years exceeds the one-year period required by the Act.,
A,,1,TC025,Data Retention,compliant,,violating,,,9,,,,,The text does not retain personal data for the required period unless further retention is required by law.,
A,,1,TC026,Security,violating,Rule 6,violating,,,Section 5,,,,,"The text stores sensitive user data (passwords and credit card details) in plain text, which is not compliant with the DPDP Act 2023.",
A,,1,TC027,Security,violating,Rule 6,violating,,,6,,,,,"The text indicates that the database is publicly accessible via an unsecured API endpoint, which does not meet the requirement for reasonable security safeguards as per Section 6.",
A,,1,TC028,Security,compliant,,compliant,,,,,,,,The text describes security measures that comply with the DPDP Act 2023.,
A,,1,TC029,Security,compliant,,compliant,,,,,,,,The text describes protective measures and does not indicate any unlawful data collection or processing.,
A,,1,TC030,Breach Notification,violating,Rule 7,violating,,,Section 8,,,,,The text does not inform the affected Data Principals or the Data Protection Board within the required timeframe.,
A,,1,TC031,Breach Notification,violating,Rule 7,violating,,,Section 13,,,,,"The text indicates a delay in notifying users, which violates the requirement to inform within 72 hours of becoming aware of the breach.",
A,,1,TC032,Breach Notification,compliant,,compliant,,,,,,,,The text complies with the notification requirements within the stipulated timeframes.,
A,,1,TC033,Grievance Redressal,violating,Rule 9,violating,,,Transparency and Accountability Measures,,,,,The text does not provide a point of contact for questions relating to personal data.,
A,,1,TC034,Grievance Redressal,violating,Rule 9,violating,,,Section 30,,,,,"The text does not allow digital communications for data protection matters, contradicting the requirement for a digital grievance redressal system.",
A,,1,TC035,Grievance Redressal,compliant,,compliant,,,,,,,,"The text provides a point of contact for questions relating to personal data and acknowledges grievances within a timeframe, which is compliant.",
A,,1,TC036,Grievance Redressal,compliant,,compliant,,,,,,,,The text provides a contact point for queries and complaints and mentions a response time within the legal framework.,
A,,1,TC037,Data Principal Rights,violating,Section 14,violating,,,Section 8,,,,,The system response denies the request to correct personal data without providing an alternative method for the user to exercise their right to correction.,
A,,1,TC038,Data Principal Rights,violating,Section 14,compliant,,,,,,,,"The text does not indicate any unlawful provision of personal data copies, which is compliant.",
A,,1,TC039,Data Principal Rights,compliant,,compliant,,,90,,,,,The text complies with the requirement to address requests within 90 days.,
A,,1,TC040,Data Principal Rights,compliant,,violating,,,9,,,,,The text does not specify a minimum retention period of one year and does not mention the required actions for compliance with other laws.,
A,,1,TC041,Children's Data,violating,Section 9,violating,,,11,,,,,The text lacks a mechanism for obtaining verifiable consent from a parent or lawful guardian as required by Section 11(1).,
A,,1,TC042,Children's Data,violating,Section 9,violating,,,1038/1/2025-CLandES,,,,,Processing personal data for targeted advertising without explicit consent from the child or guardian.,
A,,1,TC043,Children's Data,violating,Rule 10,compliant,,,,,,,,"The text requests parental authorization and uses DigiLocker for verification, aligning with the specified procedures.",
A,,1,TC044,Children's Data,violating,Section 9,violating,,,Section 7,,,,,Selling behavioural profiles of child users violates the prohibition on tracking or behavioural monitoring and targeted advertising directed at children.,
A,,1,TC045,Children's Data,compliant,,compliant,,,,,,,,"The text describes a process for obtaining verifiable consent from a parent or guardian, which is compliant with the specified sections.",
A,,1,TC046,Children's Data,compliant,,compliant,,,,,,,,"The text does not serve advertisements to users under 18 and uses children's data solely for educational services, which is compliant with the provisions.",
A,,1,TC047,Cross-Border Transfer,violating,Section 15,violating,,,Section 7,,,,,"The text does not provide clear, informed, and easy-to-understand consent mechanisms as required by the DPDP Act 2023.",
A,,1,TC048,Cross-Border Transfer,violating,Section 15,violating,,,15,,,,,The text states a transfer of personal data outside India without specifying compliance with the requirements set by the Central Government.,
A,,1,TC049,Cross-Border Transfer,compliant,,compliant,,,,,,,,The text complies with the restrictions on transferring personal data outside India as per Section 16 of the DPDP Act 2023.,
A,,1,TC050,Cross-Border Transfer,compliant,,compliant,,,,,,,,The text complies with the requirements for transferring personal data outside India as specified in Section 16 of the DPDP Act 2023.,
A,,1,TC051,Purpose Limitation,violating,Section 6,violating,,,null,,,,,The text does not provide explicit consent mechanisms for the use of phone numbers beyond two-factor authentication.,
A,,1,TC052,Purpose Limitation,violating,Section 6,violating,,,null,,,,,"The text indicates that personal data is shared for a purpose not explicitly consented by the individual, which is selling the data to insurance companies.",
A,,1,TC053,Purpose Limitation,compliant,,compliant,,,,,,,,The text does not explicitly state a violation of DPDP requirements.,
A,,1,TC054,Purpose Limitation,compliant,,compliant,,,,,,,,The text specifies the purposes for which the email address is used and states that marketing emails require separate explicit consent.,
A,,1,TC055,SDF Obligations,violating,Rule 13,violating,,,Section 7(1),,,,,"The text states that the Significant Data Fiduciary has not conducted a Data Protection Impact Assessment in the last 24 months, which is a violation of the requirement to undertake such an assessment annually.",
A,,1,TC056,SDF Obligations,violating,Rule 13,violating,,,Section 7,,,,,"The text indicates that the systems processing personal data have not been audited, which may pose a risk to data principal rights as per Section 7.",
A,,1,TC057,SDF Obligations,compliant,,compliant,,,,,,,,The text states that the Significant Data Fiduciary conducts annual Data Protection Impact Assessments and independent audits as required by the Act.,
A,,1,TC058,Consent Manager,violating,Rule 4,violating,,,1. The applicant is a company incorporated in India.,,,,,"The text states that the Consent Manager platform is operated by a company incorporated in Singapore, violating the requirement for Indian incorporation as per Section 1.",
A,,1,TC059,Consent Manager,compliant,,compliant,,,,,,,,"The text states that the Consent Manager is registered with the Data Protection Board and maintains an interoperable platform, which aligns with the requirements.",
A,,1,TC060,Lawful Processing,compliant,,compliant,,,,,,,,The text clearly states the purpose of processing personal data under the Employment Purposes provision of the DPDP Act.,
A,,1,TC061,Lawful Processing,compliant,,compliant,,,,,,,,The text does not explicitly mention unlawful data collection or processing without consent mechanisms.,
A,,1,TC062,Lawful Processing,violating,Section 7,violating,,,6(1),,,,,"The text states processing personal data without consent, which is not lawful under Section 6(1).",
A,,1,TC063,Lawful Processing,violating,Section 6,violating,,,7,,,,,"The text does not specify the purposes of processing personal data, violating Section 7.",
A,,1,TC064,Data Processor,violating,Rule 6,violating,,,Section 6,,,,,"The text indicates the data processor does not have a contractual obligation to maintain security safeguards, which is a violation of Section 6.",
A,,1,TC065,Data Processor,compliant,,compliant,,,,,,,,"The text states that data processors are contractually bound to maintain security standards and are prohibited from processing data beyond instructions, which is compliant with the Act.",
A,,1,TC066,Notice,violating,Rule 3,violating,,,null,,,,,The text does not provide the Data Principal the option to access the notice in English or any other language as required by Section 5(3) of the DPDP Act.,
A,,1,TC067,Notice,violating,Rule 3,violating,,,Section 3(a),,,,,"The consent notice is bundled with other terms and conditions, not presented independently.",
A,,1,TC068,Notice,compliant,,compliant,,,,,,,,"The text clearly explains what data is collected, for what purpose, and how to withdraw consent, which aligns with the requirements of Section 3(3) and 4(4) of the DPDP Act 2023.",
A,,1,TC069,Notice,compliant,,compliant,,,,,,,,"The text does not indicate any unlawful collection or handling of data, and the consent notice is presented separately from other terms and conditions.",
A,,1,TC070,Nomination Rights,violating,Section 14,violating,,,14,,,,,"The text does not allow users to nominate another person, contradicting Section 14(1) which grants this right.",
A,,1,TC071,Nomination Rights,compliant,,compliant,,,,,,,,"The text does not explicitly mention the processing of personal data of a child or a person with a disability, nor does it indicate any non-compliance with the consent mechanisms.",
A,,1,TC072,Data Sharing / Disclosure,violating,Section 6,violating,,,null,,,,,"The text indicates selling anonymised user behaviour profiles, which suggests data sharing without explicit consent mechanisms.",
A,,1,TC073,Data Sharing / Disclosure,compliant,,compliant,,,,,,,,The text does not indicate any unlawful sharing of personal data and complies with the conditions for research as per Section 16.,
A,,1,TC074,Data Sharing / Disclosure,violating,Section 6,violating,,,Section 7,,,,,The text does not obtain separate consent for sharing personal data with each group company.,
A,,1,TC075,Transparency,violating,Section 14,violating,,,Section 7(c),,,,,"The text does not inform users about the personal data held, its usage, or sharing, which is required by the Right to Know How Data is Used.",
A,,1,TC076,Transparency,compliant,,compliant,,,,,,,,"The text provides a summary of personal data held, the purpose of processing, and a list of third parties, which aligns with the requirements.",
A,,1,TC077,Automated Decisions,violating,Section 6,violating,,,null,,,,,"The text does not provide any mechanism for individuals to access, correct, update, or erase their personal data, nor does it allow for a right of appeal, which is a violation of the DPDP Act 2023.",
A,,1,TC078,Automated Decisions,compliant,,compliant,,,,,,,,"The text mentions a right to human review and contesting outcomes, which is not explicitly required by the provided DPDP sections.",
A,,1,TC079,Exemptions,violating,Section 7,violating,,,9,,,,,"The text claims to retain user data indefinitely without consent, which violates the requirement for obtaining verifiable consent for processing personal data of a child (Section 9).",
A,,1,TC080,Exemptions,compliant,,compliant,,,,,,,,The text does not indicate any unlawful data processing or non-compliance with the specified conditions for data deletion.,
A,,1,TC081,Consent,compliant,,compliant,,,,,,,,"The text provides clear options for the user to consent and withdraw consent, and the purpose of data processing is lawful (receipt and newsletters).",
A,,1,TC082,Consent,violating,Section 6,violating,,,Section 4,,,,,"The text pre-ticks marketing consent boxes without explicit user action, violating informed consent requirements.",
A,,1,TC083,Consent,violating,Section 6,violating,,,Section 3,,,,,The text does not provide clear and plain language for consent requests and does not give the option to access the request in English or any other specified language.,
A,,1,TC084,State Processing,compliant,,compliant,,,,,,,,"The text describes lawful processing of personal data for the purpose of delivering subsidies, which is compliant with the DPDP Act 2023.",
A,,1,TC085,State Processing,violating,Section 7,violating,,,14,,,,,"The text indicates sharing citizen data for commercial use, which is not a lawful purpose under the Act.",
A,,1,TC086,Healthcare,violating,Section 6,violating,,,Section 7,,,,,"The text indicates sharing of personal data (patient medical records) without patient consent, which is a violation of the Right to Give or Refuse Consent.",
A,,1,TC087,Healthcare,compliant,,compliant,,,,,,,,The text clearly states that patient health data is processed solely for healthcare services and not shared without explicit consent.,
A,,1,TC088,Financial,compliant,,compliant,,,,,,,,"The text states that the data is not used for any other purpose, which is compliant.",
A,,1,TC089,Financial,violating,Section 6,violating,,,Section 7,,,,,The text indicates sharing of personal data without consent.,
A,,1,TC090,Response Time,compliant,,violating,,,Section 9,,,,,The text does not specify a 90-day response period as required by the DPDP Act.,
A,,1,TC091,Response Time,violating,Rule 14,violating,,,Mandatory Response within Ninety Days,,,,,"The text allows for a response period of 180 days, which exceeds the mandated 90-day limit and does not require providing reasons for denial.",
A,,1,TC092,Profiling / Behavioral Advertising,violating,Section 6,violating,,,Section 7,,,,,The text does not obtain explicit and informed consent from users before building detailed behavioural profiles.,
A,,1,TC093,Profiling / Behavioral Advertising,compliant,,compliant,,,,,,,,"The text does not explicitly mention the collection or processing of personal data for individual profiling, which is not flagged as a violation.",
A,,1,TC094,Employee Data,violating,Section 6,violating,,,6,,,,,The text does not inform employees about the processing of their personal data and does not obtain their consent.,
A,,1,TC095,Employee Data,compliant,,compliant,,,,,,,,The text does not explicitly state any unlawful processing of personal data.,
A,,1,TC096,Edge Case Compliant,compliant,,compliant,,,,,,,,The text does not explicitly violate any DPDP sections as it mentions data deletion within a specified timeframe.,
A,,1,TC097,Edge Case Compliant,compliant,,compliant,,,,,,,,"The text describes logging for security purposes only, which is compliant.",
A,,1,TC098,Edge Case Compliant,compliant,,compliant,,,,,,,,"The text does not indicate any unlawful data collection or sharing, and the data is deleted as stated.",
A,,1,TC099,Edge Case Compliant,compliant,,compliant,,,,,,,,The text complies with the lawful purpose of legal compliance and mentions retention for a specified period.,
A,,1,TC100,Edge Case Compliant,compliant,,compliant,,,,,,,,The text describes a lawful purpose (fraud detection) and outlines steps to ensure data is handled appropriately.,
A,,1,TC101,Data Minimisation,compliant,,compliant,,,,,,,,"The text describes a privacy by design process and conducting a Data Privacy Impact Assessment, which are compliant practices.",
A,,1,TC102,Data Minimisation,violating,Section 8,violating,,,7,,,,,"The text does not conduct a privacy impact assessment or involve the privacy function, which are required under Section 7.",
A,,1,TC103,Data Sharing / Disclosure,compliant,,compliant,,,,,,,,"The text describes contractual obligations for vendors and cloud service providers, which is a lawful purpose under the Act.",
A,,1,TC104,Data Sharing / Disclosure,violating,Section 8,violating,,,Section 9(4),,,,,The company has not implemented appropriate technical and organisational measures to ensure effective observance of the provisions of the Act.,
A,,1,TC105,Breach Notification,compliant,,compliant,,,,,,,,"The text describes processes for detecting, assessing, containing, and managing data privacy incidents, and timely notification to affected data subjects and supervisory authorities.",
A,,1,TC106,Breach Notification,violating,Rule 7,violating,,,Section 7,,,,,The text does not report the breach to the Board within 72 hours as required.,
A,,1,TC107,Data Principal Rights,compliant,,compliant,,,,,,,,"The text describes the establishment of tools and processes for handling data subject rights requests within stipulated timelines, which is compliant.",
A,,1,TC108,Data Principal Rights,violating,Section 12,violating,,,Right to Correct Personal Data,,,,,The text indicates that the company did not respond to the customer's request for correction within the required ninety days.,
A,,1,TC109,Governance / Accountability,compliant,,compliant,,,,,,,,"The text describes layered oversight and independent audits, which are compliant with the rules.",
A,,1,TC110,Governance / Accountability,violating,Section 8,violating,,,6,,,,,"The text indicates the absence of a Data Fiduciary or equivalent role, which is required under Section 6 for implementing reasonable security safeguards.",
A,,1,TC111,Breach Notification,compliant,,compliant,,,,,,,,The text does not explicitly state that the notification was made within 72 hours or through the registered mode of communication.,
A,,1,TC112,Governance / Accountability,violating,Section 8,violating,,,,,,,,The text does not provide for mandatory data privacy training or annual awareness programs for employees handling client PII.,
A,,1,TC113,Consent,compliant,,compliant,,,,,,,,The text explicitly states that consent is obtained in accordance with the DPDPA requirements.,
A,,1,TC114,Consent,violating,Section 6,violating,,,Section 5,,,,,"The text indicates that consent was not obtained through an affirmative action by the user, which is required by Section 5(1) of the DPDP Act 2023.",
A,,1,TC115,Grievance Redressal,violating,Section 13,violating,,,Section 7,,,,,"The text does not provide a named Grievance Officer or a published contact channel for privacy complaints, which are required for compliance with Section 7.",
A,,1,TC116,Grievance Redressal,compliant,,compliant,,,,,,,,The text does not explicitly state a violation of DPDP Act 2023 requirements.,
A,,1,TC117,Children's Data,compliant,,compliant,,,,,,,,The text complies with the specified provisions by obtaining verifiable consent and not engaging in tracking or targeted advertising.,
A,,1,TC118,Children's Data,violating,Section 9,violating,,,5,,,,,Processing personal data for targeted advertising directed at a child without parental consent.,
A,,1,TC119,Consent,compliant,,compliant,,,,,,,,"The text requires obtaining consent before submitting contact details, which aligns with the requirement for verifiable consent.",
A,,1,TC120,Consent,violating,Section 6,violating,,,Section 7,,,,,The text implies that data is auto-selected for sharing without explicit consent from the user.,
A,,1,TC121,Data Minimisation,compliant,,violating,,,Section 7(e),,,,,The text does not provide an itemised description of the personal data and the purpose of its processing.,
A,,1,TC122,Data Minimisation,violating,Section 4,violating,,,Section 4,,,,,"The text requests multiple sensitive personal data points (Aadhaar number, PAN, driving licence, and vehicle insurance details) for a one-time event, which is not a lawful purpose under the DPDP Act 2023.",
A,,1,TC123,Breach Notification,compliant,,compliant,,,,,,,,The text describes a lawful and compliant incident response plan.,
A,,1,TC124,Breach Notification,violating,Rule 7,compliant,,,,,,,,"The text does not indicate a need to inform anyone or log the incident as a Personal Data Breach, thus no violation of notification requirements.",
A,,1,TC125,Data Retention,compliant,,compliant,,,,,,,,"The text states that personal data is retained only for the duration of engagement and thereafter for compliance with applicable law, and is securely deleted.",
A,,1,TC126,Data Retention,violating,Section 8,violating,,,Section 9,,,,,"The text does not cite a retention schedule or legal basis for retaining the data, which is required under Section 9.",
A,,1,TC127,Data Principal Rights,compliant,,violating,,,Section 9,,,,,The response time of 30 days exceeds the 90-day limit specified in Section 9.,
A,,1,TC128,Data Principal Rights,violating,Section 12,violating,,,12,,,,,"The company does not process correction requests, violating the Data Principal's right to correction of personal data.",
A,,1,TC129,Grievance Redressal,compliant,,compliant,,,,,,,,The text does not explicitly state a violation of DPDP Act 2023 requirements.,
A,,1,TC130,Grievance Redressal,violating,Section 13,violating,,,null,,,,,"The text does not provide a defined grievance mechanism as required by the DPDP Act 2023, specifically lacking a response timeline, escalation path, and information on approaching the Data Protection Board of India.",
A,,1,TC131,Consent,compliant,,compliant,,,,,,,,The text clearly states the specific purpose of data collection and that separate consent has been obtained.,
A,,1,TC132,Consent,violating,Section 6,violating,,,7(e),,,,,The text does not require specific and informed consent for the processing of special categories of personal data.,
A,,1,TC133,Breach Notification,compliant,,compliant,,,,,,,,"The text states a commitment to notify affected users, which aligns with the required notification obligations.",
A,,1,TC134,Breach Notification,violating,Rule 7,violating,,,Section 8,,,,,No notification was sent to users or the Data Protection Board within 72 hours of becoming aware of the breach.,
A,,1,TC135,Data Retention,compliant,,compliant,,,,,,,,The text aligns with the lawful purposes and retention requirements as specified in the DPDP Act 2023.,
A,,1,TC136,Data Retention,violating,Section 8,violating,,,7,,,,,"Data is still being actively used for ad targeting without periodic review, deletion, or anonymization, violating the lawful purpose of the data.",
A,,1,TC137,Data Principal Rights,compliant,,compliant,,,,,,,,The text demonstrates compliance by logging the request for processing.,
A,,1,TC138,Data Principal Rights,violating,Section 12,violating,,,Section 9,,,,,"The text does not allow for the erasure of personal data upon request, contradicting the requirement to erase data after the specified purpose is served.",
A,,1,TC139,Grievance Redressal,compliant,,compliant,,,,,,,,"The text does not explicitly mention the collection of personal data or any actions that would require compliance under DPDP Act 2023, specifically Sections 37 and 29.",
A,,1,TC140,Grievance Redressal,violating,Section 13,violating,,,Clear Contact for Queries and Complaints,,,,,The text indicates a lack of a designated person or process for handling privacy grievances.,
A,,1,TC141,Consent,compliant,,compliant,,,,,,,,The text describes a process that aligns with the requirements for consent management as per the given sections.,
A,,1,TC142,Consent,violating,Section 6,violating,,,Section 7,,,,,"The text does not provide a mechanism for the Data Principal to withdraw consent, which is required by Section 7(5).",
A,,1,TC143,Breach Notification,compliant,,compliant,,,,,,,,"The text does not explicitly mention reporting to the Data Protection Board or affected individuals as required by DPDP Act, 2023.",
A,,1,TC144,Breach Notification,violating,Rule 7,violating,,,Section 8,,,,,"The text delays informing the Data Protection Board, which is required within seventy-two hours of becoming aware of the breach.",
A,,1,TC145,Data Retention,compliant,,compliant,,,,,,,,The text does not explicitly state a violation of the DPDP sections provided.,
A,,1,TC146,Data Retention,violating,Section 8,violating,,,9,,,,,The text does not retain data for a specified lawful purpose and does not erase data after the specified period.,
A,,1,TC147,Data Principal Rights,compliant,,compliant,,,,,,,,"The text does not explicitly mention data sharing or processing, and thus does not indicate a violation of the specified sections.",
A,,1,TC148,Data Principal Rights,violating,Section 12,violating,,,9,,,,,"The text states that data will be retained forever regardless of applicable law, violating the requirement to erase data after the specified period.",
A,,1,TC149,Children's Data,compliant,,compliant,,,,,,,,"The text mentions an age-confirmation checkbox, which aligns with the requirement to ensure the individual is an adult.",
A,,1,TC150,Grievance Redressal,compliant,,compliant,,,,,,,,"The text describes a process for escalating complaints, which is compliant with the DPDP Act 2023.",
A,,1,TC151,Grievance Redressal,violating,Section 13,violating,,,null,,,,,"The text does not provide a process for complaints, which is required under the DPDP Act 2023.",
A,,1,TC152,Consent,compliant,,compliant,,,,,,,,The text does not explicitly state a violation of DPDP Act 2023 requirements.,
A,,1,TC153,Consent,violating,Section 6,violating,,,7,,,,,"The text indicates that customers must accept a single bundled 'master consent' without negotiation, which does not allow Data Principals to give, manage, review, or withdraw their consent as required by Section 7.",
A,,1,TC154,Sensitive Data,compliant,,compliant,,,,,,,,The text does not explicitly mention the absence of a consent management platform or mechanisms.,
A,,1,TC155,Data Retention,violating,Section 8,violating,,,9,,,,,"The text states that personal data is retained indefinitely, which is longer than the one-year period required by the Act.",
A,,1,TC156,Breach Notification,compliant,,compliant,,,,,,,,"The text does not explicitly state the notification content or the exact timeline, but it aligns with the required notification.",
A,,1,TC157,Data Principal Rights,violating,Section 12,violating,,,Right to Correct Personal Data,,,,,"The customer's request for correction was ignored for four months without acknowledgment, violating the right to correction within ninety days.",
A,,1,TC158,Sensitive Data,compliant,,compliant,,,,,,,,The text does not share data with third parties without explicit consent.,
A,,1,TC159,Consent,violating,Section 6,violating,,,6,,,,,The text indicates that MedCare shares patients' data without obtaining specific consent for this use.,
A,,1,TC160,Breach Notification,violating,Rule 7,violating,,,7,,,,,The text does not indicate that the Data Fiduciary intimated the affected Data Principals within the required timeframe or through the required channels.,
A,,1,TC161,Children's Data,compliant,,compliant,,,,,,,,"The text requires verifiable consent from a parent or guardian for processing the minor's health data, which aligns with the relevant sections.",
A,,1,TC162,Data Retention,compliant,,compliant,,,,,,,,"The text describes lawful retention and secure purging of data for a mandated period, which is compliant.",
A,,1,TC163,Grievance Redressal,violating,Section 13,violating,,,2,,,,,"The text indicates that patients cannot file complaints, which invalidates part of their consent.",
A,,1,TC164,Data Minimisation,compliant,,compliant,,,,,,,,The text does not indicate any unlawful data collection or processing beyond what is necessary for order fulfillment.,
A,,1,TC165,Data Minimisation,violating,Section 4,violating,,,6,,,,,"Collecting unnecessary personal data such as date of birth, gender, income bracket, and marital status for a single order placement.",
A,,1,TC166,Profiling / Behavioral Advertising,violating,Section 6,violating,,,Section 7,,,,,"The text does not provide specific and informed consent, including an itemised description of personal data and the purpose of processing.",
A,,1,TC167,Data Sharing / Disclosure,compliant,,compliant,,,,,,,,The text describes a lawful purpose for data sharing and protective measures against misuse.,
A,,1,TC168,Data Principal Rights,compliant,,compliant,,,,,,,,"The text describes lawful actions for data subjects to view, download, and request deletion of their order history and saved addresses, which is compliant with the DPDP Act 2023.",
A,,1,TC169,Cross-Border Transfer,violating,Section 16,violating,,,15,,,,,No data transfer agreement and no assessment of the overseas country's data protection standards are mentioned.,
A,,1,TC170,Children's Data,compliant,,compliant,,,,,,,,The text describes a lawful process for obtaining verifiable consent before creating a learning profile for students under 18.,
A,,1,TC171,Children's Data,violating,Section 9,violating,,,5,,,,,No parental consent is obtained for processing personal data.,
A,,1,TC172,Consent,compliant,,compliant,,,,,,,,The text explicitly requests explicit opt-in consent and explains the use of the data.,
A,,1,TC173,Data Retention,violating,Section 8,violating,,,9,,,,,"The text indicates that data is stored indefinitely, which does not comply with the requirement to erase data after one year unless further retention is required by law.",
A,,1,TC174,Grievance Redressal,compliant,,compliant,,,,,,,,"The text mentions a dedicated email address for grievances and a response time, which aligns with the requirement for a point of contact for queries and complaints.",
A,,1,TC175,Data Minimisation,violating,Section 4,violating,,,6,,,,,"The text requires permanent access to contacts and call logs, which are not necessary for the specified purpose of browsing flight prices.",
A,,1,TC176,Consent,compliant,,violating,,,,,,,,"The text does not explicitly mention obtaining separate opt-in for sharing passport and visa details, which is required under the DPDP Act 2023.",
A,,1,TC177,Breach Notification,compliant,,compliant,,,,,,,,The text does not explicitly state that the Data Fiduciary provided the required details as per Section 7(1) and 7(2) of the DPDP Act 2023.,
A,,1,TC178,Cross-Border Transfer,compliant,,compliant,,,,,,,,The text describes lawful data sharing under signed agreements with equivalent safeguards.,
A,,1,TC179,Data Principal Rights,violating,Section 11,violating,,,Section 7,,,,,"The text indicates a refusal to disclose information about shared data, contrary to the right to access personal data.",
A,,1,TC180,Data Minimisation,compliant,,compliant,,,,,,,,"The text does not explicitly mention processing personal data for subsidies, benefits, services, certificates, licenses, or permits, nor does it indicate any unlawful data collection.",
A,,1,TC181,Consent,violating,Section 6,violating,,,null,,,,,The text indicates that data is shared without the explicit consent of the Data Principal.,
A,,1,TC182,Data Retention,compliant,,compliant,,,,,,,,"The text states that records are retained for the duration of the supply relationship plus the period required by tax and agricultural regulations, which aligns with lawful purposes.",
A,,1,TC183,Grievance Redressal,violating,Section 13,violating,,,Section 3(a),,,,,The text does not provide any means for farmers to make a request for the exercise of their rights.,
A,,1,TC184,Data Minimisation,compliant,,compliant,,,,,,,,The text only describes the data collected for a specific purpose and does not indicate any unlawful collection or processing.,
A,,1,TC185,Profiling / Behavioral Advertising,violating,Section 6,violating,,,7,,,,,"The text indicates that CityCab uses rider data without consent for purposes not explicitly stated, which is a violation of Section 7.",
A,,1,TC186,Breach Notification,violating,Rule 7,violating,,,hin Ninety Days,,,,,The text states that CityCab did not inform affected riders or the Data Protection Board about the breach.,
A,,1,TC187,Data Principal Rights,compliant,,compliant,,,,,,,,"The text does not explicitly mention the collection or processing of personal data without consent, nor does it indicate any non-compliance with the specified requirements.",
A,,1,TC188,Consent,compliant,,compliant,,,,,,,,The text explicitly states that consent is obtained and provides an opt-out option.,
A,,1,TC189,Data Sharing / Disclosure,violating,Section 8,violating,,,null,,,,,"The text states that StreamFlix shares subscribers' data with unrelated third-party data brokers without any contract governing their use, which is a violation of data protection principles.",
A,,1,TC190,Children's Data,compliant,,compliant,,,,,,,,"The text does not explicitly state that the parent's consent is obtained, but it does not violate any specific sections mentioned.",
A,,1,TC191,Grievance Redressal,compliant,,compliant,,,,,,,,The text does not explicitly state a violation of DPDP Act 2023 requirements.,
A,,1,TC192,Data Minimisation,violating,Section 4,violating,,,7,,,,,"The text describes continuous recording and storage of audio and video beyond the necessary scope, which is not compliant with the lawful purpose of monitoring a customer's own doorstep.",
A,,1,TC193,Breach Notification,compliant,,violating,,,2(2),,,,,The text does not mention providing the required details to the Data Principal as per the section.,
A,,1,TC194,Consent,violating,Section 6,violating,,,7,,,,,The text does not obtain explicit consent from customers before storing their footage on remote servers.,
A,,1,TC195,Data Principal Rights,compliant,,compliant,,,,,,,,The text does not explicitly state a violation of DPDP requirements.,
A,,1,TC196,Data Minimisation,compliant,,compliant,,,,,,,,"The text only mentions collecting necessary documents for identity verification and payout processing, which is compliant.",
A,,1,TC197,Data Sharing / Disclosure,violating,Section 8,violating,,,37,,,,,"The text indicates that QuickBite shares delivery partners' personal data (phone numbers and addresses) with unrelated firms without informing them, which could lead to blocking access to their information if it's deemed necessary for the general public.",
A,,1,TC198,Governance / Accountability,compliant,,compliant,,,,,,,,"The text does not explicitly state that QuickBite is a Significant Data Fiduciary, and the described actions are in line with the requirements.",
A,,1,TC199,Data Principal Rights,violating,Section 11,compliant,,,,,,,,The text does not explicitly state or imply an unlawful request for consent or data access.,
A,,1,TC200,Consent,compliant,,compliant,,,,,,,,The text describes a lawful request for consent and clear explanation of data use.,
BC,0.5,1,TC001,Consent,violating,Section 6,,violating,compliant,Section 8,,8,False,"By completing this form, individuals affirm their alignment with the Company's Standard Operating Procedures and tacitly authorize the sharing of anonymized usage patterns with strategic business partners for promotional alignment purposes.",The text explicitly authorizes sharing of personal data (anonymized usage patterns) for promotional purposes without explicit consent from the individuals.,"The text describes a situation where individuals authorize the sharing of anonymized usage patterns, which is not explicitly prohibited by the DPDP Act 2023 or DPDP Rules 2025, provided that the anonymization process is robust and the purpose is clearly communicated."
BC,0.5,1,TC002,Consent,violating,Section 6,,violating,violating,7(e),7(e),9,False,"Your purchase history may be processed for targeted advertising purposes, in alignment with our broader business objectives and interests.",The text does not provide an itemised description of the personal data and the specific purpose of its processing.,"The text lacks an itemised description of the personal data and the specific purpose of its processing, as required by Section 7(e)."
BC,0.5,1,TC003,Consent,violating,Section 6,,violating,violating,9(a),9(a),9,False,Your ongoing engagement with this application is deemed to imply consent to all specified data management practices outlined in our comprehensive Terms and Conditions document.,"The text implies consent without explicit mechanisms for Data Principals to give, manage, review, and withdraw consent.","The text implies consent without providing Data Principals with the ability to manage, review, and withdraw their consent, which violates the requirement for clear and explicit consent mechanisms as per Section 9(a) of the DPDP Rules 2025."
BC,0.5,1,TC004,Consent,violating,Section 6,,violating,violating,Section 7,Section 7,9,False,"Personal data may be disclosed to third parties following account creation, subject to withdrawal of consent within 24 hours of account establishment.",The text allows for personal data to be disclosed to third parties following account creation without clear consent mechanisms as required by the DPDP Act 2023.,"The text implies that personal data can be disclosed to third parties without clear consent mechanisms, which violates the DPDP Act 2023 by not requiring valid consent for such disclosures."
BC,0.5,1,TC005,Consent,violating,Section 6,,violating,violating,Section 7(e),Section 7(e),9,False,"By downloading our app, users are provided with the option to consent to the sharing of their location data with our advertising partners for enhanced service personalization.",The text does not provide an itemised description of the personal data and the specific purpose of its processing.,"The text does not provide an itemised description of the personal data and the specific purpose of its processing, which is required by Section 7(e)."
BC,0.5,1,TC006,Consent,compliant,,,compliant,compliant,,,10,False,We gather your email address exclusively for the purpose of facilitating your order confirmation. We provide options for you to manage your preferences and unsubscribe from further communications through your account settings.,The text provides a lawful purpose for data processing and offers options for the Data Principal to manage and withdraw consent.,"The text describes a lawful purpose for data processing and offers options for the Data Principal to manage and withdraw consent, which aligns with DPDP provisions."
BC,0.5,1,TC007,Consent,compliant,,,compliant,compliant,,,10,False,"Prior to the collection of any personal data, we will provide you with a comprehensive disclosure document that outlines the nature of the data to be collected, the rationale for its collection, and the mechanisms available for you to revoke consent at any point in time.","The text provides a comprehensive disclosure and outlines mechanisms for revoking consent, aligning with the requirements.","The text aligns with the DPDP Act 2023 by providing a comprehensive disclosure and mechanisms for revoking consent, which are in line with the requirements for informed and clear consent."
BC,0.5,1,TC008,Consent,compliant,,,compliant,compliant,,Section 4,9,False,You have the option to revoke your consent for promotional communications at any time through the unsubscribe process. The revocation is generally effective within 24 hours.,"The text provides an option for revoking consent for promotional communications, which is compliant with the DPDP Act 2023.","The text allows for the revocation of consent for promotional communications, which aligns with the DPDP Act 2023, specifically Section 4(4), which states that a Data Principal has the right to withdraw consent at any time with the ease comparable to the ease of giving consent."
BC,0.5,1,TC009,Data Minimisation,violating,Section 4,,violating,compliant,28,,7,False,"To register for our online chess tournament, participants are requested to share their full name, contact email, and maternal surname. For tournament administration purposes, precise geographic coordinates and blood type will be collected on a voluntary basis.","The text collects precise geographic coordinates and blood type without explicit, specific, and informed consent.","The text does not explicitly state that precise geographic coordinates and blood type will be collected, only that they will be collected on a voluntary basis. This does not necessarily violate the DPDP Act 2023 or DPDP Rules 2025 as long as the collection is voluntary and the consent is specific and informed."
BC,0.5,1,TC010,Data Minimisation,violating,Section 4,,violating,violating,6,6,9,False,"To utilize our enhanced functionality calculator app, it may be necessary for us to request access to your device's microphone and contact list. Should you choose not to provide this access, certain features of the app may not be available to you.","The text does not specify that the consent is free, specific, informed, unconditional, and unambiguous, and it does not limit the consent to necessary personal data.","The text does not specify that the consent is free, specific, informed, unconditional, and unambiguous, and it does not limit the consent to necessary personal data, which is a violation of Section 6(1) of the DPDP Act 2023."
BC,0.5,1,TC011,Data Minimisation,violating,Section 4,,violating,violating,4,,8,False,"Your real-time location is passively monitored by our food delivery application, both when the application is open and in the background.",Real-time location is monitored beyond the extent necessary for the safety and protection of a child.,"The monitoring of real-time location is not restricted to the extent necessary for the safety and protection of a child, as the text does not specify that the individual is a child, and the monitoring is described for a general food delivery application."
BC,0.5,1,TC012,Data Minimisation,violating,Section 4,,compliant,violating,,Section 7,8,False,"To establish a library membership, we may require documentation that includes your unique member identifier, financial account information, professional background, and personal status.",The text does not explicitly mention unlawful data collection or processing without consent.,"The text requests a broad range of personal data, including financial and professional details, which may exceed the minimum necessary for establishing a library membership."
BC,0.5,1,TC013,Data Minimisation,compliant,,,compliant,compliant,,Section 6,7,False,"Our mobility solution gathers essential data points, including geographical coordinates, predominantly during operational sessions. Access protocols are designed to be inactive outside of active service engagements.","The text does not explicitly mention data collection, processing, or sharing outside India, nor does it indicate any unlawful data collection or sharing.","The text does not explicitly state that personal data is processed, shared, or collected outside India or without valid consent. However, it does not explicitly state that consent is obtained for the specific purposes of data processing, which could be a violation under Section 6(1)."
BC,0.5,1,TC014,Data Minimisation,compliant,,,violating,violating,7(e),7(e),9,False,"We may gather certain details, including your name and email address, for account creation purposes. Additional personal information could be requested in the future, though this is not currently necessary.",The text does not provide an itemised description of the personal data and the purpose of its processing.,"The text does not provide an itemised description of the personal data and the purpose of its processing, which is required by Section 7(e)."
BC,0.5,1,TC015,Sensitive Data,violating,Section 4,,compliant,compliant,,,10,False,Please provide your enrolment identifier and biometric authentication to gain access to the premises.,The text does not mention the processing of personal data of a child or obtaining verifiable consent from a parent.,"The text does not describe processing personal data of a child or obtaining verifiable consent from a parent, hence it does not violate the specific DPDP provision mentioned."
BC,0.5,1,TC016,Sensitive Data,violating,Section 4,,violating,violating,7(e),7(e),9,False,Facial recognition data is collected to enhance personalisation and product recommendations for our esteemed customers.,The text does not provide an itemised description of the personal data and the specific purpose of its processing.,"The text lacks an itemised description of the personal data and the specific purpose of its processing, as required by DPDP Section 7(e)."
BC,0.5,1,TC017,Sensitive Data,violating,Section 6,,violating,violating,7,7,9,False,Fingerprint data collected for attendance purposes may also be shared with our corporate affiliates for the purposes of enhanced identity verification services.,The text explicitly states sharing of personal data (fingerprint data) without specifying consent mechanisms.,"The text describes sharing personal data (fingerprint data) without specifying the consent mechanisms or lawful basis for the sharing, which is a violation under Section 7 of the DPDP Act 2023."
BC,0.5,1,TC018,Consent Withdrawal,violating,Rule 3,,violating,compliant,Section 3,Section 3,9,False,"You may revoke your consent for data processing at any time by submitting a formal, certified request to our global compliance office. Please ensure your request is received at our principal office in Iceland. Processing of such requests will be completed within ninety business days.",The text does not provide the option to access the request in English or any language specified in the Eighth Schedule to the Constitution.,"The text provides a method for revoking consent and outlines a timeframe for processing requests, which is in line with the DPDP Act 2023 and Rules 2025, specifically Section 3(4)."
BC,0.5,1,TC019,Consent Withdrawal,violating,Rule 3,,compliant,compliant,,Right to Erase Personal Data,8,False,"To request exclusion from data processing activities, individuals are required to contact our dedicated verification line during designated hours, specifically from 9:00 AM to 11:00 AM on Tuesdays, and successfully complete the necessary verification procedure, which typically lasts 30 minutes.",The text does not address the right to erasure or any other DPDP rights explicitly.,"The text describes a process for requesting exclusion, which aligns with the right to erasure but does not explicitly state that the data will be erased or that the request will be acted upon within the required timeframe."
BC,0.5,1,TC020,Consent Withdrawal,violating,Rule 3,,compliant,violating,,Section 3(i),7,False,A fee of Rs. 500 may be invoiced to facilitate the processing of your consent withdrawal request.,The text does not explicitly state that the fee is unlawful or that it affects the withdrawal process in a non-compliant manner.,"The text does not explicitly state that the fee is unlawful or that it affects the withdrawal process in a non-compliant manner, but it does not provide sufficient information to ensure that the fee does not bundle or obstruct the withdrawal of consent."
BC,0.5,1,TC021,Consent Withdrawal,compliant,,,compliant,compliant,,,10,False,"The option to revoke consent is available within the Application Settings, although the exact process and timeline for such actions are subject to our standard operating procedures.","The text mentions the availability of the option to revoke consent but does not specify the exact process or timeline, which is compliant as long as it aligns with standard operating procedures.","The text mentions the availability of the option to revoke consent, which aligns with the DPDP Act 2023, but it does not specify the exact process or timeline, which is compliant as long as it aligns with standard operating procedures."
BC,0.5,1,TC022,Data Retention,violating,Section 8,,violating,violating,Section 7,Section 7,9,False,"We may continue to retain your personal data for an indefinite period on our servers to enhance the ongoing development and improvement of our artificial intelligence models, subject to applicable legal requirements.","The text does not specify an end date for data retention, which is contrary to the requirement to erase data upon completion of the specified purpose or after one year, whichever is earlier.","The text describes retaining personal data indefinitely for AI model development, which violates the requirement to erase data upon completion of the specified purpose or after one year, whichever is earlier."
BC,0.5,1,TC023,Data Retention,violating,Section 8,,violating,violating,Section 8,Section 8,9,False,User data will continue to be preserved throughout the operational lifecycle of the organization for the purposes of comprehensive analysis and enhancing product offerings.,Data is retained beyond the prescribed period for purposes not specified in the Seventh Schedule.,"The text describes retaining data for unspecified purposes beyond a prescribed period, which violates the DPDP Act 2023 by not aligning with the specified purposes in the Seventh Schedule."
BC,0.5,1,TC024,Data Retention,compliant,,,compliant,compliant,,,8,False,"We maintain a comprehensive data retention policy aligned with regulatory requirements, including the Income Tax Act, 1961, for specific data types. Other personal information is managed in accordance with internal guidelines, generally deleted within 30 days post-account termination.","The text aligns with the retention requirements for specific data types as per the Income Tax Act, 1961, and generally complies with internal guidelines for other personal information, which is deleted within 30 days post-account termination.","The text describes a data retention policy that aligns with specific regulatory requirements and internal guidelines, which generally complies with the DPDP Act 2023 and Rules 2025, particularly regarding the deletion of personal data within 30 days post-account termination."
BC,0.5,1,TC025,Data Retention,compliant,,,compliant,violating,,Section 8,8,False,"Your personal delivery address and contact information will be processed and subsequently managed in accordance with our standard data lifecycle policies, which include periodic review and deletion. You will be notified prior to any such actions being taken.",The text does not explicitly state that data will be retained beyond the specified purpose and does not indicate non-compliance with the DPDP Act 2023.,"The text does not explicitly state that data will be retained beyond the specified purpose, but it does not provide a clear timeframe for deletion, which could imply indefinite retention."
BC,0.5,1,TC026,Security,violating,Rule 6,,violating,violating,7,7,10,False,We maintain user password and credit card detail records in a clear-text spreadsheet format to facilitate efficient access by our customer support personnel.,"The text explicitly states that user password and credit card details are stored in clear-text, which is not compliant with DPDP Act 2023 requirements.",Storing user passwords and credit card details in clear-text violates DPDP Act 2023 requirements for data security and protection.
BC,0.5,1,TC027,Security,violating,Rule 6,,compliant,compliant,,,8,False,"Access to the database housing 2 million user records is provided through an API endpoint for the facilitation of developer convenience, ensuring secure and controlled data interaction.",The text does not explicitly state a violation of DPDP Act 2023 requirements.,"The text describes providing secure and controlled access to a database, which does not inherently violate DPDP provisions."
BC,0.5,1,TC028,Security,compliant,,,compliant,compliant,,6,10,False,"We employ robust encryption methodologies for personal data, both at rest and in transit, to ensure maximum security. Access to such data is strictly controlled and limited to designated personnel.","The text describes the implementation of encryption and access control, which are reasonable security safeguards as per Section 6(1)(a) and (b) of the DPDP Act 2023.","The text describes the implementation of encryption and access control, which are reasonable security safeguards as per Section 6(1)(a) and (b) of the DPDP Act 2023."
BC,0.5,1,TC029,Security,compliant,,,compliant,compliant,,6,9,False,"All personal data is safeguarded within systems that adhere to recognized security standards, featuring role-based access controls and ongoing monitoring mechanisms to ensure compliance.","The text describes adherence to security standards and monitoring mechanisms, which are compliant with DPDP Act 2023 requirements.","The text describes adherence to security standards and monitoring mechanisms, which align with DPDP Act 2023 requirements for reasonable security safeguards."
BC,0.5,1,TC030,Breach Notification,violating,Rule 7,,compliant,violating,,e,8,False,"Internal Communication: A recent incident has brought to our attention potential data access anomalies affecting a subset of user records. Appropriate measures are being implemented to address the situation, with a focus on ensuring ongoing system integrity. Notification protocols are currently under review to align with internal best practices.","The text does not explicitly mention logs, monitoring, or review for unauthorized access detection, nor does it indicate a timeframe for addressing data access anomalies.","The text does not explicitly mention logs, monitoring, or review for unauthorized access detection, nor does it indicate a timeframe for addressing data access anomalies, which are required by DPDP Rules 2025."
BC,0.5,1,TC031,Breach Notification,violating,Rule 7,,violating,compliant,7,,9,False,We identified a potential discrepancy 6 days ago and are currently in the process of evaluating the implications before determining the appropriate course of action to inform our stakeholders.,The text does not indicate that the breach was reported within 72 hours as required by Section 7.,"The text does not indicate a personal data breach, nor does it mention processing personal data in a manner that violates the DPDP Act 2023 or DPDP Rules 2025."
BC,0.5,1,TC032,Breach Notification,compliant,,,compliant,compliant,,Section 12(1)(b),9,False,We identified a potential data incident that may have impacted user contact information. We promptly reported this matter to the relevant regulatory body and are in the process of communicating with affected parties in accordance with our standard protocol.,The text does not explicitly state that the Data Fiduciary has informed affected individuals without delay.,"The text indicates that the Data Fiduciary has reported the incident to the regulatory body and is in the process of communicating with affected parties, which aligns with the requirement to inform affected individuals without delay."
BC,0.5,1,TC033,Grievance Redressal,violating,Rule 9,,compliant,compliant,,,8,False,"If concerns regarding privacy arise, they should be shared through our designated feedback portal. It is important to note that we currently do not have a specific role assigned to handle such matters directly.","The text does not explicitly mention data processing or consent mechanisms, hence no violation.","While the text does not explicitly mention data processing or consent mechanisms, it does not describe any practices that violate DPDP provisions related to data processing, consent, or rights of data principals."
BC,0.5,1,TC034,Grievance Redressal,violating,Rule 9,,compliant,compliant,,,8,False,"Privacy inquiries are to be submitted through designated secure channels, as per our established procedures. We kindly request that all communications related to data protection be directed accordingly.",The text does not explicitly mention consent mechanisms or security safeguards.,"The text does not describe any processing, sharing, or collection of personal data, nor does it mention consent mechanisms or security safeguards in a way that would violate DPDP provisions."
BC,0.5,1,TC035,Grievance Redressal,compliant,,,compliant,compliant,,Clear Contact for Queries and Complaints,10,False,"Our designated Data Protection Compliance Officer can be contacted at dpc@ourorganisation.com. We ensure prompt acknowledgment of all concerns within 48 hours, with subsequent resolution processes managed within a defined timeframe.","The text provides a point of contact for questions relating to personal data and ensures prompt acknowledgment of concerns, which is compliant.","The text describes providing a point of contact and prompt acknowledgment of concerns, which aligns with the DPDP Rules requirement for a point of contact for queries and complaints."
BC,0.5,1,TC036,Grievance Redressal,compliant,,,compliant,compliant,,Transparency and Accountability Measures,10,False,Engage our designated Compliance Liaison at compliance.grievance@company.in or via our dedicated hotline 1800-XXX-XXXX. We are committed to addressing all data protection inquiries and complaints in accordance with regulatory timelines.,The text provides clear contact information for data protection inquiries and complaints.,"The text provides clear contact information for data protection inquiries and complaints, which is a requirement under the DPDP Rules 2025."
BC,0.5,1,TC037,Data Principal Rights,violating,Section 14,,violating,compliant,Section 12,Section 12,8,False,"User Request: There appears to be an inconsistency with my recorded surname. System Response: Following our standard procedures, we are unable to make amendments to recorded data for compliance reasons. Your request is being referred to our Data Integrity Review Committee for further consideration.",The text does not allow for the correction of personal data as required by Section 12.,"While the text does not explicitly state that the correction will be made immediately, it does refer the request to a committee for further consideration, which aligns with the DPDP Act's requirement to address requests within a reasonable time frame."
BC,0.5,1,TC038,Data Principal Rights,violating,Section 14,,compliant,violating,,Section 6,8,False,"Personal data access requests are managed through our proprietary data governance framework, which restricts the extraction or export of user information.","The text does not explicitly restrict the use or disclosure of data, only the extraction or export.","While the text does not explicitly state that data is processed without valid consent, it implies a restrictive approach that could potentially obstruct data principal rights, such as access, without clear justification."
BC,0.5,1,TC039,Data Principal Rights,compliant,,,compliant,compliant,,,10,False,"Requests for access to or deletion of personal data are managed in accordance with the stipulated timeframe as per the DPDP Act, ensuring timely compliance. For submission, please utilize the designated portal within your account management system.",The text does not explicitly state any non-compliance with the DPDP Act.,"The text ensures timely compliance with requests for access and deletion, which aligns with the DPDP Act's provisions for data principal rights."
BC,0.5,1,TC040,Data Principal Rights,compliant,,,compliant,compliant,,,10,False,"Requests for access to and erasure of personal data associated with your account can be submitted through the dedicated Data Management section. Processing timelines for such requests are generally aligned with regulatory standards, ensuring timely and efficient compliance.",The text does not explicitly state a violation of DPDP requirements.,The text aligns with the DPDP requirements by mentioning the ability to request access and erasure of personal data and aligning processing timelines with regulatory standards.
BC,0.5,1,TC041,Children's Data,violating,Section 9,,violating,compliant,Section 11,Section 11,9,False,"Is it confirmed that the individual is 18 years of age or older? If not, please indicate that parental consent has been obtained and is on file for the creation of this account and the sharing of location information with other players.",The text does not explicitly confirm the individual's age or the presence of parental consent as required by Section 11.,"The text prompts for confirmation of age or parental consent, which aligns with the requirement to check the individual's age or obtain parental consent as per Section 11 of the DPDP Act 2023."
BC,0.5,1,TC042,Children's Data,violating,Section 9,,compliant,compliant,,,8,False,"Based on the engagement observed within the Kids Math Games segment, these advertisements have been tailored to align with your interests.","The text does not mention processing personal data for providing subsidies, benefits, services, or real-time location tracking of a child, nor does it indicate any processing that is not restricted to lawful purposes.","The practice described involves tailoring advertisements based on user engagement, which does not inherently violate the DPDP provisions related to processing personal data for providing subsidies, benefits, services, or real-time location tracking of a child. However, it could potentially involve processing personal data without valid consent if not done lawfully."
BC,0.5,1,TC043,Children's Data,violating,Rule 10,,compliant,compliant,,,8,False,"Given that the individual is below the age of 18, it is necessary to obtain authorization from a parent or guardian for this account. Kindly provide the email address associated with the guardian's account, so that a verification request can be initiated through DigiLocker.","The text does not explicitly violate any DPDP sections as it requests the guardian's email for verification through DigiLocker, which is a protective measure.","The text does not explicitly violate any DPDP provisions as it requests the guardian's email for verification through DigiLocker, which is a protective measure."
BC,0.5,1,TC044,Children's Data,violating,Section 9,,violating,violating,7,7,8,False,We provide anonymized insights derived from user interactions to partnering organizations engaged in educational technology for the purpose of enhancing product development initiatives.,The text does not mention obtaining specific and informed consent from users for the processing of their personal data.,"The text does not explicitly state that personal data is processed without consent, but it implies that user data is used without clear consent details, which could violate Section 7's requirement for specific and informed consent."
BC,0.5,1,TC045,Children's Data,compliant,,,compliant,compliant,,Section 11,9,False,"For users under 18, we ensure verifiable consent from a parent or guardian through our integrated verification system prior to account creation or data processing.","The text ensures verifiable consent from a parent or guardian through an integrated verification system, which aligns with the requirements.","The text aligns with the DPDP Rules 2025 by ensuring verifiable consent from a parent or guardian through an integrated verification system, which is in line with the requirements for processing personal data of children."
BC,0.5,1,TC046,Children's Data,compliant,,,compliant,compliant,,"Section 5, Section 6",9,False,Our organization ensures that no advertisements are served to users below the age of 18. Data related to minors is exclusively utilized for enhancing educational service delivery.,"The text does not explicitly serve advertisements to users below the age of 18 and restricts data use to educational service delivery, which is a lawful purpose.","The practice complies with the restrictions on processing personal data of children and the use of such data for lawful purposes, as per DPDP Sections 5 and 6."
BC,0.5,1,TC047,Cross-Border Transfer,violating,Section 15,,violating,violating,7,7,8,False,"By engaging this service, individuals are deemed to have tacitly agreed to the handling and retention of their personal information within the jurisdiction of [Country X, recognized for its robust data management practices].",The text does not inform the individuals about the specific means to make a request for exercising their rights under the DPDP Act 2023.,"The text describes a situation where individuals are deemed to have tacitly agreed to the handling and retention of their personal information, which could imply pre-ticked or bundled consent, violating the DPDP Act 2023."
BC,0.5,1,TC048,Cross-Border Transfer,violating,Section 15,,violating,violating,4,4,9,False,"User data is transferred to the servers of our parent entity in a jurisdiction not publicly disclosed, in accordance with established corporate policies.","The text indicates that user data is transferred outside India, which is not allowed without specific restrictions as per Section 4.","The text indicates that user data is transferred outside India, which is not allowed without specific restrictions as per Section 4."
BC,0.5,1,TC049,Cross-Border Transfer,compliant,,,compliant,compliant,,16,10,False,All personal data is maintained in data centers situated within the jurisdiction of India. There is no transfer of personal data outside the boundaries of India.,The text complies with the restrictions on transferring personal data outside India as per Section 16 of the DPDP Act 2023.,The text complies with the restrictions on transferring personal data outside India as per Section 16 of the DPDP Act 2023.
BC,0.5,1,TC050,Cross-Border Transfer,compliant,,,compliant,compliant,,16,10,False,"In accordance with our established protocols, the transfer of personal data outside India is conducted exclusively to jurisdictions deemed compliant by the Central Government, adhering to the relevant transfer frameworks and standards.",The text adheres to the requirements set by the Central Government for transferring personal data outside India.,"The text describes adherence to the Central Government's requirements for transferring personal data outside India, which is in line with DPDP Section 16."
BC,0.5,1,TC051,Purpose Limitation,violating,Section 6,,violating,violating,7,24,8,False,Thank you for providing your phone number for enhanced security purposes. This number may also be utilized to deliver daily promotional text messages on behalf of our valued sponsors.,"The text does not provide the Data Principal with the option to withdraw consent for promotional messages, which is required under Section 7.","The text implies that the phone number is collected for multiple purposes, including promotional messages, which could be considered collecting more personal data than necessary for the stated purpose of enhanced security."
BC,0.5,1,TC052,Purpose Limitation,violating,Section 6,,violating,compliant,Section 11,,7,False,"The health data provided to our fitness application may be utilized for analysis purposes, which could influence the determination of premium rates by insurance companies.","The text does not inform the user about the purpose of data processing and does not provide a clear, informed, and easy-to-understand consent mechanism.","The text does not explicitly state that the data is shared with insurance companies or that the user is informed about this specific purpose. However, it does not inherently violate the DPDP Act 2023 or DPDP Rules 2025 as long as the user is informed about the general purpose and can provide consent."
BC,0.5,1,TC053,Purpose Limitation,compliant,,,compliant,compliant,,,10,False,The utilization of location data gathered during the delivery process is strictly confined to the optimization of rider dispatch and real-time delivery notifications. Such data is scheduled for deactivation and removal upon successful delivery confirmation.,The text does not explicitly state a violation of DPDP requirements.,"The text describes a lawful practice where location data is used for specific purposes and is scheduled for removal after the purpose is served, which aligns with DPDP requirements."
BC,0.5,1,TC054,Purpose Limitation,compliant,,,compliant,compliant,,Section 6,9,False,"We utilize your email address exclusively for the purpose of issuing order confirmations and delivering critical security alerts. The utilization of this address for any other communications, including but not limited to marketing initiatives, is strictly prohibited without your separate and explicit consent.","The text clearly states the exclusive use of the email address for order confirmations and security alerts, and prohibits other communications without separate and explicit consent.","The text complies with the requirement for specific and informed consent for processing personal data, as it clearly outlines the purpose and prohibits other uses without explicit consent."
BC,0.5,1,TC055,SDF Obligations,violating,Rule 13,,violating,violating,Fiduciary Section 11(1),Fiduciary Section 11(1),9,False,"A Data Protection Impact Assessment has not been performed within the past 24 months, although the organization has maintained a policy of conducting such assessments on an annual basis.","The text indicates that a Data Protection Impact Assessment has not been performed within the past 24 months, which violates the requirement to conduct such assessments annually.","The text describes a violation of the requirement to conduct a Data Protection Impact Assessment annually, as mandated by Section 11(1) of the DPDP Rules 2025."
BC,0.5,1,TC056,SDF Obligations,violating,Rule 13,,violating,compliant,15,,8,False,Regular assessments of the data processing systems impacting more than 10 crore user profiles have not been conducted to ensure compliance with data principal rights as per the DPDP Act 2023.,"The text indicates a failure to conduct regular assessments, which is a duty of the Data Principal under Section 15(e) of the DPDP Act 2023.","The text does not describe processing, sharing, selling, or disclosing personal data without valid consent or another lawful basis; it only mentions a failure to conduct regular assessments, which is a duty of the Data Principal, not a violation."
BC,0.5,1,TC057,SDF Obligations,compliant,,,compliant,compliant,,Section 11,10,False,"As a Strategic Data Custodian, we undertake comprehensive Data Risk Evaluations on an annual basis, supplemented by third-party verifications. Findings are submitted to the Data Governance Oversight Committee.","The text describes a comprehensive Data Risk Evaluation and third-party verifications, which align with the requirements for Significant Data Fiduciaries under Section 11.","The text describes a comprehensive Data Risk Evaluation and third-party verifications, which align with the requirements for Significant Data Fiduciaries under Section 11 of the DPDP Act 2023."
BC,0.5,1,TC058,Consent Manager,violating,Rule 4,,violating,compliant,13,,8,False,Our Consent Manager platform is managed by an entity registered in accordance with local business practices and does not explicitly satisfy the specified jurisdictional incorporation criteria.,"The text indicates that the Consent Manager platform is managed by an entity not registered in accordance with the specified jurisdictional incorporation criteria, which is a violation of Section 13.","The text does not describe any processing, sharing, or handling of personal data, nor does it indicate a violation of data protection standards or obligations. It only states that the entity managing the platform is not registered as per specified criteria, which is not a data protection violation but a registration requirement."
BC,0.5,1,TC059,Consent Manager,compliant,,,compliant,compliant,,,10,False,"The Consent Management Solution leverages registration with the Data Protection Board, an entity based in India, to facilitate an interoperable framework for consent management.",The text does not explicitly state non-compliance with any DPDP section.,"The text describes lawful practice by ensuring registration with the Data Protection Board, which is a requirement for Consent Managers under the DPDP Rules."
BC,0.5,1,TC060,Lawful Processing,compliant,,,compliant,compliant,,Section 7(1)(a),10,False,"To facilitate your employment payroll processing, we will require your banking information and personal identification details. This data handling is conducted in accordance with the Employment Purposes clause of the DPDP Act.",The text complies with the lawful purpose for employment as stated in the DPDP Act.,"The text describes a lawful purpose for processing personal data, specifically for employment payroll processing, which is permitted under the DPDP Act."
BC,0.5,1,TC061,Lawful Processing,compliant,,,compliant,compliant,,,10,False,"We leverage your unique identifier for the purpose of authentication in accordance with regulatory standards, to ensure compliance and secure onboarding processes.","The text does not explicitly mention the grievance redressal system or consent nomination, which are the relevant sections.","The text describes a lawful practice of using unique identifiers for authentication purposes, which is consistent with regulatory standards and does not involve processing personal data beyond the stated purpose."
BC,0.5,1,TC062,Lawful Processing,violating,Section 7,,violating,compliant,5,6(1),8,False,"Medical records are processed under the auspices of the state health scheme as per governmental directives, with the objective of ensuring optimal health outcomes, though individual consent is not explicitly sought in this process.","The text does not explicitly seek individual consent, which is required under Section 6(1).","The text does not explicitly seek individual consent, but it does not describe processing personal data without a lawful basis. The practice is not described as violating the specific requirement for consent under Section 6(1)."
BC,0.5,1,TC063,Lawful Processing,violating,Section 6,,violating,violating,Section 7,Section 7,9,False,"We process your personal data for additional, as yet undefined, purposes that we deem to be in your best interest.",Processing personal data for undefined purposes without specific and informed consent.,Processing personal data for undefined purposes without specific and informed consent violates Section 7 of the DPDP Act 2023.
BC,0.5,1,TC064,Data Processor,violating,Rule 6,,violating,compliant,Section 6,Section 6,8,False,"Security safeguards for user data are maintained by our third-party data processor, although no specific contractual obligation exists for this responsibility.",No specific contractual obligation exists for the Data Fiduciary to ensure security safeguards through the third-party data processor.,"While the text mentions that no specific contractual obligation exists, it does not describe a violation as long as reasonable security safeguards are being maintained by the third-party processor."
BC,0.5,1,TC065,Data Processor,compliant,,,compliant,violating,,Section 9(1)(a) and 11(1)(b),8,False,All data processors are expected to adhere to security protocols aligned with our standards and are restricted from undertaking data processing outside the specified parameters.,The text does not explicitly state a lack of consent mechanisms or unlawful data processing outside specified parameters.,"The text does not explicitly state a lack of consent mechanisms or unlawful data processing outside specified parameters, but it does not ensure that data processing is carried out in a lawful manner or for the specified purposes, which are key requirements under DPDP."
BC,0.5,1,TC066,Notice,violating,Rule 3,,compliant,compliant,,,8,False,"Our privacy policy, which is intended to ensure comprehensive legal compliance, is provided exclusively in English and is designed to be accessible through our dedicated legal advisory service. We believe this approach aligns with the principles of clear and understandable communication as required by the DPDP Act 2023.",The text does not explicitly mention any violation of DPDP Act 2023 requirements.,"This practice does not violate the DPDP Act 2023 or DPDP Rules 2025 as it aligns with the requirement for clear and understandable communication, even though it is limited to English."
BC,0.5,1,TC067,Notice,violating,Rule 3,,violating,compliant,9(a),,8,False,We present the collection of data as part of a comprehensive suite of 15 user agreement options on the registration interface.,"The text does not mention any independent certification of the platform to enable Data Principals to give, manage, review, and withdraw consent.","The text does not describe processing, sharing, selling, or disclosing personal data without valid consent or another lawful basis. It only mentions the collection of data as part of user agreements, which is a lawful practice."
BC,0.5,1,TC068,Notice,compliant,,,compliant,compliant,,Section 9 and Rule 3(2)(b),9,False,"Prior to data acquisition, a distinct, standalone consent notification is provided, delineating the specific data points collected, their intended use, and the procedures for revoking consent.",The text describes a compliant process for providing consent notifications.,The practice described aligns with the requirements for providing specific and informed consent as per DPDP Rules 3(2)(b) and 9.
BC,0.5,1,TC069,Notice,compliant,,,compliant,compliant,,,10,False,"The consent notice is distinctly provided, separate from other contractual agreements, and is accessible in multiple languages including Hindi, Tamil, Bengali, and English, to ensure comprehensive understanding across diverse linguistic groups.","The text ensures the consent notice is provided distinctly and in multiple languages, facilitating understanding.","The text describes a practice that ensures the consent notice is provided distinctly and in multiple languages, which aligns with the DPDP Rules requirement for clear and easy-to-understand consent notices."
BC,0.5,1,TC070,Nomination Rights,violating,Section 14,,violating,compliant,14,14,9,False,Such arrangements for the delegation of data rights exercises are not facilitated by our organization under any circumstances.,"The text does not facilitate the exercise of Data Principals' rights, contrary to Section 14(1) and (2) which require Data Fiduciaries to publish rights and respond to grievances.","The text states that the organization does not facilitate the delegation of data rights exercises, which complies with the requirement to publish rights and respond to grievances under Section 14(1) and (2) of the DPDP Act 2023."
BC,0.5,1,TC071,Nomination Rights,compliant,,,compliant,compliant,,,10,False,You have the option to designate a verified representative to facilitate the processing of your DPDP entitlements via the Designation module within your administrative profile.,"The text allows for the designation of a representative to process DPDP entitlements, which is compliant with the Act.","This practice allows for the designation of a representative, which is a lawful provision under the DPDP Act 2023 and Rules 2025, as it aligns with the rights of the Data Principal to nominate individuals for exercising their rights."
BC,0.5,1,TC072,Data Sharing / Disclosure,violating,Section 6,,violating,compliant,Section 7,,8,False,Anonymised user behaviour insights are provided to authorised external partners for utilisation in commercial analytics initiatives.,"The text does not explicitly mention obtaining consent for the processing of personal data, which is required under Section 7 of the DPDP Act.","The practice of providing anonymised user behaviour insights to authorised external partners for commercial analytics does not explicitly violate the DPDP Act or Rules if it is based on valid consent or another lawful basis, such as a legitimate interest, and the data is anonymised to protect privacy."
BC,0.5,1,TC073,Data Sharing / Disclosure,compliant,,,compliant,compliant,,,9,False,"We collaborate with various academic partners to facilitate the exchange of aggregated, anonymized data insights. These interactions are designed to support research initiatives while ensuring that no personally identifiable information is transmitted.","The text does not explicitly mention data collection or processing without consent, and it describes the lawful use of aggregated, anonymized data.","The practice described is consistent with lawful processing of anonymized data for research, provided that the data was originally collected with appropriate consent and the anonymization process is robust."
BC,0.5,1,TC074,Data Sharing / Disclosure,violating,Section 6,,violating,violating,Section 7,Section 7,8,False,"We may share your personal data with affiliated entities to facilitate comprehensive offerings, provided such actions align with our broader service objectives and applicable legal frameworks.","The text does not specify an itemised description of the personal data or the specific purposes of processing, as required by Section 7.","The text does not specify an itemised description of the personal data or the specific purposes of processing, as required by Section 7(e)."
BC,0.5,1,TC075,Transparency,violating,Section 14,,violating,compliant,7(e),,8,False,"Personal data held by us is not disclosed to users in terms of specific details regarding its utilization or third-party disclosures, in accordance with our internal data handling protocols and user communication guidelines.","The text does not provide specific details regarding the utilization or third-party disclosures of personal data, which is required by Section 7(e).","The text does not describe disclosing personal data without valid consent or another lawful basis, nor does it imply bundling consent or collecting more data than necessary. It aligns with internal protocols and guidelines, which are not inherently violations."
BC,0.5,1,TC076,Transparency,compliant,,,compliant,compliant,,,8,False,"In response to inquiries, our organization offers comprehensive summaries of the personal data held, the rationale for its processing, and a roster of external entities with which such data has been shared, ensuring alignment with established protocols.",The text does not explicitly state non-compliance with any DPDP Act 2023 provisions.,"The text describes providing summaries and rationale for data processing and sharing, which aligns with transparency requirements but does not explicitly state compliance with specific DPDP provisions."
BC,0.5,1,TC077,Automated Decisions,violating,Section 6,,violating,compliant,Section 10,,8,False,"Personal data evaluations are conducted to automatically determine loan eligibility, with no individualized human intervention or provision for personal appeal processes.",Lacks individualized human intervention and appeal processes for loan eligibility determination.,"The practice does not involve processing personal data without a lawful basis or obstructing data principal rights, as it is part of an automated loan eligibility determination process."
BC,0.5,1,TC078,Automated Decisions,compliant,,,compliant,compliant,,6(2)(ii),9,False,"Where automated processing may have a significant impact on your operational outcomes, you have the right to request a human-led review of the decision and to contest the outcome through established internal mechanisms.",The text does not explicitly mention the Board or any specific DPDP Act 2023 requirements.,"This practice aligns with the DPDP Act 2023, specifically Section 6(2)(ii), which requires the provision of information on how data principals may exercise their rights, including the right to contest decisions."
BC,0.5,1,TC079,Exemptions,violating,Section 7,,violating,violating,Section 7,Section 7,9,False,"We seek to maintain data retention for research purposes, as per our internal policies, while also ensuring alignment with our core advertising objectives, with user data processed and retained as necessary.",The text does not specify lawful purposes for data retention as required by Section 7 of the DPDP Act 2023.,"The text does not specify lawful purposes for data retention, which is a violation of Section 7 of the DPDP Act 2023."
BC,0.5,1,TC080,Exemptions,compliant,,,compliant,violating,,Section 6,8,False,"Personal data processed under the research exemption is intended for academic analysis and anonymized in publications; however, the specific measures in place to ensure de-identification and the timeline for data deletion may vary across different research projects.",The text does not explicitly state a violation of DPDP Act 2023 requirements.,"While the text mentions anonymization, it does not provide specific measures or timelines for data deletion, which could be a violation if the data is not deleted after the purpose is served."
BC,0.5,1,TC081,Consent,compliant,,,compliant,violating,,Section 6,8,False,"We may require your email address for the delivery of your receipt. Additionally, you have the option to subscribe to our periodic communications by selecting the provided checkbox. Please note that your subscription can be managed or revoked at any time.",The text does not explicitly violate any DPDP sections mentioned.,"While the text does not explicitly violate any DPDP sections mentioned, it does not provide a clear lawful basis for processing personal data beyond the delivery of a receipt, which is not a stated purpose. Additionally, the subscription option bundled with the receipt delivery could be seen as an implied consent, which is not compliant."
BC,0.5,1,TC082,Consent,violating,Section 6,,violating,violating,Section 6,Section 6,9,False,"Consent for marketing communications is generally pre-selected upon registration. In the absence of explicit action to the contrary, this selection is deemed to be in accordance with user intent.","The text implies pre-selection of marketing consent without explicit action, which is not free, specific, informed, unconditional, and unambiguous.","The practice of pre-selecting marketing consent without explicit action from the user violates the requirement for consent to be free, specific, informed, unconditional, and unambiguous."
BC,0.5,1,TC083,Consent,violating,Section 6,,violating,violating,9,9,10,False,Failure to provide consent for optional data collection may lead to the permanent deactivation of your account and associated data being archived.,"Text implies that non-consent leads to permanent deactivation and data archiving, which is not compliant with the DPDP Act 2023 as it does not provide for such actions without explicit legal requirement.","The text describes a scenario where non-consent leads to permanent deactivation and data archiving, which is not compliant with the DPDP Act 2023 as it does not provide for such actions without explicit legal requirement."
BC,0.5,1,TC084,State Processing,compliant,,,compliant,compliant,,,8,False,The organization leverages personal data to facilitate various government initiatives. Users are provided with notifications regarding data usage through the official engagement platform.,"The text does not explicitly state that users have given consent or that the organization is processing data for purposes beyond those stated, which are lawful.","The text does not explicitly state that users have given consent or that the organization is processing data for purposes beyond those stated, which are lawful."
BC,0.5,1,TC085,State Processing,violating,Section 7,,violating,violating,14,Section 6,9,False,Citizen data is shared with private sector partners for commercial purposes under a framework designed to align with public interest considerations.,"The text indicates sharing of citizen data for commercial purposes, which is not a lawful purpose under the Act.",Sharing personal data for commercial purposes without valid consent or another lawful basis is a violation of the DPDP Act 2023.
BC,0.5,1,TC086,Healthcare,violating,Section 6,,violating,compliant,7,,8,False,"Patient medical records from our hospital are occasionally reviewed by pharmaceutical companies in a collaborative effort to enhance drug development processes, as per our established protocols.",The text does not mention obtaining verifiable consent from the parent or guardian for the processing of a child's personal data.,"The text describes a collaborative effort to enhance drug development, which does not inherently involve processing personal data of children without verifiable consent, as per Section 8(1)."
BC,0.5,1,TC087,Healthcare,compliant,,,violating,compliant,Section 7,Section 7,7,False,"Patient health data is managed exclusively for healthcare delivery purposes; however, the policy regarding third-party sharing, while requiring explicit patient consent, may have ambiguities that could be exploited under certain circumstances.","The text implies that third-party sharing may have ambiguities, which could allow for consent to be exploited, violating the requirement for clear and informed consent.","The text does not explicitly state that ambiguities in the consent process are being exploited or that consent is being bundled, implied, or made a condition for unrelated purposes. It only suggests potential ambiguities that could be exploited, which is a concern but not a violation without evidence of exploitation."
BC,0.5,1,TC088,Financial,compliant,,,compliant,compliant,,,10,False,"We handle your financial and personal identification details exclusively for the purpose of payroll disbursement, in compliance with relevant employment statutes. It is important to note that this data is safeguarded for the aforementioned purpose and not utilized elsewhere.",The text specifies the lawful purpose of handling personal data for payroll disbursement and states that the data is not utilized elsewhere.,"The text specifies a lawful purpose for handling personal data and ensures the data is not utilized elsewhere, which complies with the DPDP Act 2023 and DPDP Rules 2025."
BC,0.5,1,TC089,Financial,violating,Section 6,,violating,compliant,Section 7,,8,False,"Your financial transaction data may be reviewed and shared with authorized third parties, including credit bureaus, marketing agencies, and data brokers, for the purpose of enhancing our services and ensuring the security and integrity of your account, as per our data sharing policy.",The text explicitly states that personal data may be shared with third parties without clear indication of lawful purpose or consent mechanism.,"The text describes sharing personal data for specific purposes (enhancing services and ensuring account security), which aligns with lawful practice under the DPDP Act 2023, provided there is valid consent or another lawful basis."
BC,0.5,1,TC090,Response Time,compliant,,,compliant,compliant,,Section 11,9,False,"To inquire about accessing or rectifying your data, please utilize the Data Request Portal. The Data Compliance Committee will review your request within the stipulated timeframe.","The text mentions a Data Request Portal and a review process within a stipulated timeframe, which aligns with the right to access and correct personal data.","The text describes a process for reviewing requests, which is in line with the DPDP Act's requirement for timely action on requests for access and correction of personal data."
BC,0.5,1,TC091,Response Time,violating,Rule 14,,violating,violating,Section 9,Section 9,9,False,"Data access requests are managed in accordance with our established protocols, which outline a 180-day timeframe for response at our discretion. Denial of requests may occur without specific rationale being provided.","The text outlines a 180-day timeframe for response, longer than the required 90 days, and does not provide specific rationale for denial of requests.","The text exceeds the 90-day timeframe required by DPDP Section 9 and does not provide specific rationale for denial, which is a violation."
BC,0.5,1,TC092,Profiling / Behavioral Advertising,violating,Section 6,,compliant,violating,,Section 6,8,False,"We are committed to developing comprehensive user engagement insights through the collection of anonymized data across various online platforms, with the aim of enhancing our services. This process involves the passive aggregation of user activity data using industry-standard methods, ensuring compliance with relevant privacy guidelines and regulations.",The text does not explicitly mention data collection without consent or unlawful purposes.,"While the text mentions anonymized data and compliance with privacy guidelines, it does not explicitly state the lawful basis for data collection or the specific consent obtained from users."
BC,0.5,1,TC093,Profiling / Behavioral Advertising,compliant,,,compliant,compliant,,,8,False,We leverage anonymized and aggregated data insights to enhance user engagement strategies. Individual profiling activities are strictly prohibited.,"The text does not explicitly mention data collection or processing without consent, and it prohibits individual profiling.","The text does not describe processing personal data without consent or for individual profiling, which are key concerns under DPDP provisions."
BC,0.5,1,TC094,Employee Data,violating,Section 6,,violating,violating,Section 7,Section 7(e),9,False,"Ongoing analysis of corporate communications may include data from personal devices connected to our network, without explicit notification to employees.","The text does not notify employees about the collection of their personal data for ongoing analysis, which is a violation of Section 7(e) and (f).","The text describes a practice of collecting personal data from employees' devices without explicit notification, which violates the requirement to inform data principals about the collection and processing of their personal data."
BC,0.5,1,TC095,Employee Data,compliant,,,compliant,compliant,,,10,False,Employee activity tracking is restricted to company-provided digital assets and infrastructure during official working periods. Notification of such measures is included within the comprehensive onboarding documentation.,The text does not mention any processing related to children or activities that could cause detrimental effects on a child's well-being.,"The text does not describe processing activities related to children or any practices that could cause detrimental effects on a child's well-being, nor does it involve processing personal data without valid consent or another lawful basis."
BC,0.5,1,TC096,Edge Case Compliant,compliant,,,violating,compliant,9,,8,False,"Before you proceed, please review our comprehensive Data Handling and Privacy Policy. We may collect certain personal data, including but not limited to, your delivery address and contact information, for the purpose of facilitating your order processing and delivery. The retention period for such data is subject to our internal data lifecycle management policies, which may be subject to change. For more detailed information, please refer to the full Policy document.",The text does not inform the Data Principal that such personal data shall be erased upon completion of the specified period.,"The text does not explicitly state that personal data will be erased upon completion of the specified purpose, but it does not violate the DPDP Act 2023 or DPDP Rules 2025 by failing to do so, as long as the data is eventually erased in compliance with the law or internal policies."
BC,0.5,1,TC097,Edge Case Compliant,compliant,,,compliant,compliant,,Section 6,9,False,"Our advanced security framework proactively monitors anomalous access patterns, which may result in temporary account restrictions for enhanced protection. For operational security, we document relevant data points, including but not limited to your IP address and device characteristics, on a selective basis.",The text describes security measures and documentation practices that align with the reasonable security safeguards required by DPDP.,"The text describes security measures and documentation practices that align with the reasonable security safeguards required by DPDP, as it mentions monitoring and documentation of relevant data points."
BC,0.5,1,TC098,Edge Case Compliant,compliant,,,compliant,violating,,Section 8,8,False,"We leverage your digital footprint across our platform to enhance your personalized user experience. Rest assured, this information is not disseminated externally and is purged upon your history clearance.",The text does not explicitly state any unlawful data collection or processing.,"While the text does not explicitly state any unlawful data collection or processing, it does not provide sufficient detail on the lawful basis for processing, nor does it ensure that data is retained only as long as necessary."
BC,0.5,1,TC099,Edge Case Compliant,compliant,,,compliant,compliant,,,8,False,"We maintain detailed records of all transactions for a defined period, in alignment with regulatory requirements. These records are accessed and utilized for various corporate purposes, including but not limited to, compliance verification and operational audits.",The text does not explicitly mention personal data or data retention for a period beyond lawful purposes.,"The text does not explicitly mention personal data or data retention for a period beyond lawful purposes, thus it does not violate specific DPDP provisions related to personal data retention."
BC,0.5,1,TC100,Edge Case Compliant,compliant,,,compliant,compliant,,,8,False,"For enhanced risk management, our organization employs advanced analytics to identify potential anomalies in transaction data. Upon detection, a comprehensive review process is initiated to ensure compliance, with final determinations made by designated personnel.","The text describes a process for identifying and reviewing anomalies, which does not explicitly violate any DPDP provisions.","The described practice does not explicitly violate any specific DPDP provisions as it pertains to risk management and compliance review, which are generally permissible activities."
BC,0.5,1,TC101,Data Minimisation,compliant,,,compliant,compliant,,Section 12,10,False,"Prior to the deployment of a new client-facing solution that involves the handling of personal data, the organization undertakes a Data Privacy Impact Assessment (DPIA) and implements corresponding mitigating measures as part of its commitment to 'privacy by design.'","The text describes a DPIA and mitigating measures, which align with the responsibilities of Data Fiduciaries as per the Act.","The practice described is in line with the responsibilities of Data Fiduciaries as per Section 12 of the DPDP Act 2023, which mandates DPIAs for significant data fiduciaries."
BC,0.5,1,TC102,Data Minimisation,violating,Section 8,,violating,compliant,Section 10,Section 10,8,False,"A new employee analytics solution has been implemented across the organization, designed to process various data points. This initiative includes a thorough review of associated data handling procedures and aligns with the organization's commitment to data stewardship. However, the specifics of data collection and privacy impact assessments are currently under review and will be finalized in collaboration with the dedicated privacy function.","The text does not explicitly state that a Data Protection Impact Assessment has been conducted, which is required under Section 10(1) for Significant Data Fiduciaries.","While the text does not explicitly state that a Data Protection Impact Assessment has been conducted, it indicates that such assessments are under review and will be finalized. This does not violate the requirement for Significant Data Fiduciaries to conduct a Data Protection Impact Assessment annually."
BC,0.5,1,TC103,Data Sharing / Disclosure,compliant,,,compliant,compliant,,,10,False,"The organization disseminates data protection principles to its third-party partners and cloud infrastructure providers, stipulating adherence to specified data security protocols while handling personal information on our behalf.","The text describes the organization's stipulations for third-party partners and cloud infrastructure providers, which is a protective measure.","This practice describes protective measures and stipulations for third-party partners, which is a lawful and compliant practice under the DPDP Act 2023 and Rules 2025."
BC,0.5,1,TC104,Data Sharing / Disclosure,violating,Section 8,,violating,compliant,Section 9,,8,False,"The engagement of the cloud vendor for processing customer data lacks documented privacy and security stipulations within the contractual framework. Additionally, the company has not undertaken a comprehensive review of the vendor's data storage and protection mechanisms.","The text does not ensure that the cloud vendor retains data for the required period as per the law, and there are no documented privacy and security stipulations in the contractual framework.","The text does not describe processing, sharing, selling, or disclosing personal data without valid consent or another lawful basis. It only mentions the lack of privacy and security stipulations in the contractual framework."
BC,0.5,1,TC105,Breach Notification,compliant,,,compliant,compliant,,,10,False,"The organization has established a comprehensive framework for identifying, evaluating, mitigating, and addressing data privacy events. In instances where an event is deemed significant or legally mandated, the company ensures timely communication with impacted data subjects and the pertinent regulatory bodies, adhering to established protocols.","The text describes a framework for identifying and addressing data privacy events, including communication with data subjects and regulatory bodies, which is compliant.","The text describes a framework for identifying and addressing data privacy events, including communication with data subjects and regulatory bodies, which is compliant with the DPDP Act and Rules."
BC,0.5,1,TC106,Breach Notification,violating,Rule 7,,compliant,compliant,,,10,False,"Security note: The assessment of the potential exposure of customer Personally Identifiable Information (PII) was conducted internally, and, based on an internal review, the IT team determined that no further action was required, in accordance with established internal guidelines. Notification protocols were not triggered as the matter was deemed to be within acceptable risk parameters by the IT team.","The text describes an internal assessment and determination that no further action was required, which does not indicate a violation of DPDP Act 2023 requirements.","The text does not describe processing, sharing, selling, or disclosing personal data without valid consent, nor does it indicate any obstruction or refusal of data principal rights. The internal assessment and determination that no further action was required does not violate DPDP Act 2023 or DPDP Rules 2025 provisions."
BC,0.5,1,TC107,Data Principal Rights,compliant,,,compliant,compliant,,,8,False,"The organization has implemented frameworks and methodologies to manage data subject rights inquiries, including retrieval, amendment, and deletion, in accordance with relevant data protection regulations, though specific timelines for such processes are not clearly defined.",The text does not explicitly state a violation of DPDP Act requirements.,"While the text indicates the organization has frameworks for managing data subject rights, it does not explicitly state a violation, and the absence of specific timelines does not inherently violate the DPDP Act or Rules."
BC,0.5,1,TC108,Data Principal Rights,violating,Section 12,,violating,violating,Section 9,Section 9,9,False,"The company failed to provide timely acknowledgment, tracking, or an escalation path for a customer request to amend potentially inaccurate personal information, with the relevant process remaining unresponsive for an extended period.","The company did not provide timely acknowledgment, tracking, or an escalation path for a customer request.","The text describes a failure to provide timely acknowledgment, tracking, or an escalation path, which violates the right to timely action on requests for correction of personal data under Section 9 of the DPDP Act 2023."
BC,0.5,1,TC109,Governance / Accountability,compliant,,,compliant,compliant,,,10,False,"The privacy governance structure reports directly to the Chief Legal Officer, with involvement from the Privacy Sub-council, Data Governance Council, and Risk Oversight Committee. Periodic, independent assessments are conducted to ensure the integrity of privacy safeguards.","The text describes a privacy governance structure and independent assessments, which are protective measures under the Act.","The text describes a privacy governance structure and independent assessments, which are protective measures and do not inherently violate any specific DPDP provisions."
BC,0.5,1,TC110,Governance / Accountability,violating,Section 8,,violating,compliant,null,,8,False,"A company ensures the absence of a formally designated privacy function, while board-level oversight of data protection is conducted through existing governance mechanisms. Additionally, periodic reviews of data processing activities across business units are performed as part of broader operational assessments.","The text does not ensure a formally designated privacy function, which is required under the Act.","While the text does not explicitly state the absence of a formally designated privacy function, it does not violate the DPDP Act 2023 or DPDP Rules 2025 as it mentions board-level oversight and periodic reviews, which can fulfill the requirements of a privacy function."
BC,0.5,1,TC111,Breach Notification,compliant,,,compliant,compliant,,,8,False,"During the reporting period, a single privacy incident was identified, which prompted the organization's incident response framework to be activated. While the affected user base was notified in accordance with established protocols, the process's effectiveness remains under review to ensure continuous improvement.",The text does not explicitly state that the Data Fiduciary notified affected individuals within seventy-two hours of becoming aware of the breach.,"The text does not explicitly state that the Data Fiduciary notified affected individuals within seventy-two hours of becoming aware of the breach, but it does not violate the specific DPDP provision regarding notification timing as the notification was made in accordance with established protocols."
BC,0.5,1,TC112,Governance / Accountability,violating,Section 8,,compliant,compliant,,,10,False,"Mandatory data privacy training for employees managing substantial client PII across various projects is currently under review, with an annual awareness initiative being considered to enhance data protection responsibilities.","The text does not explicitly mention data collection or processing without lawful purposes, nor does it indicate any unlawful data handling practices.","The text describes a practice of training employees to handle personal data responsibly, which is a lawful and recommended practice under the DPDP Act and Rules."
BC,0.5,1,TC113,Consent,compliant,,,compliant,compliant,,,10,False,"HMD adheres to the principle of obtaining 'your consent' as a legal ground exclusively when such consent is freely given, specifically articulated, and informed, in accordance with the stipulations of the DPDPA.",The text explicitly states adherence to obtaining consent as per DPDPA stipulations.,"The text explicitly states adherence to obtaining consent as per DPDPA stipulations, which is a lawful practice."
BC,0.5,1,TC114,Consent,violating,Section 6,,violating,violating,Section 6,Section 6,9,False,"A device manufacturer considers a user's continued use of a pre-installed app to be an implied consent under the Data Protection and Privacy Act 2023 for the processing of their location and contact data for advertising purposes, without requiring any additional affirmative action from the user.","The text implies consent is given without a clear affirmative action, which is not compliant.","The practice violates the DPDP Act 2023 as it implies consent without a clear affirmative action, which is not compliant with Section 6."
BC,0.5,1,TC115,Grievance Redressal,violating,Section 13,,violating,compliant,null,,8,False,"A company operating in India has established a process for directing privacy-related inquiries to the designated Customer Engagement Team, without specifying a dedicated Grievance Officer. All such queries are being routed through the existing customer support channels, ensuring a comprehensive and uniform response mechanism.",The text does not specify a dedicated Grievance Officer as required by the DPDP Rules.,"While the text does not specify a dedicated Grievance Officer, it does not explicitly violate the requirement by routing inquiries through existing channels, as long as these channels are capable of addressing data protection grievances."
BC,0.5,1,TC116,Grievance Redressal,compliant,,,compliant,compliant,,Section 4(1),8,False,"HMD is dedicated to addressing customer concerns within a specified timeframe, consistent with the organization's commitment to the established grievance redressal mechanisms as per the DPDPA and related guidelines.",The text does not explicitly state a timeframe exceeding 90 days or lack of appropriate technical and organizational measures.,"The text aligns with the DPDP Act's requirement to respond to grievances within a reasonable period, though it does not specify a timeframe exceeding 90 days or detail the measures taken."
BC,0.5,1,TC117,Children's Data,compliant,,,compliant,compliant,,,10,False,"HMD ensures the processing of children's personal data is conducted in compliance with regulatory standards by obtaining verifiable consent from a parent or lawful guardian. Such data is managed as sensitive personal information, and the organization does not engage in the tracking or targeted advertising of children.",The text complies with the specified provisions by obtaining verifiable consent and not engaging in tracking or targeted advertising of children.,"The text describes lawful practices, including obtaining verifiable consent and not engaging in tracking or targeted advertising of children, which comply with DPDP provisions."
BC,0.5,1,TC118,Children's Data,violating,Section 9,,violating,violating,"3, 4","3, 4",9,False,"A phone-for-kids application gathers location data and browsing activities with the aim of providing tailored advertisements, leveraging the child's email address for account creation without additional parental authentication.",Processing location data and browsing activities for tailored advertisements is not restricted to the necessary extent for the creation of a user account or the safety and protection of the child.,"The practice involves processing location data and browsing activities for tailored advertisements, which goes beyond the necessary extent for creating a user account or ensuring the child's safety and protection."
BC,0.5,1,TC119,Consent,compliant,,,compliant,compliant,,,9,False,"Prior to entering a relative's contact information as part of our vendor onboarding process, it is imperative that you ensure explicit consent has been obtained. For individuals with disabilities, where a lawful guardian is involved, verifiable consent from the guardian must also be secured.","The text does not explicitly mention processing personal data of a person with a disability or their guardian, and it does not violate the specific requirements for obtaining verifiable consent.","The text does not describe processing personal data of a person with a disability or their guardian, and it aligns with the requirement to obtain verifiable consent from a lawful guardian where applicable."
BC,0.5,1,TC120,Consent,violating,Section 6,,violating,violating,Section 7,Section 7,9,False,"The newsletter sign-up form includes an option for customers to opt-out of sharing their data with promotional partners, which is pre-ticked by default. Customers are encouraged to review and modify their preferences if they do not wish for their data to be shared for marketing purposes.","The text does not provide clear, informed, and easy-to-understand consent, and the opt-out is pre-ticked by default.","The practice of pre-ticking the opt-out box by default violates the requirement for clear, informed, and easy-to-understand consent."
BC,0.5,1,TC121,Data Minimisation,compliant,,,compliant,violating,,Section 5(e),8,False,"For visitor registration at our facility, we gather essential information, including your contact details and the purpose of your visit, to ensure secure access and compliance with operational protocols.",The text does not explicitly mention the collection of personal data without consent or specify the purpose of processing in a way that would violate the DPDP Act 2023.,"The text does not explicitly state that consent is obtained or that the purpose of processing is clearly communicated, which could be a violation of the DPDP Act 2023."
BC,0.5,1,TC122,Data Minimisation,violating,Section 4,,violating,violating,null,null,8,False,"To ensure comprehensive visitor registration, please provide your Aadhaar number, PAN, driving license, and vehicle insurance details, should you plan to participate in a one-time event. These details are not required for brief facility visits.","The text explicitly requests collection of personal data (Aadhaar number, PAN, driving license, and vehicle insurance details) without explicit consent mechanisms or lawful basis for collection.","The text requests the collection of personal data without a stated lawful basis or explicit consent mechanism, which violates the DPDP Act 2023 by not providing a valid reason for data collection."
BC,0.5,1,TC123,Breach Notification,compliant,,,compliant,compliant,,6,9,False,"Our comprehensive data security framework mandates the immediate assessment of any unauthorised access, disclosure, or loss of Personal Data, which may impact confidentiality, integrity, or availability, and necessitates communication to affected Data Principals and the Data Protection Board, in accordance with regulatory requirements.","The text describes a security framework that aligns with the requirements of the DPDP Act, including assessment and communication of data breaches.","The text describes a security framework that aligns with the requirements of the DPDP Act, including assessment and communication of data breaches, which is consistent with the provisions of Section 6 and Rule 7."
BC,0.5,1,TC124,Breach Notification,violating,Rule 7,,violating,compliant,2,2(2)(b),7,False,"IT team note: The medical enrolment records of temporary personnel, encompassing health information such as blood group, were inadvertently made accessible on an unsecured server for a period of two weeks. Given the nature of the data involved, it has been determined that internal monitoring and review are sufficient, and formal notification or logging as a Personal Data Security Incident is not required.",The text does not intimate the breach to the Board within 72 hours as required by Section 2(2)(b).,"While the text does not intimate the breach to the Board within 72 hours, it does not explicitly state that internal monitoring and review are sufficient, which could imply compliance with the requirement to mitigate risk."
BC,0.5,1,TC125,Data Retention,compliant,,,violating,violating,Section 8,Section 8,9,False,"Personal data will be retained for the duration of your engagement with Jindal Steel and a subsequent period as deemed necessary for compliance with relevant regulations, upon which time it will be managed for secure disposal.",The text does not specify a clear end period for data retention and does not mention the minimum one-year requirement for certain purposes.,"The text does not specify a clear end period for data retention, which is a violation of Section 8 of the DPDP Rules 2025, requiring a minimum one-year retention period for certain purposes."
BC,0.5,1,TC126,Data Retention,violating,Section 8,,violating,violating,9,9,9,False,"The records pertaining to former job applicants, including marksheets, health insurance IDs, and family dependent information, have been maintained for a period of eight years following the conclusion of the recruitment process, without the establishment of a specific retention schedule or referencing any applicable legal framework that justifies the continued storage.",The text does not reference any applicable legal framework that justifies the continued storage of personal data for former job applicants.,"The text describes maintaining records for a period longer than necessary without a legal basis, which violates the requirement to retain data only for the minimum period required by law."
BC,0.5,1,TC127,Data Principal Rights,compliant,,,compliant,compliant,,11,10,False,"A Data Principal has contacted the Data Protection Office seeking a comprehensive overview of the Personal Data processed pertaining to them, along with the entities identified as Data Processors with whom this data was shared. The Data Protection Office has acknowledged the request and assured a timely response within the prescribed timeframe.",The text does not indicate any non-compliance with the DPDP Act 2023 as it mentions the Data Protection Office acknowledging and responding to a request for information.,"The text describes a Data Principal exercising their right to access their personal data, which is a lawful practice under Section 11 of the DPDP Act 2023."
BC,0.5,1,TC128,Data Principal Rights,violating,Section 12,,violating,compliant,12,12,8,False,"A Data Principal Request form was received by the company seeking amendment of an alleged inaccurately recorded bank account number. In response, the organization informed that standard procedures do not accommodate direct request processing for such amendments and that the DPR form serves an informational purpose.","The text does not indicate that the Data Fiduciary corrected, completed, or updated the personal data as required by Section 12.","The text does not describe the company correcting, completing, or updating the personal data as required by Section 12, but it does not explicitly violate the section by refusing to process the request, as it informs the Data Principal of the standard procedures."
BC,0.5,1,TC129,Grievance Redressal,compliant,,,compliant,compliant,,,10,False,"If a Data Principal is dissatisfied with the DPO's response to a potential concern, they have the option to escalate the matter to the Data Protection Board of India or another body established pursuant to the DPDP Act, as outlined in the comprehensive Corporate Compliance Handbook.",The text does not explicitly state a violation of DPDP Act requirements.,"The text describes a lawful process for escalating complaints, which is consistent with the DPDP Act's provisions for grievance redressal mechanisms."
BC,0.5,1,TC130,Grievance Redressal,violating,Section 13,,violating,compliant,Section 9,,8,False,"The company's standardized communication protocol includes a universal 'Inquiry Submission' mechanism, which does not explicitly outline a dedicated response timeline, escalation procedures, or detailed guidance for engaging with the Data Protection Authority.","The text does not explicitly outline a dedicated response timeline, escalation procedures, or detailed guidance for engaging with the Data Protection Authority, which is required under Section 9.","The text does not describe processing, sharing, selling, or disclosing personal data without valid consent or another lawful basis, nor does it describe any other specific violation of DPDP provisions."
BC,0.5,1,TC131,Consent,compliant,,,violating,compliant,Section 7,Section 7,8,False,"Dabur may collect health-related data for targeted marketing initiatives, subject to your specific consent, which is distinct from your broader agreement with the Privacy Policy.","The text does not provide an itemised description of the personal data and the specific purpose of processing, as required by Section 7.","The text mentions specific consent for a particular purpose, which aligns with the requirement for clear and informed consent under Section 7, even though it does not explicitly state the itemised description of the data and the specific purpose in this excerpt."
BC,0.5,1,TC132,Consent,violating,Section 6,,violating,violating,7,7,9,False,"By accessing the Dabur website, individuals are deemed to have tacitly agreed to the collection and utilization of their demographically inferred data, including but not limited to health-related and personal characteristics, for the purpose of enhancing personalized advertising experiences, without necessitating explicit consent for such categories.",The text does not require explicit consent for the processing of personal data.,"The practice violates the DPDP Act 2023 as it implies or bundles consent, which is not in line with the requirement for specific and informed consent."
BC,0.5,1,TC133,Breach Notification,compliant,,,compliant,compliant,,,10,False,"Dabur has established a protocol for communicating with stakeholders in the aftermath of a data incident, as outlined in its comprehensive data protection framework.","The text only mentions communication protocols for stakeholders, not a violation of DPDP rules.","The text describes a communication protocol for stakeholders, which is a lawful practice and does not indicate any violation of DPDP provisions."
BC,0.5,1,TC134,Breach Notification,violating,Rule 7,,compliant,violating,,7,8,False,"IT Note: Following an internal review, it was identified that a misconfiguration in the analytics dashboard inadvertently resulted in the temporary exposure of aggregated customer engagement patterns. To ensure ongoing compliance and uphold our commitment to data security, a thorough assessment is currently being conducted. No user notification has been deemed necessary at this stage, in alignment with our standard operational procedures.",The text does not indicate a violation as it describes a misconfiguration that did not result in a personal data breach and no user notification is deemed necessary.,"While no user notification is deemed necessary at this stage, the text does not explicitly state that the misconfiguration did not result in a personal data breach. The practice of not notifying users when a breach is suspected could be a violation of the DPDP Rules 2025, as it may delay the required communication to affected persons."
BC,0.5,1,TC135,Data Retention,compliant,,,compliant,compliant,,,10,False,"Dabur asserts that personal data is retained only for the duration essential for its intended use, subject to legal mandates or for audit and compliance requirements, and undergoes periodic reviews for secure deletion or anonymization.","The text states that personal data is retained only for the duration essential for its intended use and undergoes secure deletion or anonymization, which aligns with the DPDP Act 2023 requirements.","The text describes a practice that aligns with the DPDP Act 2023 requirements, as it limits data retention to the essential duration and ensures secure deletion or anonymization."
BC,0.5,1,TC136,Data Retention,violating,Section 8,,violating,compliant,8,8,7,False,"Behavioral insights derived from historical customer interactions, including browsing and purchase patterns over the past five years, continue to be utilized for targeted advertising strategies. These insights are subject to ongoing analysis to ensure their relevance and are anonymized where appropriate, though no formal periodic review or deletion processes have been established to date.","The text does not establish formal periodic review or deletion processes for anonymized data, violating the retention and erasure requirements.","While the text does not establish formal periodic review or deletion processes, it does not explicitly state that personal data is retained indefinitely or without a lawful basis. The anonymization of data suggests a reduced risk of misuse."
BC,0.5,1,TC137,Data Principal Rights,compliant,,,compliant,compliant,,,10,False,A stakeholder inquired via corporatecontact@companyinc.com regarding access to their stored personal data and the update of an alleged outdated contact information; the inquiry has been documented for subsequent handling as per established data-subject entitlement procedures.,The text does not explicitly state that the data is shared or collected unlawfully.,"The text describes a lawful practice of responding to a data subject's request for access and correction of personal data, which is in line with the DPDP Act 2023 and Rules 2025."
BC,0.5,1,TC138,Data Principal Rights,violating,Section 12,,compliant,violating,,Section 9,8,False,"A request was received for the de-identification of profiling and purchase-history data. In accordance with established corporate policies, the retention of all profiling data remains a standard practice, and such de-identification requests are not currently supported.",The text does not explicitly state a violation of DPDP requirements.,"The practice of retaining profiling data indefinitely without a lawful basis for doing so, such as a specific purpose or consent, violates DPDP Section 9, which requires data to be retained only for as long as necessary to serve the specified purpose."
BC,0.5,1,TC139,Grievance Redressal,compliant,,,compliant,compliant,,,10,False,Privacy-related inquiries directed to privacy@corpcompliance.dabur.com are logged and managed by a dedicated compliance team in accordance with established procedures.,"The text describes a process for managing privacy-related inquiries, which is compliant.","The text describes a process for managing privacy-related inquiries, which is a lawful practice and does not violate any specific DPDP provision."
BC,0.5,1,TC140,Grievance Redressal,violating,Section 13,,compliant,compliant,,,8,False,"There has been a review to ensure all privacy grievances are appropriately addressed, though no specific individual or timeline has been formally designated for this process. Correspondences directed to the general customer-care inbox regarding data-related concerns are currently being evaluated for an enhanced response and resolution framework.",The text does not explicitly address the requirements for specific and informed consent or the need for a designated officer or Data Protection Officer as per Section 7(e) and (c).,"The text does not explicitly address the requirements for specific and informed consent or the need for a designated officer or Data Protection Officer, which are not directly violated here."
BC,0.5,1,TC141,Consent,compliant,,,compliant,compliant,,,10,False,"Before initiating ESG certification services, PEGS provides an overview of the data categories involved, the intended purposes, the nature of consent required (optional or mandatory), and the procedures for consent withdrawal, subsequently requesting explicit confirmation of your agreement.","The text describes the provision of information and explicit confirmation, which is compliant with the DPDP Act 2023.","The text describes providing necessary information and requesting explicit consent, which aligns with the DPDP Act 2023 and Rules 2025."
BC,0.5,1,TC142,Consent,violating,Section 6,,violating,violating,Section 7,Section 7,9,False,"By continuing to browse the My Estatez app, you are deemed to have provided implicit consent for the sharing of your property and identity data with selected external partners, as per our Data Sharing Policy, unless you notify us of your preference to opt out within 7 days.","The text implies implicit consent for sharing data without explicit consent, which is not compliant.","The text implies implicit consent for sharing data without explicit consent, which is not compliant with the DPDP Act 2023, as per Section 7."
BC,0.5,1,TC143,Breach Notification,compliant,,,compliant,compliant,,,8,False,"PEGS identified potential anomalies in the database handling OTP logs and device identifiers. In accordance with the prescribed protocols, the matter has been escalated for further review. Affected parties will be informed as appropriate.",The text does not indicate any explicit non-compliance with DPDP Act 2023 requirements.,"The text does not describe any processing, sharing, or disclosure of personal data without valid consent, nor does it indicate any obstruction of data principal rights. The escalation and notification practices are in line with general compliance protocols."
BC,0.5,1,TC144,Breach Notification,violating,Rule 7,,violating,violating,6,6,8,False,"Security team note: The identified server configuration discrepancy potentially exposed anonymized user financial information for a limited duration. Given the current absence of formal complaints, a decision has been made to defer notification to relevant authorities, including CERT-In and the Data Protection Board, until the comprehensive review scheduled for the upcoming quarter.",The text does not notify the Data Fiduciary of the breach within 72 hours as required by Section 6(2)(b).,"The text defers notification to relevant authorities, including the Data Protection Board, until a comprehensive review is conducted, which may exceed the 72-hour requirement of Section 6(2)(b)."
BC,0.5,1,TC145,Data Retention,compliant,,,compliant,compliant,,,8,False,"Session and device identifiers, utilized for authentication purposes, are subject to automated purging post-session, with the exception of instances where they may be retained temporarily for advanced analytics and security enhancement initiatives, as detailed in our comprehensive data retention protocol.","The text does not explicitly state a retention period that exceeds one year, nor does it mention any other law requiring longer retention.","The text does not specify a retention period exceeding one year and does not mention any other law requiring longer retention, aligning with the DPDP provisions."
BC,0.5,1,TC146,Data Retention,violating,Section 8,,violating,violating,Section 8,Section 8,9,False,"We retain all records of customer interactions, which may include personal data, for an indefinite period on our secure servers to ensure comprehensive documentation and potential future reference.","The text does not specify a lawful retention period and implies indefinite retention, which is not compliant.","The text implies indefinite retention of personal data without specifying a lawful retention period, which violates the requirement to retain data only for as long as necessary and to erase it when the purpose is served."
BC,0.5,1,TC147,Data Principal Rights,compliant,,,compliant,compliant,,,10,False,"You have the right to obtain a concise overview of the personal information that our organization, PEGS, maintains on you, encompassing the entities with which it has been processed. To facilitate this, please contact us at privacy@pegs.org.in, providing your registered account credentials for verification purposes.",The text does not explicitly request explicit and informed consent or provide the required details as per Section 7(e).,"The text does not describe processing personal data without valid consent or another lawful basis. It merely provides a way for individuals to request information about their data, which is a lawful practice."
BC,0.5,1,TC148,Data Principal Rights,violating,Section 12,,violating,violating,9,9,9,False,"The request for the erasure of personal data following account termination was acknowledged by PEGS. However, it was noted that the company's standard operating procedures do not include a mechanism for erasure requests, and data management practices are aligned with established retention policies, irrespective of any current legal considerations.","The text indicates the absence of a mechanism for handling erasure requests, which is required by Section 9.","While the company acknowledges erasure requests, the absence of a mechanism for handling these requests is a violation of Section 9, which mandates the establishment of procedures for such requests."
BC,0.5,1,TC149,Children's Data,compliant,,,compliant,compliant,,,8,False,"Our registration process for the Environmental, Social, and Governance (ESG) Certification Platform includes a detailed age-verification step to ensure compliance with relevant policies. Users are required to confirm their eligibility prior to account activation.",The text does not explicitly mention processing personal data of children or obtaining verifiable consent from parents.,"The text does not describe processing personal data of children or obtaining verifiable consent from parents, thus it does not violate the specific provisions related to children's data and parental consent."
BC,0.5,1,TC150,Grievance Redressal,compliant,,,compliant,compliant,,,10,False,"In the event that you remain dissatisfied with the Privacy Officer's response to your concern, you have the option to formally escalate the matter to the Grievance Officer. Should the issue persist, you are encouraged to submit a formal complaint to the Data Protection Authority of India for further review and resolution.","The text provides a clear pathway for escalation of concerns to higher authorities, which is compliant.","The text describes a lawful practice of providing a clear pathway for escalation of concerns to higher authorities, which aligns with the DPDP Act's requirement for grievance redressal systems."
BC,0.5,1,TC151,Grievance Redressal,violating,Section 13,,compliant,compliant,,,10,False,"PEGS has established a comprehensive support framework, directing all user inquiries and concerns to the designated support inbox, which is reviewed on a monthly basis to ensure timely and appropriate responses.","The text describes a support framework for user inquiries and concerns, which does not indicate any violation of DPDP.","The text describes a support framework for user inquiries and concerns, which does not involve processing, sharing, or otherwise handling personal data in a way that would violate DPDP provisions."
BC,0.5,1,TC152,Consent,compliant,,,compliant,compliant,,,9,False,"FinEdge's loan application form succinctly delineates the intended use of various data fields, indicates which are non-mandatory, and provides a process for withdrawing consent prior to the collection of sensitive financial and income-related information.","The text does not explicitly state that the data is collected without the Data Principal's consent, nor does it indicate that the data is used for an unlawful purpose.","The text describes a process that aligns with the principles of transparency and consent, as required by the DPDP Act and Rules. It does not indicate any unlawful or non-compliant practices."
BC,0.5,1,TC153,Consent,violating,Section 6,,violating,violating,7,7,9,False,"FinEdge's mobile application necessitates customer acknowledgment of a comprehensive 'unified agreement' encompassing credit assessment, promotional communications, and data collaboration with insurance affiliates, presented as an essential step for account initiation.","The text does not provide mechanisms for customers to manage, review, or withdraw their consent, which is required under Section 7.","The text describes a scenario where customers must acknowledge a unified agreement, which implies pre-ticked consent and does not allow for managing, reviewing, or withdrawing consent, violating Section 7."
BC,0.5,1,TC154,Sensitive Data,compliant,,,compliant,compliant,,,10,False,"FinEdge gathers PAN and Aadhaar exclusively for compliance with Know Your Customer (KYC) procedures, in accordance with regulatory requirements. The organization ensures that such data is not leveraged for the promotion of additional financial products or services without explicit, separate authorization from the individuals concerned.",The text explicitly states the lawful purpose of data collection and that the data is not used for additional purposes without explicit authorization.,"The text describes a lawful practice where data is collected for a specific, legitimate purpose (KYC) and is not used for additional purposes without explicit consent. This aligns with the principles of purpose limitation and data minimisation."
BC,0.5,1,TC155,Data Retention,violating,Section 8,,violating,compliant,9,9,8,False,"FinEdge maintains records of Know Your Customer (KYC) documentation and transaction histories for closed accounts for an extended period, aligning with internal archival practices, without a specified retention timeline that is dictated by relevant financial regulations.","FinEdge does not specify a retention timeline dictated by relevant financial regulations, which is required by Section 9.","The text does not describe processing personal data without a valid retention period as required by financial regulations, but rather aligns with internal archival practices. This does not violate the specific requirement in Section 9 of retaining data for a period dictated by law."
BC,0.5,1,TC156,Breach Notification,compliant,,,compliant,compliant,,Section 30,9,False,"FinEdge's incident response framework mandates the timely notification of impacted stakeholders and the relevant regulatory bodies, in accordance with established protocols, following the confirmation of any incidents involving sensitive financial information.",The text does not explicitly mention non-compliance with the DPDP Act 2023.,"The text describes a practice of timely notification, which aligns with the DPDP Act 2023's requirement to notify the Board and affected persons within 72 hours of becoming aware of a breach."
BC,0.5,1,TC157,Data Principal Rights,violating,Section 12,,violating,violating,Right to Correct Personal Data,12,9,False,"An acknowledgment or response to a customer's request for correction regarding their loan account details, specifically related to an inaccurate date of birth, was not provided within the standard turnaround period.",The text indicates a failure to provide a response within the standard turnaround period for a correction request.,"The text describes a failure to provide a response within the standard turnaround period for a correction request, which violates the Right to Correct Personal Data under DPDP Section 12."
BC,0.5,1,TC158,Sensitive Data,compliant,,,compliant,compliant,,,7,False,"Lab results and diagnostic reports are disseminated exclusively via an OTP-verified patient portal, with third-party disclosure governed by a stringent consent framework that ensures compliance with organizational policies and regulatory standards.",The text does not explicitly mention the consent mechanism or data sharing practices that would be required under DPDP Act 2023.,"While the text mentions a stringent consent framework, it does not explicitly describe the consent mechanism or the data sharing practices, which are critical under DPDP Act 2023 and DPDP Rules 2025."
BC,0.5,1,TC159,Consent,violating,Section 6,,violating,compliant,2,,8,False,"MedCare has been sharing patients' diagnostic results with authorized pharmaceutical partners for the purpose of tailored healthcare communications, in alignment with our broader patient engagement strategies.",Sharing patients' diagnostic results with pharmaceutical partners without explicit patient consent.,"The text does not explicitly state that the sharing is done without explicit patient consent, which is a key requirement under DPDP Section 2."
BC,0.5,1,TC160,Breach Notification,violating,Rule 7,,compliant,violating,,e,8,False,"A security assessment identified an unintended server configuration that resulted in the temporary public exposure of certain health information records. Following a comprehensive review, it was determined that there was no indication of unauthorized access or misuse, and therefore, no immediate action was deemed necessary to notify the affected individuals.",The text does not indicate a breach or the need for notification to affected individuals.,"While the text does not explicitly state a breach, the temporary public exposure of health information records could be considered a potential breach under DPDP, and the lack of notification to affected individuals is a violation of the DPDP Rules 2025."
BC,0.5,1,TC161,Children's Data,compliant,,,violating,violating,Section 7(e),Section 7(e),8,False,"For individuals within the defined age cohort, the organization mandates a verified consent from a designated custodial party prior to the disclosure of any health-related information or the processing of said data.",The text does not specify an itemised description of the personal data or the purpose of processing.,"While the text mentions a verified consent, it does not specify an itemised description of the personal data or the purpose of processing, which is required by Section 7(e)."
BC,0.5,1,TC162,Data Retention,compliant,,,compliant,compliant,,,10,False,"Diagnostic reports are retained in accordance with established corporate standards and are subsequently managed in alignment with relevant regulatory frameworks, ensuring secure disposal in a manner consistent with organizational policies.",The text does not explicitly mention any unlawful data retention or disposal practices.,The text describes lawful practices of retaining and securely disposing of diagnostic reports in accordance with corporate standards and regulatory frameworks.
BC,0.5,1,TC163,Grievance Redressal,violating,Section 13,,violating,compliant,Section 30,,8,False,Procedures for patient feedback regarding the handling of health records are not publicly advertised; the website does not specify a designated officer or contact email for privacy-related inquiries.,"The text does not specify a particular communication link or means for accessing the website or app, nor does it provide a description of other means for Data Principals to contact the Data Fiduciary.","The text does not describe processing, sharing, selling, or disclosing personal data without valid consent or another lawful basis, nor does it describe any other specific violation of DPDP provisions."
BC,0.5,1,TC164,Data Minimisation,compliant,,,compliant,compliant,,,10,False,"ShopSphere's streamlined checkout process requires minimal personal information, including a delivery address, contact details, and a payment reference for order processing.","The text does not explicitly mention the processing of personal data for providing subsidies, benefits, services, certificates, licenses, or permits under clause (b) of section 7 of the Act.","The practice described does not involve processing personal data for providing subsidies, benefits, services, certificates, licenses, or permits under clause (b) of section 7 of the Act, nor does it describe any other specific violations."
BC,0.5,1,TC165,Data Minimisation,violating,Section 4,,violating,compliant,6,6,7,False,"To facilitate a streamlined and personalized shopping experience, ShopSphere requests that customers provide their date of birth, gender, income bracket, and marital status when placing an order for a t-shirt. These details are not essential for the fulfillment and delivery of the product.","The text requests personal data (date of birth, gender, income bracket, and marital status) without clear and specific consent for the stated purpose.","The text requests personal data for a purpose that is not directly related to the fulfillment and delivery of the product, which may be considered unnecessary. However, the text does not explicitly state that the data is being processed without consent, and the purpose is not clearly stated."
BC,0.5,1,TC166,Profiling / Behavioral Advertising,violating,Section 6,,violating,violating,7,7,9,False,"ShopSphere develops comprehensive engagement insights for every visitor to enhance personalized offerings, ensuring profiling is activated by default to provide a tailored experience. Users are informed of data usage through automated notifications, but explicit opt-out mechanisms are not currently available.","The text does not provide explicit opt-out mechanisms for users, which is required by Section 7.","While the text mentions automated notifications, it does not provide explicit opt-out mechanisms, which is a requirement under Section 7 of the DPDP Rules 2025."
BC,0.5,1,TC167,Data Sharing / Disclosure,compliant,,,compliant,compliant,,,10,False,"ShopSphere engages in the selective sharing of customer address data with designated logistics partners, as per the terms of service, which ensure the data is utilized solely for the purpose aligned with the specific order.",The text describes the lawful sharing of data for a specific purpose aligned with the order.,"The text describes a lawful sharing of data for a specific purpose, which aligns with the customer's order. This does not violate any specific DPDP provisions as long as the sharing is done with valid consent and for the stated purpose."
BC,0.5,1,TC168,Data Principal Rights,compliant,,,compliant,compliant,,,10,False,"Users are provided with the option to review, download, and request the removal of their transaction records and stored contact information via the personalized account management portal.",The text describes lawful and compliant data handling practices as per the DPDP Act 2023.,"The text describes providing users with standard data rights as outlined in the DPDP Act 2023, such as access, download, and erasure, which are lawful practices."
BC,0.5,1,TC169,Cross-Border Transfer,violating,Section 16,,violating,violating,null,null,8,False,"Customer transaction information is periodically transmitted to international support infrastructure without formal data transfer agreements in place, and without a prior evaluation of the recipient country's data protection frameworks.","The text indicates data is transmitted internationally without formal agreements or evaluations, which is not compliant with the Act.",The practice of transmitting personal data internationally without formal agreements or evaluations of the recipient's data protection frameworks violates the principle of data minimisation and the requirement for appropriate safeguards as per the DPDP Act 2023 and Rules 2025.
BC,0.5,1,TC170,Children's Data,compliant,,,violating,violating,9(a),9(a),9,False,EduLearn's digital ecosystem mandates validated consent from a designated authority figure prior to the establishment of a personalized learning trajectory for all students under the age of 18.,"The text does not mention any mechanism for the Data Principal to give, manage, review, and withdraw consent independently.","The text describes a scenario where consent is obtained from a designated authority figure, which does not align with the requirement for independent and specific consent from the Data Principal as per Section 9(a)."
BC,0.5,1,TC171,Children's Data,violating,Section 9,,violating,violating,7,7,9,False,EduLearn's app gathers anonymized location data and device interaction insights for the purpose of enhancing user experience and personalized content delivery. This process is designed to occur seamlessly during the sign-up procedure without requiring additional parental consent steps.,"The text does not provide an itemised description of the personal data and the specific purpose of its processing, as required by Section 7(2)(e)(i) and (ii).","The text does not provide an itemised description of the personal data and the specific purpose of its processing, as required by Section 7(2)(e)(i) and (ii)."
BC,0.5,1,TC172,Consent,compliant,,,compliant,compliant,,,8,False,"Prior to implementing enhanced educational monitoring protocols, EduLearn seeks to obtain affirmative participant consent, detailing the intended storage and utilization of the recorded sessions.",The text does not explicitly state that consent is unconditional or that the consent is limited to necessary personal data.,"The text does not describe processing, sharing, selling, or disclosing personal data without valid consent or another lawful basis, nor does it describe any other violations listed. The consent is affirmative, but it does not explicitly state that the consent is unconditional or limited to necessary personal data, which the first-line checker noted."
BC,0.5,1,TC173,Data Retention,violating,Section 8,,violating,violating,Section 7,Section 7,9,False,"Video recordings of live classes and students' academic performance data are retained on EduLearn's servers for an extended period, in accordance with our data retention policies, irrespective of the status of the student's account.","The text does not specify erasure upon completion of the specified purpose or after one year, which is required by the DPDP Act 2023.","The text does not specify erasure upon completion of the specified purpose or after one year, which is required by the DPDP Act 2023, as per the relevant sections provided."
BC,0.5,1,TC174,Grievance Redressal,compliant,,,violating,compliant,Section 7,Section 7,9,False,"Stakeholders are encouraged to submit data privacy concerns via a designated communication channel, with the organization committed to a timely response within a 15-business-day timeframe.","The text does not specify a 90-day timeframe for addressing requests, which is required by the Act.","The text describes a timely response within a 15-business-day timeframe for submitting data privacy concerns, which is more stringent than the 90-day requirement for addressing requests under Section 7 of the DPDP Act 2023."
BC,0.5,1,TC175,Data Minimisation,violating,Section 4,,violating,compliant,37,,9,False,"To facilitate an enhanced user experience, TravelWise's application may request temporary access to users' contact lists and call logs for analytics purposes, although such access is not essential for the primary function of browsing flight prices.",The text does not provide an opportunity of being heard to the Data Fiduciary before requesting access to personal data.,"The text does not describe a violation of Section 37, as it does not pertain to the imposition of a monetary penalty or the blocking of access to information. The practice described is about data access for analytics, which is not directly related to the provisions of Section 37."
BC,0.5,1,TC176,Consent,compliant,,,violating,compliant,9(a),,9,False,"TravelWise implements a robust consent framework that mandates a distinct, explicit opt-in prior to disclosing a traveler's passport and visa information to requisite airline and hotel partners for the purpose of facilitating a particular reservation.","The text does not mention an interoperable platform for managing consent, which is required by Section 9(a).","The practice described involves obtaining explicit consent before disclosing personal data, which is a lawful practice under the DPDP Act 2023 and Rules 2025."
BC,0.5,1,TC177,Breach Notification,compliant,,,compliant,compliant,,,8,False,"Upon discovery of an incident involving potential data exposure related to customer records within an external vendor's database, TravelWise has initiated a comprehensive review and is in the process of communicating with impacted parties while also engaging with the relevant data protection authorities as per established protocols.",The text does not explicitly indicate non-compliance with the specified sections.,The text describes actions that are consistent with the requirements of DPDP sections related to data breach notifications and impact assessments. It does not indicate any non-compliance with the specified sections.
BC,0.5,1,TC178,Cross-Border Transfer,compliant,,,compliant,compliant,,,10,False,"TravelWise facilitates data transfers to international aviation and accommodation partners pursuant to formalized data-sharing frameworks, which mandate the implementation of equivalent data protection measures.",The text describes protective measures and does not indicate any unlawful data collection or sharing.,"The text describes protective measures and does not indicate any unlawful data collection or sharing, thus it does not violate the DPDP Act 2023 or DPDP Rules 2025."
BC,0.5,1,TC179,Data Principal Rights,violating,Section 11,,compliant,compliant,,,10,False,"The organization opted to refrain from providing the specific details requested regarding the disclosure of passport data to external parties, in alignment with internal procedures designed to protect sensitive information.","The text does not provide specific details regarding the disclosure of passport data, which is in line with the organization's internal procedures for protecting sensitive information.","The text does not describe processing, sharing, selling, or disclosing personal data without valid consent or another lawful basis, nor does it obstruct or refuse data principal rights. The practice is in line with internal procedures for protecting sensitive information."
BC,0.5,1,TC180,Data Minimisation,compliant,,,compliant,compliant,,,8,False,"GreenAgro's farmer registration platform captures essential data elements, including but not limited to, farmer name, contact information, geographical farm coordinates, and crop variety, to facilitate farmer enrollment in the supply network.",The text does not explicitly mention any unlawful data collection or processing practices.,"The text does not describe any unlawful data collection or processing practices, such as collecting more data than necessary or failing to provide consent mechanisms."
BC,0.5,1,TC181,Consent,violating,Section 6,,violating,compliant,Section 5,,7,False,"Enrollment into the data-sharing initiative with agri-insurance partners is facilitated upon registration, reflecting a standard procedure designed to enhance service offerings, without explicitly providing an option for data-sharing opt-out at the initial point of registration.","The text does not provide an explicit opt-out option at the initial point of registration, which is required for lawful processing of personal data.","The text describes a standard procedure for enrollment without explicitly mentioning the absence of an opt-out option at the initial point of registration, which does not necessarily violate the DPDP Act 2023 or DPDP Rules 2025."
BC,0.5,1,TC182,Data Retention,compliant,,,compliant,compliant,,,10,False,Compliance with the supply relationship duration and regulatory requirements for the retention of farmer registration and transaction records is strictly maintained.,The text does not explicitly state a violation of DPDP Act 2023 requirements.,"The text describes adherence to supply relationship and regulatory requirements, which is a lawful practice and does not indicate any violation of DPDP provisions."
BC,0.5,1,TC183,Grievance Redressal,violating,Section 13,,violating,violating,6(3)(c),6(3)(c),8,False,"GreenAgro has not designated any specific channels, such as a phone number, email address, or in-person contact point, for farmers to express concerns regarding the utilization of their data, as per the available materials.",GreenAgro has not provided a communication link or other means for farmers to exercise their rights.,"While the text does not explicitly state that GreenAgro has not provided a communication link or other means, it implies a lack of designated channels for farmers to exercise their rights, which is a violation under Section 6(3)(c)."
BC,0.5,1,TC184,Data Minimisation,compliant,,,compliant,compliant,,,10,False,"CityCab's advanced driver optimization platform gathers essential data, including but not limited to, geospatial coordinates, operational metrics, and financial transactions, to ensure seamless rider and driver matching and transactions.",The text does not explicitly mention any unlawful data collection or processing practices.,"The text does not describe any unlawful data collection or processing practices, such as processing personal data without valid consent or another lawful basis."
BC,0.5,1,TC185,Profiling / Behavioral Advertising,violating,Section 6,,violating,violating,null,null,7,False,"CityCab continually monitors rider activity data, both within and outside the application, to enhance service offerings. This data is aggregated and anonymized before being shared with third-party partners to support advertising initiatives.",Data is shared with third-party partners for advertising initiatives without explicit consent.,"The text does not explicitly state that the data is shared without explicit consent, but it implies that the sharing is done without specifying the consent process, which could be a violation if the consent is not obtained."
BC,0.5,1,TC186,Breach Notification,violating,Rule 7,,compliant,compliant,,,10,False,"A security assessment identified an exposure in a database, resulting in the review of trip histories and residential locations. CityCab has since addressed the identified vulnerability through internal procedures, ensuring compliance with relevant data protection guidelines.",The text does not indicate any non-compliance with the specified sections.,"The text describes a security assessment and addressing a vulnerability, which is a proactive measure to ensure compliance with data protection guidelines. There is no indication of non-compliance with the specified sections."
BC,0.5,1,TC187,Data Principal Rights,compliant,,,compliant,compliant,,,8,False,Riders have the ability to initiate a comprehensive export of their trip history and personal data via the application's privacy configuration options. Requests will be processed in accordance with the prescribed timeframe.,"The text does not explicitly mention the collection or processing of personal data without consent, nor does it indicate a violation of the DPDP Act 2023.","The text does not describe the collection or processing of personal data without consent, nor does it indicate any violation of specific DPDP provisions related to consent or data processing."
BC,0.5,1,TC188,Consent,compliant,,,compliant,compliant,,,10,False,"StreamFlix requests explicit user authorization prior to leveraging viewing patterns for customized suggestions, offering a prominent option for deselection.",The text does not indicate any non-compliance with DPDP Act requirements.,"The text describes obtaining explicit consent before processing personal data for customized suggestions and providing an option to opt-out, which is a lawful practice under the DPDP Act."
BC,0.5,1,TC189,Data Sharing / Disclosure,violating,Section 8,,violating,violating,Section 7,Section 7,9,False,"StreamFlix has facilitated the transfer of subscribers' engagement insights and profile information to external data aggregation partners for the purpose of market analysis, without specifying the terms of data utilization by these partners.","The text does not specify the terms of data utilization by external partners, which is required under Section 7.","The text does not specify the terms of data utilization by external partners, which is a requirement under Section 7 of the DPDP Act 2023."
BC,0.5,1,TC190,Children's Data,compliant,,,compliant,compliant,,7(1),8,False,StreamFlix's proprietary kid-friendly profile feature is designed to limit data collection to essential metrics for personalized content suggestions while ensuring no targeted advertising is directed towards minors. Activation of this feature is contingent upon parent or guardian account holder approval.,The text does not explicitly state that the consent is verifiable or that the parent or guardian is the lawful guardian as required by Section 7(1).,"While the text mentions parent or guardian approval, it does not explicitly state that the consent is verifiable or that the parent or guardian is the lawful guardian as required by Section 7(1). However, the practice does not inherently violate the DPDP Act 2023 or DPDP Rules 2025 as it does not describe processing personal data in a way that would be illegal."
BC,0.5,1,TC191,Grievance Redressal,compliant,,,compliant,compliant,,,10,False,"Subscribers may have the option to elevate unaddressed privacy concerns to StreamFlix's appointed Compliance Reviewer, as outlined in the application's comprehensive user policy documentation.",The text does not explicitly state a violation of DPDP Act requirements.,"This practice does not violate DPDP provisions as it allows subscribers to raise privacy concerns, which aligns with the Data Principal's right to grievance under the DPDP Act."
BC,0.5,1,TC192,Data Minimisation,violating,Section 4,,compliant,violating,,6,8,False,"A smart doorbell camera continuously records and stores audio and video for comprehensive security purposes, ensuring a broader area is covered to enhance overall safety and security measures.",The text does not explicitly mention data collection or processing practices that would indicate a violation of DPDP 2023.,"The text describes a continuous recording and storage of audio and video, which could involve personal data, without specifying the purpose or the consent mechanism, potentially violating the DPDP Act 2023 by collecting more personal data than necessary."
BC,0.5,1,TC193,Breach Notification,compliant,,,compliant,violating,,Section 17(2)(b),8,False,"HomeSecure's comprehensive incident management framework mandates the timely notification of potentially impacted customers, alongside the submission of relevant incident reports to the Data Protection Oversight Council, in accordance with established protocols.",The text does not explicitly state the notification is within 72 hours or include all required details.,"While the text mentions timely notification and submission of reports, it does not specify the 72-hour timeframe or include all required details as mandated by the DPDP Rules."
BC,0.5,1,TC194,Consent,violating,Section 6,,violating,compliant,6,6,7,False,"HomeSecure facilitates the default cloud storage of all camera recordings upon initial configuration, ensuring seamless integration without requiring explicit customer consent for the transmission of footage to remote servers.","The text does not obtain explicit customer consent for data transmission, which is required under Section 6 of the DPDP Act 2023.","The text does not explicitly state that consent is not obtained, but rather that it is not required for the described practice. This could be interpreted as obtaining consent, or as a lawful basis under certain circumstances."
BC,0.5,1,TC195,Data Principal Rights,compliant,,,compliant,compliant,,,10,False,"Parties may initiate the de-identification of their associated digital records and recorded content housed within the HomeSecure ecosystem via the application interface. Upon submission, such requests will be handled in accordance with established operational protocols, with expected resolution within a defined timeframe.",The text does not explicitly mention handling or processing personal data in a way that violates the DPDP Act 2023.,"The text describes a process of de-identifying data, which is a lawful practice and does not involve processing, sharing, selling, or disclosing personal data without valid consent or another lawful basis."
BC,0.5,1,TC196,Data Minimisation,compliant,,,compliant,compliant,,,8,False,QuickBite's Partner Onboarding Document Collection Process is designed to gather solely the necessary documentation for identity verification and payout processing in accordance with current regulatory frameworks.,"The text does not explicitly mention data collection beyond identity verification and payout processing, which is in line with lawful purposes.","The text does not explicitly mention data collection beyond identity verification and payout processing, which aligns with lawful purposes as per the DPDP Act 2023."
BC,0.5,1,TC197,Data Sharing / Disclosure,violating,Section 8,,violating,compliant,37,,8,False,"QuickBite facilitates the sharing of anonymized contact information related to delivery partners with third-party marketing entities to explore potential synergies, with the aim of enhancing overall service offerings, without explicitly disclosing this arrangement to delivery partners.","The text does not inform delivery partners about the sharing of their anonymized contact information, which is not explicitly disclosed.","The text describes sharing anonymized data for a lawful purpose without explicit consent from the delivery partners, which does not inherently violate DPDP provisions as long as the data is anonymized and the purpose is legitimate."
BC,0.5,1,TC198,Governance / Accountability,compliant,,,compliant,compliant,,null,10,False,"QuickBite has designated a Data Protection Professional to oversee data privacy practices, performs regular compliance assessments, and provides periodic updates on data protection status to senior management.",The text does not indicate any explicit violation of DPDP Act 2023 requirements.,"The practice of designating a Data Protection Professional and performing regular assessments is in line with the DPDP Act 2023 and Rules 2025, which require Data Fiduciaries to conduct independent audits and impact assessments."
BC,0.5,1,TC199,Data Principal Rights,violating,Section 11,,violating,violating,Section 7,Section 7,9,False,"The request for access to personal data, including performance-related information, was declined due to the current limitations in our data access policies.","The text indicates a refusal to provide access to personal data, which is not compliant with the right to access personal data as per Section 7.","The text describes a refusal to provide access to personal data, which violates the right to access personal data as per Section 7."
BC,0.5,1,TC200,Consent,compliant,,,compliant,compliant,,,10,False,"Prior to initiating location-based services for delivery-time optimization, QuickBite solicits explicit consent from the delivery partner and provides a detailed explanation of the intended utilization of the tracking information.",The text explicitly states that consent is obtained and the purpose of data processing is explained.,"The text describes obtaining explicit consent and explaining the purpose, which aligns with the DPDP Act 2023 requirements for specific and informed consent."
BC,0.7,1,TC001,Consent,violating,Section 6,,violating,violating,7,7,9,False,"By completing this form, individuals acknowledge their acceptance of the General User Agreement and permit the sharing of their online activity insights with allied business partners for promotional purposes.","The text does not provide specific and informed consent, including an itemised description of personal data and the specified purpose of processing.","The text lacks specific and informed consent, failing to provide an itemised description of personal data and the specified purpose of processing."
BC,0.7,1,TC002,Consent,violating,Section 6,,violating,violating,Section 7,Section 7,9,False,"Your purchase history may be processed for targeted advertising purposes, in alignment with our stated business objectives and in accordance with industry best practices.","The text does not provide specific and informed consent for the processing of personal data, including an itemised description of the data and the purpose of processing.","The text lacks specific and informed consent, as required by Section 7, for processing personal data, including an itemised description of the data and the purpose of processing."
BC,0.7,1,TC003,Consent,violating,Section 6,,violating,violating,9(a),9(a),9,False,Your ongoing engagement with this application is deemed to imply consent to all specified data management practices outlined in our comprehensive Terms and Conditions document.,"The text implies consent without explicit mechanisms for Data Principals to give, manage, review, and withdraw consent.",The practice violates Section 9(a) of the DPDP Rules 2025 as it does not provide Data Principals with the necessary mechanisms to manage their consent.
BC,0.7,1,TC004,Consent,violating,Section 6,,violating,violating,Section 4,Section 4,8,False,"Your personal information may be shared with authorized third parties following account establishment, subject to withdrawal of consent within 24 hours of registration.",The text does not provide clear and plain language for consent and does not specify the right to withdraw consent with ease comparable to the ease of giving it.,"The text implies that consent can be withdrawn, but it does not ensure that the withdrawal is as easy as giving consent, nor does it provide clear and plain language for consent as required by DPDP Section 4(4)."
BC,0.7,1,TC005,Consent,violating,Section 6,,violating,violating,Section 7(e),Section 7(e),9,False,"By downloading our app, users are provided with the option to consent to the sharing of their location data with our advertising partners for enhanced service personalization.",The text does not provide an itemised description of the personal data and the specific purpose of its processing.,"The text does not provide an itemised description of the personal data and the specific purpose of its processing, which is required by Section 7(e)."
BC,0.7,1,TC006,Consent,compliant,,,violating,violating,7,7,9,False,We may gather your email address for processing your transaction and to facilitate communication regarding product-related updates. Subscriptions to further communications can be managed through your profile preferences.,"The text does not provide an itemised description of the personal data and the specific purpose of its processing, as required by Section 7.","The text does not provide an itemised description of the personal data and the specific purpose of its processing, as required by Section 7."
BC,0.7,1,TC007,Consent,compliant,,,compliant,compliant,,3(2)(b),10,False,"Prior to the collection of any personal information, we will provide you with a comprehensive notification outlining the specific data elements to be gathered, the rationale for collection, and the mechanisms available for revocation of consent, should you so choose.","The text provides a comprehensive notification outlining the specific data elements to be gathered, the rationale for collection, which aligns with the requirements.","The text describes providing a comprehensive notification, which aligns with the requirements for specific and informed consent under DPDP Rules 2025, Rule 3(2)(b)."
BC,0.7,1,TC008,Consent,compliant,,,compliant,compliant,,,10,False,Consent for communication purposes may be withdrawn at any time via the unsubscribe mechanism. Please be advised that the processing of your request may undergo internal verification procedures and could take up to 24 hours to be fully effective.,"The text does not explicitly mention withdrawal of consent for personal data processing, only for communication purposes.","The text only mentions the withdrawal of consent for communication purposes, not for personal data processing, which aligns with the first-line compliance checker's verdict."
BC,0.7,1,TC009,Data Minimisation,violating,Section 4,,compliant,violating,,Section 6,8,False,"To register for our online chess tournament, participants are requested to provide their full name, email address, and in compliance with data collection protocols, additional demographic information including the individual's blood group and location details for administrative purposes. Additionally, to ensure a comprehensive participant profile, the system may passively collect the mother's maiden name.",The text does not explicitly request verifiable consent or process data for a non-lawful purpose.,"The text requests additional demographic information beyond what is necessary for the stated purpose of an online chess tournament, which could be considered collecting more personal data than needed."
BC,0.7,1,TC010,Data Minimisation,violating,Section 4,,violating,compliant,6,,8,False,"To ensure optimal functionality of our basic calculator app, access to your phone's microphone and contact list may be required. Should you choose not to provide this access, you might experience limitations in app functionality.","The text does not limit the processing to the necessary extent for the specified purpose, as it requests access to the contact list, which is not necessary for a basic calculator app.","The text does not describe processing that is unnecessary for the specified purpose, as the access to the microphone and contact list is stated to be required for the app's optimal functionality."
BC,0.7,1,TC011,Data Minimisation,violating,Section 4,,violating,violating,4,4,8,False,"Your real-time location is passively monitored by our food delivery app during app sessions and when the app is in the background, ensuring enhanced service efficiency and user experience.",Real-time location is monitored beyond the extent necessary for the safety and protection of a child.,"The monitoring of real-time location is not restricted to the extent necessary for the safety and protection of a child, as the text does not specify that the app is used for children. Therefore, it may be a violation of Section 4 of the DPDP Act 2023."
BC,0.7,1,TC012,Data Minimisation,violating,Section 4,,compliant,violating,,Section 7,8,False,"To establish a library membership, we may require documentation that includes, but is not limited to, identification verification, financial account information, work history, and personal status details.",The text does not explicitly mention the processing of personal data or compliance with DPDP.,"The text describes the collection of various types of personal data for establishing a library membership, which could imply processing personal data without explicit consent or a lawful basis."
BC,0.7,1,TC013,Data Minimisation,compliant,,,compliant,compliant,,,7,False,Our mobility solution framework gathers essential spatial data exclusively during operational ride sessions. Geospatial permissions are strategically managed to ensure compliance with data handling protocols.,"The text does not explicitly mention data collection, processing, or sharing without consent, nor does it indicate any unlawful purpose.","The text does not explicitly state that data is collected, processed, or shared without consent, nor does it indicate any unlawful purpose. However, it does not provide sufficient detail to confirm lawful practice, such as the basis for consent or the specific purposes of data processing."
BC,0.7,1,TC014,Data Minimisation,compliant,,,violating,violating,null,6(2)(a)(i),9,False,"We may gather certain identifiers to facilitate your account setup, though the specifics are subject to change. Additional personal data could be sought in the future without explicit notification.","The text does not inform the Data Principal about the personal data and the purpose of its processing, and it does not provide notice mechanisms as required.","The text does not provide the required notice to the Data Principal about the personal data and its purpose, nor does it specify a mechanism for notification as mandated by the DPDP Act 2023."
BC,0.7,1,TC015,Sensitive Data,violating,Section 4,,violating,violating,7,7,8,False,Please provide your unique identification number and authenticate your biometric data for secure entry into the premises.,The text requests personal data (unique identification number and biometric data) without prior notice or consent as per Section 7.,"The text does not specify that the biometric data is processed for a lawful purpose or that consent has been obtained prior to the request, which could violate Section 7."
BC,0.7,1,TC016,Sensitive Data,violating,Section 4,,violating,violating,7(e),7(e),9,False,Facial recognition data is gathered to enhance personalisation and product recommendations for you.,The text does not provide an itemised description of the personal data and the specific purpose of processing.,"The text lacks an itemised description of the personal data and the specific purpose of processing, as required by Section 7(e)."
BC,0.7,1,TC017,Sensitive Data,violating,Section 6,,compliant,compliant,,,7,False,"Your fingerprint data, collected for attendance management purposes, may also be utilized for identity verification services in accordance with corporate governance guidelines and with the aim of enhancing overall security measures.",The text does not explicitly mention unlawful data collection or processing without consent.,"The text does not describe any unlawful data collection or processing without consent, but it does not explicitly state the lawful basis for processing the data, which could be a violation if the consent is not valid or if the data is collected for a purpose beyond attendance management."
BC,0.7,1,TC018,Consent Withdrawal,violating,Rule 3,,compliant,compliant,,,10,False,"Consent revocation may be submitted by mailing a physical, notarized letter to our corporate headquarters. The processing revision procedure is expected to be completed within ninety days of receipt.",The text does not explicitly mention any violation of DPDP Act 2023 requirements.,"The text describes a lawful process for consent revocation and a reasonable timeframe for processing, without implying any unlawful practices."
BC,0.7,1,TC019,Consent Withdrawal,violating,Rule 3,,violating,violating,Section 8,"Section 9, Section 11",8,False,"To facilitate the withdrawal of data processing, individuals are requested to contact our dedicated verification team between 09:00–11:00 on Tuesdays exclusively and undergo a 30-minute confirmation procedure.",The text does not provide a mechanism for individuals to exercise their right to erasure within the required timeframe and does not prominently publish contact information for the Data Protection Officer.,"The text does not provide a mechanism for individuals to exercise their right to erasure within the required timeframe and does not prominently publish contact information for the Data Protection Officer, which are required by Section 9 and Section 11 of the DPDP Rules 2025."
BC,0.7,1,TC020,Consent Withdrawal,violating,Rule 3,,violating,violating,Section 3(4),Section 3(4),10,False,A fee of Rs. 500 may be requested for the processing of your consent withdrawal request.,"The text imposes a fee for processing consent withdrawal, which is not allowed as the ease of withdrawing consent should be comparable to the ease with which it was given.","The text imposes a fee for processing consent withdrawal, which is not allowed as the ease of withdrawing consent should be comparable to the ease with which it was given, as per DPDP Section 3(4)."
BC,0.7,1,TC021,Consent Withdrawal,compliant,,,compliant,compliant,,Section 4(4),9,False,"The option to revoke consent is available within the system preferences, facilitating a seamless and instantaneous adjustment to your preferences. Please note that the exact process may vary based on your specific account settings and could potentially require a brief verification step for security reasons.","The text provides a clear mechanism for revoking consent and mentions potential verification steps for security, which is compliant.","The text describes a mechanism for revoking consent that is consistent with DPDP requirements, allowing for easy and comparable withdrawal of consent as required by Section 4(4)."
BC,0.7,1,TC022,Data Retention,violating,Section 8,,violating,violating,Section 7,Section 7,9,False,"Your personal data may be retained by us for an indefinite period on our servers to enhance the ongoing development and improvement of our artificial intelligence models, subject to applicable legal requirements.","The text does not specify a retention period and implies indefinite retention for AI development, which is not a lawful purpose.","The text implies indefinite retention for AI development, which is not a lawful purpose under DPDP as it lacks a specified retention period and a lawful basis."
BC,0.7,1,TC023,Data Retention,violating,Section 8,,violating,violating,9,9,8,False,"User data will be preserved on a long-term basis for the purposes of historical insights and product enhancement, in alignment with our organizational strategy.","The text states that user data will be preserved for long-term purposes of historical insights and product enhancement, which is not a lawful purpose as per the DPDP Act 2023.","The text does not specify a lawful purpose for retaining personal data beyond the minimum required period, which is a violation under DPDP Act 2023, Section 9."
BC,0.7,1,TC024,Data Retention,compliant,,,compliant,compliant,,,8,False,"We maintain a comprehensive data retention protocol in accordance with relevant regulations, ensuring that transaction records are preserved for a period consistent with industry best practices. Other personal data is managed in line with our data lifecycle policies, which are designed to optimize data protection and compliance.",The text does not explicitly state a violation of DPDP requirements.,"The text describes a general compliance approach without specifying any unlawful practices, such as retaining data indefinitely or failing to notify of breaches."
BC,0.7,1,TC025,Data Retention,compliant,,,compliant,compliant,,,10,False,"Your personal delivery address and contact information may be retained for a period following the completion of your most recent order, subject to our standard data management protocols. You will be notified prior to the potential deletion of this information.","The text does not explicitly state a retention period longer than one year without legal requirement, and it mentions notification before deletion, which is compliant.","The text does not specify a retention period longer than one year without a legal requirement, and it mentions notification before deletion, which is compliant with the DPDP Act 2023 and Rules 2025."
BC,0.7,1,TC026,Security,violating,Rule 6,,violating,violating,9,9,8,False,We maintain user credentials and payment information in a structured format for the facilitation of efficient support operations by our customer support team.,"The text does not mention obtaining consent or specifying the purpose of processing personal data, which is required under Section 9.","The text describes maintaining personal data for a specific purpose, which is a lawful practice. However, it does not specify the purpose or obtain consent, which are required under Section 9."
BC,0.7,1,TC027,Security,violating,Rule 6,,compliant,compliant,,6,9,False,"Access to our database, which houses 2 million user records, is provided through an API endpoint for the facilitation of developer convenience, with appropriate security measures in place to ensure data protection.","The text mentions appropriate security measures being in place, which is compliant with the requirement for reasonable security safeguards.","The text describes the implementation of appropriate security measures, which aligns with the requirement for reasonable security safeguards under Section 6 of the DPDP Act 2023."
BC,0.7,1,TC028,Security,compliant,,,compliant,compliant,,6,10,False,"We employ advanced encryption methodologies for all personal data storage and transmission, ensuring robust protection. Access to personal data is meticulously controlled and restricted to designated personnel.","The text describes the use of encryption and controlled access, which are compliant with DPDP Act 2023 requirements.","The text describes the use of encryption and controlled access, which are compliant with DPDP Act 2023 requirements for reasonable security safeguards."
BC,0.7,1,TC029,Security,compliant,,,compliant,compliant,,6,10,False,"All sensitive information is maintained on facilities adhering to recognized security standards, featuring access controls aligned with organizational roles and incorporating mechanisms for ongoing surveillance to prevent unauthorized breaches.",The text describes security measures that align with the requirements of Section 6(1) of the DPDP Act.,"The text describes security measures that align with the requirements of Section 6(1) of the DPDP Act, which mandates reasonable security safeguards to prevent personal data breaches."
BC,0.7,1,TC030,Breach Notification,violating,Rule 7,,compliant,compliant,,,8,False,"Internal Communication: A data-related incident was recently identified, potentially impacting 10,000 user records. Immediate internal assessment is underway to evaluate the nature and extent of the impact. Appropriate actions will be determined to ensure the continuity and integrity of our systems. Notification protocols are being reviewed to align with our standard operating procedures.",The text does not explicitly mention informing citizens or providing a point of contact for queries and complaints.,"While the text does not explicitly mention informing citizens or providing a point of contact, it does not violate the DPDP Act 2023 or DPDP Rules 2025 as it focuses on internal processes and does not preclude compliance with these requirements."
BC,0.7,1,TC031,Breach Notification,violating,Rule 7,,violating,violating,Section 7,Section 7,9,False,We identified an incident six days ago and are currently in the process of evaluating the potential business implications before making a determination regarding user notification.,The text does not provide the required detailed information within seventy-two hours of becoming aware of the breach.,"The text does not provide the required detailed information within seventy-two hours of becoming aware of the breach, as mandated by Section 7 of the DPDP Rules 2025."
BC,0.7,1,TC032,Breach Notification,compliant,,,compliant,compliant,,,8,False,"We encountered an incident that may have impacted user information. Prompt action was taken to inform the relevant authorities within the stipulated timeframe, followed by individual communications to those potentially affected.",The text does not explicitly state that the Data Fiduciary provided detailed information to the Board or the affected Data Principals within the required timeframe.,"The text indicates timely notification to authorities and affected individuals, but it does not explicitly mention providing detailed information to the Board or affected Data Principals within the required timeframe."
BC,0.7,1,TC033,Grievance Redressal,violating,Rule 9,,compliant,compliant,,,10,False,"If you have concerns regarding privacy, we encourage you to share them through our internal feedback mechanism. Please note, we are in the process of establishing a formal grievance procedure and currently rely on this channel for capturing such inputs.",The text does not explicitly mention data collection or processing without consent.,"The text does not describe processing, sharing, or collecting personal data without consent, nor does it obstruct any data principal rights. It merely provides a channel for feedback."
BC,0.7,1,TC034,Grievance Redressal,violating,Rule 9,,violating,compliant,6,,8,False,"Data protection inquiries must be submitted through designated channels, which exclude digital submissions. Privacy concerns will be received only via the methods specified by our organization.","Excludes digital submissions for data protection inquiries, which violates the requirement for reasonable security safeguards.","Excluding digital submissions for data protection inquiries does not directly violate the requirement for reasonable security safeguards, as the text does not describe processing, sharing, or collecting personal data without valid consent or another lawful basis."
BC,0.7,1,TC035,Grievance Redressal,compliant,,,compliant,compliant,,,10,False,"Our Designated Data Protection Authority contact can be reached at dpa@ourorganisation.com. Allegations are reviewed within a prompt timeframe and addressed in a timely manner, ensuring compliance with established protocols.","The text provides contact information for the Designated Data Protection Authority and mentions prompt review of allegations, which aligns with transparency and accountability measures.","The text does not describe any processing, sharing, or collecting of personal data, nor does it violate any specific DPDP provisions related to consent, data minimization, or data breach notification. It only mentions compliance with transparency and accountability measures."
BC,0.7,1,TC036,Grievance Redressal,compliant,,,compliant,compliant,,,10,False,"Engage the Services of our Designated Data Protection Officer (DDPO) via email at ddpo@company.in or through our dedicated confidential hotline, 1800-XXX-XXXX. Compliance with legal requirements mandates a prompt response to all data protection grievances within the stipulated timeframe.","The text provides contact information for engaging a DDPO and mentions prompt response to data protection grievances, which is compliant.","The text mandates a prompt response to data protection grievances, which is a lawful practice under the DPDP Rules, 2025."
BC,0.7,1,TC037,Data Principal Rights,violating,Section 14,,violating,violating,Section 8,Section 8,9,False,"User Request: There appears to be an inconsistency with my recorded surname. System Response: Following our data integrity protocols, changes to historical records are not permissible. Your request for revision has been reviewed, and we are unable to proceed as per our guidelines.",The text denies the request without offering to correct the inaccurate personal data as required by the law.,"The text does not offer to correct the inaccurate personal data as required by Section 8(2) of the DPDP Rules 2025, which mandates that a Data Fiduciary must correct inaccurate or misleading personal data upon request."
BC,0.7,1,TC038,Data Principal Rights,violating,Section 14,,violating,violating,Section 10,Section 10,9,False,"Personal data access requests are handled in accordance with our stringent data management protocols, which do not facilitate the provision of data copies to users. Our proprietary systems are designed to ensure the protection and integrity of user information, thereby preventing any unauthorized extraction or export of data.","The text does not facilitate the provision of data copies to users, which is required by the Right to Access Personal Data.","The text does not facilitate the provision of data copies to users, which is contrary to the Right to Access Personal Data as per DPDP Section 10."
BC,0.7,1,TC039,Data Principal Rights,compliant,,,compliant,compliant,,,10,False,"Requests for access to or deletion of your personal data will be handled in accordance with the stipulated timelines as per the DPDP Act. For submission of such requests, please utilize the account management portal.",The text does not explicitly state any unlawful data handling practices.,The text aligns with the DPDP Act's requirements for handling data access and deletion requests within stipulated timelines.
BC,0.7,1,TC040,Data Principal Rights,compliant,,,violating,violating,"Right to Erase Personal Data, Mandatory Response within Ninety Days",Mandatory Response within Ninety Days,9,False,"Requests for a copy of your personal data or for its erasure can be submitted through the Privacy section of your account. The organization aims to process such requests in a timely manner, generally within 30 days of receipt.","The text states a response time of 30 days, which is less than the required 90 days under the DPDP Act 2023.","The text states a response time of 30 days, which is less than the required 90 days under the DPDP Act 2023, as per the first-line compliance checker's verdict."
BC,0.7,1,TC041,Children's Data,violating,Section 9,,violating,violating,Section 7,Section 7(2),8,False,"Is it confirmed that the individual is at least 18 years of age for account creation and location sharing purposes? If under 18, parental consent has been obtained and acknowledged through the affirmative click.",The text does not explicitly verify the identity and age of the parent through an authorised entity.,"The text does not explicitly verify the identity and age of the parent through an authorised entity, which is required by Section 7(2) of the DPDP Rules 2025."
BC,0.7,1,TC042,Children's Data,violating,Section 9,,compliant,violating,,Processing of personal data of children.,8,False,"Based on the observed activity within the Kids Math Games segment, these toy advertisements have been tailored to align with your interests.","The text does not indicate any processing of personal data of a child for providing subsidies, benefits, services, or for tracking their location. It only mentions tailoring advertisements based on interests.","While the text does not explicitly state processing personal data, tailoring advertisements based on interests could imply data processing, especially if it involves collecting and analyzing data about children's interests. This might require parental consent and adherence to specific obligations for processing children's data."
BC,0.7,1,TC043,Children's Data,violating,Rule 10,,compliant,compliant,,Technical and organisational measures to ensure verifiable consent,8,False,"For individuals under 18, authorization from a parent or guardian is required for account activation. Please provide the email address associated with the guardian’s DigiLocker account to facilitate the verification process.","The text does not explicitly state that the DF checks the identity and age details of the parent, but it does not violate the sections as it mentions the use of DigiLocker, which is a protective measure.","The text does not explicitly state that the DF checks the identity and age details of the parent, but it requires the use of DigiLocker, which aligns with the DPDP Rules for verifying identity and age details."
BC,0.7,1,TC044,Children's Data,violating,Section 9,,violating,violating,7,7,8,False,We provide anonymized insights related to user behavior to selected partners engaged in educational technology for the purpose of enhancing product development initiatives.,The text does not mention obtaining specific and informed consent from users as required by Section 7(1)(e).,"The practice does not explicitly mention processing personal data without consent, but it lacks details on obtaining specific and informed consent as required by Section 7(1)(e)."
BC,0.7,1,TC045,Children's Data,compliant,,,compliant,compliant,,,10,False,"For users under 18, we ensure verifiable consent from a parent or guardian through an integrated verification process, which is facilitated via our DigiLocker ecosystem prior to account creation or data processing.","The text ensures verifiable consent from a parent or guardian through DigiLocker, which aligns with the required measures.","The text ensures verifiable consent from a parent or guardian, which aligns with the required measures for processing personal data of children."
BC,0.7,1,TC046,Children's Data,compliant,,,compliant,compliant,,10,7,False,"Our corporate educational platform adheres to strict policies concerning the processing of data for users under 18, ensuring that such data is utilized exclusively for the enhancement of educational services.","The text does not explicitly mention the handling of verifiable consent for processing personal data of a child, which is required by Section 10 of the DPDP Act 2023.","The text does not explicitly mention the handling of verifiable consent for processing personal data of a child, which is a requirement under Section 10 of the DPDP Act 2023. However, the absence of this detail does not necessarily constitute a violation as long as the platform ensures that such consent is obtained in practice."
BC,0.7,1,TC047,Cross-Border Transfer,violating,Section 15,,compliant,compliant,,,8,False,"By utilizing this service, individuals agree to the collection and storage of their personal data in [Data Protection Compliance Center, a recognized entity by the Central Government of [Country X]].",The text does not explicitly mention any unlawful collection or processing of personal data.,"The text does not describe processing, sharing, selling, or disclosing personal data without valid consent, nor does it imply any unlawful practices. The consent is not bundled, implied, or pre-ticked, and the text does not specify collecting more data than necessary or obstructing data principal rights."
BC,0.7,1,TC048,Cross-Border Transfer,violating,Section 15,,violating,violating,4,15,9,False,"User data is transferred to the parent company's servers in a jurisdiction yet to be determined, without limitations.",The text indicates that user data is transferred outside the territory of India without specifying compliance with the restrictions set by the Central Government.,"The text describes transferring personal data outside the territory of India without specifying compliance with the restrictions set by the Central Government, which violates Rule 15."
BC,0.7,1,TC049,Cross-Border Transfer,compliant,,,compliant,compliant,,16,10,False,All personal data is secured in data centers situated within the jurisdiction of India. We ensure that there is no external transfer of personal data.,"The text ensures that there is no external transfer of personal data, which complies with the restrictions on transferring personal data outside India as per Section 16 of the DPDP Act 2023.",The text complies with the restriction on transferring personal data outside India as per Section 16 of the DPDP Act 2023.
BC,0.7,1,TC050,Cross-Border Transfer,compliant,,,compliant,compliant,,16,9,False,"In accordance with our established protocols, the transfer of personal data beyond the jurisdiction of India is executed exclusively to countries that have been officially designated as compliant by the governing authorities, adhering to the prescribed transfer standards and frameworks.",The text describes compliance with the transfer standards and frameworks as required by the DPDP Act.,"The text describes compliance with the transfer standards and frameworks as required by the DPDP Act, which is in line with the provisions allowing for the transfer of personal data to designated countries."
BC,0.7,1,TC051,Purpose Limitation,violating,Section 6,,violating,violating,7,6(1),8,False,Thank you for providing your phone number for enhanced security purposes. This number may also be utilized to transmit promotional SMS messages from our esteemed sponsors on a daily basis.,The text does not provide an option for the Data Principal to withdraw consent and does not specify the purpose of processing clearly.,"The text implies that the phone number is bundled for both security and marketing purposes without clear distinction or consent management, which violates the DPDP Rules 2025."
BC,0.7,1,TC052,Purpose Limitation,violating,Section 6,,violating,violating,9,9,8,False,The health data provided to our fitness application may be analyzed and shared with insurance entities for the purpose of assessing and determining product offerings and services.,The text does not mention specific and informed consent for the processing of personal data.,"The text describes the analysis and sharing of health data for a specific purpose without explicitly mentioning obtaining specific and informed consent, which is required under Section 9 of the DPDP Rules 2025."
BC,0.7,1,TC053,Purpose Limitation,compliant,,,compliant,compliant,,,10,False,"The utilization of location data gathered during delivery operations is strictly confined to the execution and monitoring of delivery services. Post-delivery confirmation, said data undergoes a comprehensive purge process.",The text describes lawful data processing and erasure post-delivery.,"The text describes a lawful practice of processing location data for a specific purpose and erasing it post-delivery, which aligns with the DPDP Act's provisions on data retention and erasure."
BC,0.7,1,TC054,Purpose Limitation,compliant,,,compliant,compliant,,,10,False,"We utilize your email address exclusively for the facilitation of order confirmations and the communication of critical security alerts. The use of your email for marketing purposes is contingent upon your separate and explicit authorization, which we would require to obtain prior to any such communications.","The text does not explicitly state that marketing emails are sent without explicit authorization, which is compliant.","The text ensures that marketing emails are sent only with explicit authorization, which is compliant with the DPDP Act 2023."
BC,0.7,1,TC055,SDF Obligations,violating,Rule 13,,violating,violating,Section 11(c)(i),Section 11(c)(i),10,False,"A Data Protection Impact Assessment has not been initiated in the past 24 months, despite the organization's commitment to conducting such assessments on an annual basis.","The organization has not conducted a Data Protection Impact Assessment in the past 24 months, violating the requirement to undertake such assessments annually.","The organization has failed to conduct a Data Protection Impact Assessment as required by Section 11(c)(i) of the DPDP Act 2023, which mandates such assessments annually."
BC,0.7,1,TC056,SDF Obligations,violating,Rule 13,,violating,compliant,15,,9,False,Regular assessments of the personal data processing systems affecting more than 10 crore user accounts have not been conducted to ensure compliance with data principal rights as per the DPDP Act 2023.,"The text indicates a failure to conduct regular assessments, which is a duty of the Data Principal under Section 15(e) of the DPDP Act 2023.","The text does not describe a Data Principal's duty but rather an obligation of an organization to conduct regular assessments, which is not a Data Principal's responsibility under the DPDP Act 2023 or DPDP Rules 2025."
BC,0.7,1,TC057,SDF Obligations,compliant,,,compliant,compliant,,6,10,False,"As a Strategic Data Governance Entity, we undertake comprehensive Data Risk Evaluations on an annual basis and undergo independent verifications. Findings are documented and submitted to the Data Integrity Oversight Council.",The text describes compliance with the requirement for annual Data Protection Impact Assessments and audits.,"The text describes compliance with the requirement for annual Data Protection Impact Assessments and audits, which is a lawful practice under DPDP Section 6."
BC,0.7,1,TC058,Consent Manager,violating,Rule 4,,violating,compliant,9(a),,8,False,"Our Consent Manager platform operates in compliance with local regulatory frameworks as defined by the jurisdictions in which it serves, without explicitly referencing specific incorporation requirements.",The text does not explicitly reference specific incorporation requirements or independent certification of the platform for data protection standards.,"While the text does not explicitly reference specific incorporation requirements or independent certification, it does not describe any unlawful practices related to data processing or consent management."
BC,0.7,1,TC059,Consent Manager,compliant,,,compliant,compliant,,,10,False,"The Consent Management Solution employed is registered with the Data Protection Authority, established in a South Asian jurisdiction, and operates an advanced, interoperable platform for consent management.",The text does not explicitly state non-compliance with any DPDP sections.,"The text does not describe any practices that violate DPDP provisions, such as processing personal data without consent or failing to provide clear consent notices."
BC,0.7,1,TC060,Lawful Processing,compliant,,,compliant,compliant,,,8,False,"For the purpose of facilitating your employment payroll, we may require your financial and identity verification details. These details will be processed in accordance with the relevant provisions of the DPDP Act, specifically within the Employment Purposes framework.",The text mentions lawful purpose (employment) and compliance with DPDP Act provisions.,"The text describes a lawful purpose (employment payroll) and mentions compliance with DPDP Act provisions, which does not inherently violate any specific DPDP provisions."
BC,0.7,1,TC061,Lawful Processing,compliant,,,compliant,compliant,,,8,False,"We leverage Aadhaar number verification to ensure compliance with regulatory identity validation protocols, as stipulated by relevant financial sector directives.","The text does not explicitly mention data collection or processing beyond identity validation, which is within regulatory compliance.","The text describes a practice of verifying Aadhaar numbers for regulatory compliance, which is within the bounds of lawful practice as long as it adheres to the specified protocols."
BC,0.7,1,TC062,Lawful Processing,violating,Section 7,,compliant,compliant,,Section 6,9,False,"Medical records are processed under the state health scheme as per government directives, with the aim of enhancing overall health service delivery and operational efficiency.",The text does not explicitly state an unlawful purpose for processing.,"The practice does not explicitly state an unlawful purpose for processing, and the stated purpose aligns with the DPDP Act 2023, which allows processing for the provision of health services and the protection of health."
BC,0.7,1,TC063,Lawful Processing,violating,Section 6,,violating,violating,7(e),7(e),9,False,"We process your personal data for purposes that we deem to be in your best interest, though not explicitly outlined in our privacy policy.","The text does not provide an itemised description of the personal data or specify the purposes of processing, as required by Section 7(e).","This practice violates the requirement for specific and informed consent as per Section 7(e), as it does not provide an itemised description of the personal data or specify the purposes of processing."
BC,0.7,1,TC064,Data Processor,violating,Rule 6,,violating,compliant,6,6,8,False,"Security measures for user data are being reviewed and considered by our third-party data processor, although no formal agreement currently mandates their implementation.",No formal agreement currently mandates the implementation of security measures.,"While the text indicates that no formal agreement mandates security measures, it does not explicitly state that these measures are not being considered or implemented. The text does not violate the DPDP provision as it does not confirm the absence of security measures."
BC,0.7,1,TC065,Data Processor,compliant,,,compliant,compliant,,,8,False,All data processing entities are required to uphold equivalent security protocols as ours and are restricted from exceeding the scope of tasks as delineated in our engagement agreements.,The text does not explicitly state non-compliance with DPDP requirements.,"The text does not describe any processing of personal data without valid consent or another lawful basis, nor does it indicate any other violations of DPDP provisions."
BC,0.7,1,TC066,Notice,violating,Rule 3,,compliant,compliant,,,10,False,"Our privacy policy, which is essential for compliance with DPDP, is provided in English and is designed to be thoroughly comprehensible upon review by our legal team. We believe this approach aligns with the notice requirements.","The text does not explicitly state data collection or sharing without lawful basis, and it aligns with notice requirements.","The text describes providing a comprehensible privacy policy, which aligns with notice requirements but does not indicate any unlawful data processing."
BC,0.7,1,TC067,Notice,violating,Rule 3,,violating,violating,9,9,8,False,"We incorporate data collection consent into a suite of 15 user agreement elements, presented on the signup page for comprehensive review.","The text does not mention any independent certification of consent mechanisms, which is required by Section 9(a).","While the practice does not mention independent certification, it does not bundle or pre-tick consent, nor does it imply or make consent a condition for unrelated purposes. However, it lacks the required independent certification as per Section 9(a)."
BC,0.7,1,TC068,Notice,compliant,,,compliant,compliant,,3(b),9,False,"Prior to data acquisition, a distinct, transparent consent disclosure is provided, elucidating the nature of data collection, intended utilization, and procedures for revoking consent.","The text describes a transparent consent disclosure process, which aligns with the requirements for providing clear and plain language about the data processing.","The practice described aligns with the requirement for clear and plain language about the data processing, as mandated by the DPDP Rules 2025."
BC,0.7,1,TC069,Notice,compliant,,,compliant,compliant,,,7,False,"The consent notice is distinctly communicated from other contractual agreements and is offered in multiple languages, including but not limited to, Hindi, Tamil, Bengali, and English.",The text does not indicate any explicit violation of DPDP Act 2023 requirements.,"While offering consent in multiple languages is a good practice, the text does not explicitly state that it addresses the specific requirements for consent under the DPDP Act 2023, such as the ease of withdrawal or the rights of the data principal."
BC,0.7,1,TC070,Nomination Rights,violating,Section 14,,violating,violating,14,14,10,False,Nominations for the exercise of data rights on behalf of users are not facilitated under any circumstances.,"The text does not facilitate nominations for exercising data rights on behalf of users, contrary to Section 14(1) of the DPDP Act.","The text explicitly states that nominations are not facilitated, which directly contradicts Section 14(1) of the DPDP Act, as it obstructs the Data Principal's right to nominate another individual to exercise their rights."
BC,0.7,1,TC071,Nomination Rights,compliant,,,compliant,compliant,,,8,False,You are encouraged to utilize the Nomination Feature within your Account Settings to appoint a verified representative for the administration of your Data Protection and Privacy Rights.,The text does not explicitly mention consent mechanisms or the obligations of the Consent Manager.,"While the text encourages the use of a nomination feature, it does not explicitly describe processing, sharing, selling, or disclosing personal data without valid consent or another lawful basis. It also does not bundle consent or make it a condition for unrelated purposes."
BC,0.7,1,TC072,Data Sharing / Disclosure,violating,Section 6,,violating,violating,Section 7,Section 7,9,False,Anonymised user behaviour insights are provided to authorised third-party partners for utilisation in commercial analytics programs.,"The text does not provide specific and informed consent for the processing of personal data, including an itemised description and purpose of processing.","The text does not describe obtaining specific and informed consent for processing personal data, which is required under Section 7 of the DPDP Act 2023."
BC,0.7,1,TC073,Data Sharing / Disclosure,compliant,,,compliant,compliant,,,8,False,"We collaborate with various research entities to exchange aggregated, anonymized operational insights. These interactions are designed to ensure the protection of individual data points.",The text does not explicitly mention unlawful data collection or processing without consent.,"The text describes the exchange of aggregated, anonymized data, which does not inherently violate DPDP provisions as long as the data is anonymized and the exchange is lawful."
BC,0.7,1,TC074,Data Sharing / Disclosure,violating,Section 6,,violating,violating,Section 7,Section 7,8,False,"Your personal data may be shared with our affiliated entities for the purpose of integrated service offerings; however, such actions are governed by overarching consent mechanisms established with you.",The text does not specify an itemised description or purpose of processing as required by the DPDP Act 2023.,"While the text mentions that actions are governed by overarching consent mechanisms, it does not provide an itemised description of the personal data or specify the purpose of processing, which is required by DPDP Section 7."
BC,0.7,1,TC075,Transparency,violating,Section 14,,violating,compliant,Section 7,,7,False,"Personal data held by us is not disclosed to users in terms of specific details regarding its utilization or third-party disclosures, in accordance with our comprehensive data management protocols.","The text does not disclose specific details regarding the utilization or third-party disclosures of personal data, which is required by Section 7.","The text does not describe a violation as it states that personal data is handled according to comprehensive protocols, which could imply compliance with disclosure requirements."
BC,0.7,1,TC076,Transparency,compliant,,,compliant,compliant,,,7,False,"In accordance with our robust data governance framework, we are committed to furnishing stakeholders with a comprehensive overview of the personal data in our possession, the objectives of such processing, and the entities with which such data has been shared.","The text does not explicitly state that personal data is shared without consent, nor does it indicate any unlawful data processing.","While the text mentions sharing personal data, it does not specify whether this sharing is done without consent or for an unrelated purpose, which could be a violation if not compliant with DPDP Act 2023/DPDP Rules 2025."
BC,0.7,1,TC077,Automated Decisions,violating,Section 6,,violating,compliant,Section 3(3)(a),Section 3(3)(a),8,False,"Personal data assessments are conducted by our AI system, resulting in automated decisions for loan applications, with no changes made without due process. Applicants are provided with detailed explanations and access to our support channels for further inquiries.","The text describes using personal data to make decisions that affect the Data Principal without ensuring the data's completeness, accuracy, and consistency.","The text does not describe processing personal data to make decisions that affect the Data Principal without ensuring the data's completeness, accuracy, and consistency. It mentions providing explanations and support channels, which implies the data is being managed properly."
BC,0.7,1,TC078,Automated Decisions,compliant,,,compliant,compliant,,,8,False,"Where automated processing may significantly impact your operations, you have the right to request a human review of the decision and to contest the outcome, ensuring alignment with organizational goals and strategic objectives.","The text does not explicitly mention the Data Principal's rights under sub-section (4) of section 6 or section 13, nor does it discuss complaints to the Board.","This practice aligns with the Data Principal's rights to request a human review and contest outcomes as implied by the DPDP Act, even though it is not explicitly stated in the text."
BC,0.7,1,TC079,Exemptions,violating,Section 7,,violating,violating,Section 8,Section 8,8,False,"We seek to maintain data retention for research and development purposes, as deemed necessary by our internal governance framework, while acknowledging our core business model includes advertising.",The text retains data for research and development purposes without the explicit consent of the Data Principal.,"The text does not explicitly state that personal data is retained without the Data Principal's consent, but it implies such a practice, which is a violation under DPDP Section 8."
BC,0.7,1,TC080,Exemptions,compliant,,,compliant,compliant,,,10,False,"Personal data processed in accordance with the research provisions is utilized exclusively for analytical purposes, is anonymized prior to publication, and is scheduled for disposal following the conclusion of the project.","The text describes lawful processing and disposal of personal data for analytical purposes, which is compliant with the DPDP Act 2023.","The text describes lawful processing and disposal of personal data for analytical purposes, which is compliant with the DPDP Act 2023, as it involves anonymization and disposal after the project concludes."
BC,0.7,1,TC081,Consent,compliant,,,compliant,compliant,,,8,False,"We may require your email address for the provision of certain services, including receipt delivery. There is an option to subscribe to our periodic communications, which may include but are not limited to weekly newsletters. Subscription or withdrawal preferences can be managed at any time through the provided portal.",The text does not explicitly require or collect data for a purpose that would violate the DPDP Act 2023 as per the given sections.,"The text does not describe processing personal data without valid consent or another lawful basis, nor does it violate any specific DPDP provisions mentioned."
BC,0.7,1,TC082,Consent,violating,Section 6,,violating,violating,Section 6,Section 6,9,False,"Consent for marketing purposes is presumed and is pre-selected upon registration. Users are advised to review their consent preferences, and any unmarked boxes are deemed to reflect their expressed consent.","The text implies consent is presumed and pre-selected, which is not free, specific, informed, unconditional, and unambiguous as required by the DPDP Act.","The text describes consent that is bundled and pre-ticked, which violates the requirement for free, specific, informed, unconditional, and unambiguous consent as per Section 6 of the DPDP Act 2023."
BC,0.7,1,TC083,Consent,violating,Section 6,,violating,violating,4,4,9,False,Account deactivation and associated data retention may occur following the withdrawal of consent for optional data collection.,The text does not ensure that the ease of withdrawing consent is comparable to the ease with which consent was given.,"The text does not ensure that the ease of withdrawing consent is comparable to the ease with which consent was given, as required by DPDP Section 4(4)."
BC,0.7,1,TC084,State Processing,compliant,,,compliant,violating,,Section 6,7,False,The organization manages personal information to facilitate various national initiatives. Notifications regarding data handling are disseminated through the official digital platform.,"The text does not explicitly state the collection or processing of personal data for a specific purpose, nor does it mention non-compliant practices.","While the text does not explicitly state the collection or processing of personal data for a specific purpose, it implies the handling of personal data without specifying the lawful basis or purpose, which could be a violation."
BC,0.7,1,TC085,State Processing,violating,Section 7,,violating,violating,7,7,9,False,Citizen data is shared with private sector entities for commercial purposes with the intent to serve the broader public interest.,"The text indicates sharing of citizen data with private sector entities for commercial purposes, which is not a lawful purpose under the Act.","Sharing personal data with private sector entities for commercial purposes is not a lawful basis under the DPDP Act 2023, as it does not fall under any of the specified lawful bases for processing personal data."
BC,0.7,1,TC086,Healthcare,violating,Section 6,,compliant,violating,,Section 6,8,False,"Patient medical records from our hospital are occasionally provided to pharmaceutical partners for the purpose of market research, in accordance with internal protocols and regulatory guidelines.",The text does not explicitly mention the processing of personal data without consent or for an unlawful purpose.,"While the text mentions providing patient medical records for market research, it does not explicitly state that consent is obtained from the data principals or that the purpose is lawful under the DPDP Act 2023 or Rules 2025."
BC,0.7,1,TC087,Healthcare,compliant,,,compliant,compliant,,,8,False,"Patient health data is processed exclusively for healthcare service delivery; however, the current protocol may involve indirect data sharing mechanisms that are subject to detailed review and approval processes.",The text specifies that data is processed exclusively for healthcare service delivery and that any indirect data sharing is subject to detailed review and approval processes.,"The text does not describe processing personal data without valid consent or another lawful basis, nor does it imply or bundle consent. The review and approval processes for indirect data sharing suggest a lawful and controlled practice."
BC,0.7,1,TC088,Financial,compliant,,,violating,violating,Section 7,Section 7,9,False,"We manage your financial and personal information exclusively for the purpose of payroll disbursement, in accordance with relevant employment regulations. It is imperative to note that this data handling is subject to ongoing review and may be utilized for additional purposes not currently disclosed.","The text states that data may be utilized for additional purposes not currently disclosed, which is not lawful without explicit consent.","The text implies that data may be used for additional purposes without explicit consent, which violates the principle of transparency and requires clear and specific consent for any new purposes."
BC,0.7,1,TC089,Financial,violating,Section 6,,compliant,violating,,Section 3(3)(b),8,False,"Financial transaction data is occasionally shared with authorized third parties, including credit bureaus and marketing partners, for the purpose of enhancing service offerings and ensuring the security and integrity of transactions, as determined by the company's data management policies.",The text does not explicitly mention sharing personal data without consent or for unlawful purposes.,"The text does not describe sharing personal data without valid consent or for unlawful purposes, but it lacks explicit mention of obtaining consent from the data principal for such sharing."
BC,0.7,1,TC090,Response Time,compliant,,,compliant,compliant,,,8,False,"To initiate a data inquiry or de-identification procedure, please submit via the Data Request Portal. Your case will be reviewed by our Compliance Oversight Unit and a response will be provided within the designated timeframe.",The text does not explicitly mention compliance mechanisms or grievance redressal systems as required by the DPDP Act.,"The text describes a process for submitting data inquiries and de-identification requests, which does not explicitly violate any DPDP provisions related to grievance redressal systems or compliance mechanisms."
BC,0.7,1,TC091,Response Time,violating,Rule 14,,violating,compliant,Section 11,Section 11,7,False,"Data access requests are addressed within a timeframe deemed appropriate by organizational standards, with the reserve of evaluation to approve such requests as deemed necessary, and rationale for denials may be withheld.","Rationale for denials of data access requests is not provided, contrary to the requirement for Data Fiduciaries to address such requests within the permitted time and provide reasons for denials.","The text does not specify a timeframe for addressing data access requests, nor does it state that rationales for denials will be withheld. However, it does not explicitly state that rationales for denials will always be provided, which could be interpreted as a violation of the requirement to provide reasons for denials."
BC,0.7,1,TC092,Profiling / Behavioral Advertising,violating,Section 6,,violating,compliant,Section 7,,8,False,We engage in the creation of comprehensive user engagement models through the collection of anonymized activity data across our platforms and third-party sites with the aim of enhancing user experience.,The text does not mention obtaining specific and informed consent for the processing of personal data.,"The text does not describe processing personal data without valid consent or another lawful basis, as it mentions anonymized data, which typically does not require explicit consent under DPDP provisions."
BC,0.7,1,TC093,Profiling / Behavioral Advertising,compliant,,,compliant,compliant,,,9,False,We leverage anonymized and aggregated data insights to enhance user engagement strategies. Individual profiling is strictly prohibited.,"The text does not explicitly mention data collection or processing without consent, and it prohibits individual profiling.","The text does not describe processing personal data without consent or for individual profiling, which are key concerns under the DPDP Act and Rules."
BC,0.7,1,TC094,Employee Data,violating,Section 6,,violating,violating,Section 7,Section 7,9,False,"Employee communications, including those on personal devices connected to our network, are reviewed to ensure compliance with company policies and procedures, without employees' explicit knowledge.",The text does not obtain explicit consent from employees for the processing of their personal data.,"This practice does not involve the processing of personal data for a specified purpose with the Data Principal's consent, which is a violation of Section 7 of the DPDP Act 2023."
BC,0.7,1,TC095,Employee Data,compliant,,,compliant,compliant,,,10,False,"Employee activity tracking is conducted within the parameters of company-owned digital assets and infrastructure during business hours, as per standard operational protocols. Notification of such monitoring is integrated into the broader scope of employee onboarding and contract agreements.",The text describes standard operational protocols and does not indicate any unlawful data processing.,"The text describes standard operational protocols and does not indicate any unlawful data processing, such as processing personal data without valid consent or another lawful basis."
BC,0.7,1,TC096,Edge Case Compliant,compliant,,,compliant,compliant,,,10,False,"Before proceeding, we encourage you to review our Comprehensive Privacy Policy. We gather your contact information for the purpose of facilitating your food delivery services. Post-delivery, this data is retained in accordance with our data management protocols for a period consistent with regulatory guidelines. For detailed information, please access the Full Privacy Policy here.","The text provides a clear purpose for data collection and a link to the privacy policy, which is compliant.","The text describes a lawful practice of collecting data for a specific purpose and retaining it in compliance with regulations, without any indication of unlawful processing."
BC,0.7,1,TC097,Edge Case Compliant,compliant,,,compliant,compliant,,6,10,False,"Our solution proactively monitors anomalous activity and reserves the right to implement temporary account restrictions for security enhancement. Such measures may involve the documentation of relevant user metadata, including but not limited to IP addresses and device characteristics, for the sole purpose of security and compliance.","The text describes security measures for monitoring and enhancing security, which is compliant with the DPDP Act 2023.","The text describes security measures for monitoring and enhancing security, which aligns with the requirement for reasonable security safeguards under Section 6 of the DPDP Act 2023."
BC,0.7,1,TC098,Edge Case Compliant,compliant,,,violating,violating,9,9,8,False,"We leverage your digital footprint within our ecosystem to optimize your personalized user experience. While we ensure that this information is not disclosed externally, the retention period for such data is subject to change based on our evolving operational strategies.",The text does not specify a retention period and does not ensure data is erased after the specified purpose is served.,"The text does not specify a retention period and does not ensure data is erased after the specified purpose is served, which is required by DPDP Rule 9."
BC,0.7,1,TC099,Edge Case Compliant,compliant,,,compliant,compliant,,Section 8(e),7,False,"We maintain comprehensive records of all transactions in accordance with the prescribed duration, ensuring alignment with regulatory requirements. These records are utilized for various internal and external purposes, including but not limited to, compliance verification and operational audits.","The text does not explicitly state a retention period for personal data or logs, nor does it indicate that the data is used for unauthorized purposes.","The text does not specify a retention period for personal data or logs, nor does it indicate that the data is used for unauthorized purposes. However, the lack of a specific retention period could be a violation if the data is retained indefinitely without a lawful basis."
BC,0.7,1,TC100,Edge Case Compliant,compliant,,,compliant,compliant,,,8,False,"To enhance operational integrity, our organization employs advanced analytics to identify potential anomalies in transactional data. Upon detection, a rigorous review process is initiated, involving specialized personnel, to ensure due diligence before any decisive actions are undertaken.","The text does not explicitly mention logs, monitoring, or review for unauthorized access detection or data breach notification.","The text describes a general review process for identifying anomalies without explicitly mentioning logs, monitoring, or review for unauthorized access detection or data breach notification, which are specific requirements under DPDP Rules 2025."
BC,0.7,1,TC101,Data Minimisation,compliant,,,compliant,compliant,,,10,False,"Prior to the deployment of a novel client-facing ecosystem that involves the handling of personal information, the organization undertakes a Data Privacy Risk Analysis and implements suggested mitigations in accordance with its 'privacy-first' framework.","The text describes a standard privacy practice of conducting a Data Privacy Risk Analysis and implementing mitigations, which is compliant with the Act.","The practice described is a standard privacy management activity and does not involve processing personal data without valid consent or other lawful basis, nor does it violate any specific DPDP provisions."
BC,0.7,1,TC102,Data Minimisation,violating,Section 8,,compliant,violating,,Section 6,8,False,"A new enterprise-wide HR analytics tool has been implemented, which involves the processing of personal information and sensitive data. This initiative has undergone an internal review process and will be subject to a comprehensive privacy impact assessment at a later stage. No data collection activities have been undertaken prior to this deployment, and the privacy function has been informed of the tool's existence for future reference.",The text does not explicitly mention unlawful data collection activities.,"While the text does not explicitly mention unlawful data collection activities, it does not provide sufficient information to establish a lawful basis for processing personal data, nor does it describe any consent or other lawful basis."
BC,0.7,1,TC103,Data Sharing / Disclosure,compliant,,,compliant,compliant,,,10,False,"The organization disseminates data protection protocols to its ecosystem of partners and cloud service providers, with contractual provisions mandating adherence to specified data security criteria throughout the duration of their engagement in processing personal information on our behalf.","The text describes the organization's contractual provisions for data security, which is compliant with the specified standards.","The text describes the organization's contractual provisions for data security, which is a lawful practice and does not violate any specific DPDP provision."
BC,0.7,1,TC104,Data Sharing / Disclosure,violating,Section 8,,violating,compliant,Section 9(e),Section 9(e),7,False,"The company has not established explicit privacy or security obligations with the cloud vendor in their contract, nor has there been a formal review process implemented to assess the vendor's data storage and protection practices as they pertain to the personal information received.",The text indicates the absence of formal contractual provisions for security safeguards with the cloud vendor.,"While the text describes a lack of formal contractual provisions and review processes, it does not explicitly state that these are absent or that the company is processing personal data without security safeguards. The absence of such measures does not necessarily constitute a violation unless it leads to a breach of data protection standards."
BC,0.7,1,TC105,Breach Notification,compliant,,,compliant,compliant,,12(2),10,False,"The organization has established standardized procedures for the identification, evaluation, mitigation, and handling of data privacy events. Notable incidents, as determined by internal assessments, will be communicated to impacted individuals and the applicable regulatory bodies within the prescribed timeframes.","The text describes established procedures for handling data privacy events, which is compliant.","The text describes established procedures for handling data privacy events, which is compliant with the DPDP Rules 2025, particularly Section 12(2) regarding personal data breach notification."
BC,0.7,1,TC106,Breach Notification,violating,Rule 7,,compliant,compliant,,,10,False,"Security note: The assessment of the potential exposure of customer PII indicated a level of risk that, according to internal guidelines, did not necessitate escalation to the privacy office or external parties. This decision was made by the IT department in accordance with established protocols.",The text does not indicate any explicit violation of DPDP Act 2023 requirements.,"The text does not describe processing, sharing, selling, or disclosing personal data without valid consent or another lawful basis. It only mentions an internal risk assessment and decision-making process."
BC,0.7,1,TC107,Data Principal Rights,compliant,,,compliant,compliant,,,10,False,"The organization has implemented frameworks and methodologies to manage data subject rights inquiries, including retrieval, amendment, and deletion, in accordance with relevant data protection regulations, though specific timelines and operational details are not disclosed.",The text does not explicitly state non-compliance with any DPDP sections.,"The text describes lawful practices as it mentions implementing frameworks for managing data subject rights, which aligns with DPDP requirements for handling such requests."
BC,0.7,1,TC108,Data Principal Rights,violating,Section 12,,violating,compliant,Section 10,Section 10,8,False,"A response to the customer's request for data correction was not initiated within the expected timeframe, resulting in a delay in processing. The company is in the process of enhancing its internal procedures to ensure timely acknowledgment and tracking of such requests, with the goal of providing clear escalation paths for all stakeholders involved.","The text indicates a delay in processing a request for data correction, which violates the requirement to address such requests within ninety days.","The text describes a delay in processing a request for data correction, but it also states that the company is taking steps to ensure timely acknowledgment and tracking of such requests. This indicates an ongoing effort to comply with the ninety-day requirement."
BC,0.7,1,TC109,Governance / Accountability,compliant,,,compliant,compliant,,,10,False,"The privacy function operates with a matrix of governance oversight, including a Privacy Sub-council, Data Privacy Council, and Risk Management Committee, all of which are integral to the layered approach to privacy governance. Independent validation mechanisms, including periodic audits, are employed to ensure the effectiveness of privacy controls.","The text describes governance oversight mechanisms and validation processes, which are protective measures and not violations.","The text describes governance oversight mechanisms and validation processes, which are protective measures and not violations of the DPDP Act or Rules."
BC,0.7,1,TC110,Governance / Accountability,violating,Section 8,,violating,compliant,Fiduciary,,8,False,"A company ensures the absence of a formally designated privacy function, while board-level oversight of data protection is exercised through existing governance mechanisms. Periodic reviews of data processing activities across business units are conducted, although not under a formal audit framework.",The text does not mention conducting Data Protection Impact Assessments or audits as required by Section 14.,"The text does not describe processing personal data without a lawful basis or any other specific violation of DPDP provisions. It mentions conducting periodic reviews but not under a formal audit framework, which does not necessarily violate the Act."
BC,0.7,1,TC111,Breach Notification,compliant,,,compliant,compliant,,,8,False,"During the reporting period, a single incident was identified that potentially impacted external stakeholders. The organization's comprehensive incident response framework was activated to address the matter, ensuring alignment with relevant guidelines.",The text does not explicitly indicate a data breach or violation of DPDP Act 2023 requirements.,"The text does not explicitly describe a data breach or the reporting of a breach as required by DPDP Section 6. It only mentions the activation of an incident response framework, which is a general practice and not a violation."
BC,0.7,1,TC112,Governance / Accountability,violating,Section 8,,violating,compliant,null,,8,False,"Mandatory data privacy training for employees processing significant volumes of client PII across various projects is currently under review, with no existing annual awareness programs to reinforce data protection responsibilities.",The text does not have a formal consent mechanism or data handling process as required by the DPDP Act.,"While the text describes a training program, it does not explicitly state that personal data is processed, shared, or disclosed without valid consent or another lawful basis, nor does it describe any specific violations of DPDP provisions."
BC,0.7,1,TC113,Consent,compliant,,,compliant,compliant,,,8,False,"HMD complies with the DPDP Act 2023 by securing 'express consent' for data processing activities, ensuring such consent is freely given, specific, informed, and unambiguous, in accordance with regulatory standards.",The text does not explicitly claim compliance without specified consent mechanisms.,"The text describes securing express consent, which aligns with the requirement for specific, informed, and freely given consent under the DPDP Rules, 2025. However, it does not specify the mechanisms used to ensure this, which could be a concern."
BC,0.7,1,TC114,Consent,violating,Section 6,,violating,violating,Section 6,Section 6,9,False,"A device manufacturer considers a user's continued use of a pre-installed app to be an implicit indication of consent for the processing of location and contact data for advertising purposes, without requiring any additional affirmative action from the user.","The text indicates that consent is considered implicit through continued use, which does not require an explicit, affirmative action as mandated by the law.","This practice violates the requirement for specific, informed, and unambiguous consent, as mandated by Section 6 of the DPDP Act 2023, because it does not involve an explicit, affirmative action from the user."
BC,0.7,1,TC115,Grievance Redressal,violating,Section 13,,compliant,compliant,,,10,False,"A company operating in India has established a process to redirect all queries, including those related to privacy concerns, to a centralized customer engagement team for general inquiries. This approach ensures a unified response mechanism while emphasizing commitment to customer satisfaction.",The text does not explicitly mention data processing or consent mechanisms.,"While the text does not explicitly mention data processing or consent mechanisms, it does not describe any practices that violate DPDP provisions."
BC,0.7,1,TC116,Grievance Redressal,compliant,,,compliant,compliant,,,10,False,"HMD is dedicated to addressing complaints within a defined timeframe, consistent with the organization's established procedures for grievance resolution, which align with the broader framework of the DPDPA and associated guidelines.",The text does not explicitly state any non-compliance with the DPDP Act 2023.,"The text describes adherence to the DPDP Act 2023 and associated guidelines, which is a lawful practice."
BC,0.7,1,TC117,Children's Data,compliant,,,compliant,compliant,,,10,False,"HMD ensures the processing of children's personal data complies with verifiable consent protocols established by the organization, categorizing such data as sensitive. The company maintains a rigorous approach to data protection and does not engage in the tracking or targeted advertising to children, aligning with internal privacy standards.",The text does not explicitly state a lack of specific and informed consent from the child or their guardian.,"The text aligns with DPDP provisions by ensuring verifiable consent and not engaging in tracking or targeted advertising of children, thus not violating specific DPDP rules."
BC,0.7,1,TC118,Children's Data,violating,Section 9,,violating,compliant,3,,8,False,"A phone-for-kids application gathers data including location and browsing activities with the aim of delivering personalized content. Account creation processes involve the provision of a child's email address, with no additional steps required for parental validation or verification.","The text does not require parental validation or verification, which is necessary for creating a user account for communication by email as per Section 3.","The text does not describe processing personal data for the creation of a user account for communication by email, which is the specific context of Section 3. Instead, it describes a broader application that processes location and browsing data for personalized content, which is not covered by Section 3."
BC,0.7,1,TC119,Consent,compliant,,,compliant,compliant,,,8,False,Prior to录入相关联系信息至供应商入职申请表，我们要求您确认已获取其授权。对于具备法定监护人的残疾人，我们也需验证监护人的授权。,文本仅提及数据收集前的授权确认，未明确数据收集行为,该文本描述了在录入联系信息前确认已获得授权，这符合数据处理前需获得合法授权的原则，因此不构成违反DPDP规定。
BC,0.7,1,TC120,Consent,violating,Section 6,,violating,compliant,Section 7,,8,False,"By default, the newsletter sign-up form includes the option for customers to opt into sharing their data with selected promotional partners. Customers are encouraged to review and adjust their preferences if they do not wish to participate in such data sharing activities.",The text does not require explicit consent for data sharing and does not inform customers about the purpose of data processing.,"The text describes a scenario where customers can opt-in to share their data, which is a lawful practice as long as the purpose of data processing is clear and the consent is explicit."
BC,0.7,1,TC121,Data Minimisation,compliant,,,compliant,compliant,,,10,False,"For access to our secured facilities, we may require the collection of your contact details, purpose of visit, and the individual you will be meeting with, which are essential for compliance with security protocols and operational policies.",The text does not explicitly mention the collection of personal data without consent or for unlawful purposes.,"The text describes a necessary collection of personal data for security and operational purposes, which is a lawful practice under the DPDP Act 2023."
BC,0.7,1,TC122,Data Minimisation,violating,Section 4,,compliant,violating,,Section 3(i),8,False,"To register as a one-time event visitor at our stall, please provide your Aadhaar number, PAN, driving licence, and vehicle insurance details, as deemed necessary for comprehensive participant validation, although these may not be required for brief facility visits.","The text does not explicitly request consent withdrawal, registration, or processing for research, archiving, or statistical purposes.","The text requests multiple personal data points, which may exceed the necessary data for the stated purpose of participant validation, potentially violating the principle of data minimization."
BC,0.7,1,TC123,Breach Notification,compliant,,,compliant,compliant,,,10,False,"Our comprehensive data resilience strategy mandates the immediate assessment and communication of any unauthorised access, disclosure, or loss of Personal Data that may impact confidentiality, integrity, or availability. Reporting protocols must be adhered to, as dictated by legislative requirements, ensuring all relevant parties, including Data Principals and the Data Protection Board, are promptly informed.","The text describes a strategy for immediate assessment and communication of data breaches, which is compliant with the provisions.","The text describes a strategy for immediate assessment and communication of data breaches, which aligns with the DPDP Act 2023 and Rules 2025."
BC,0.7,1,TC124,Breach Notification,violating,Rule 7,,compliant,violating,,Section 22(2)(a),7,False,"IT team note: There was an unintended exposure of contractor personnel health-related data on an unsecured server for a period of two weeks. Given the nature of the data involved, appropriate assessments are being conducted to determine the necessity of any further action, including notifications or formal documentation as per the organization's data handling procedures.",The text does not explicitly state that the organization has not notified affected Data Principals or that the breach was not reported within the required timeframe.,"The text does not explicitly state that the organization has not notified affected Data Principals or that the breach was not reported within the required timeframe. However, it lacks clear indication of timely notification and detailed reporting as required by the DPDP Act 2023 and Rules 2025."
BC,0.7,1,TC125,Data Retention,compliant,,,compliant,violating,,8,8,False,"Personal data will be retained for the duration of your engagement with Jindal Steel and for a defined period post-termination, in accordance with relevant regulatory requirements, following which the data will be managed in a secure manner as per established protocols.","The text does not explicitly state that personal data will be erased after the defined period, only that it will be managed securely.","The text does not specify an automatic erasure of data after the defined period, which could be seen as a violation of the retention and erasure obligations under DPDP Section 8."
BC,0.7,1,TC126,Data Retention,violating,Section 8,,violating,violating,Section 8,Section 8,9,False,"The retention of former job applicants' academic records, health insurance identifiers, and details of family dependents has continued for a duration of eight years following the conclusion of the recruitment process, without the establishment of a specific retention protocol or referencing applicable legal requirements.","The text does not establish a specific retention protocol or reference applicable legal requirements, and retains data longer than one year.","The text describes retaining personal data longer than one year without a specific retention protocol or reference to applicable legal requirements, which violates Section 8 of the DPDP Rules 2025."
BC,0.7,1,TC127,Data Principal Rights,compliant,,,compliant,compliant,,,10,False,"A Data Principal has inquired regarding a comprehensive summary of the Personal Data processed concerning them, including the entities acting as Data Processors. The Data Protection Officer has acknowledged receipt of the request and has committed to a formal response within the stipulated timeframe.","The text does not indicate any non-compliance with the DPDP Act 2023 as it mentions the acknowledgment of a request and commitment to a response, which is in line with the Act's requirements.","The text describes a lawful practice of acknowledging a request and committing to a response within the stipulated timeframe, which aligns with the DPDP Act 2023 and Rules 2025 requirements."
BC,0.7,1,TC128,Data Principal Rights,violating,Section 12,,violating,violating,12(1),12(1),9,False,"A Data Principal Request form was submitted by a dealer for the purpose of amending an inaccurately recorded bank account identifier. In response, the organization indicated that standard procedures do not encompass correction mechanisms, and acknowledged the DPR form as part of an ongoing compliance exercise.","The text does not indicate that the Data Fiduciary corrected, completed, updated, or erased the personal data as required by the Data Principal's request.","The text does not describe the Data Fiduciary correcting, completing, updating, or erasing the personal data as required by the Data Principal's request, which is a violation of Section 12(1) of the DPDP Act 2023."
BC,0.7,1,TC129,Grievance Redressal,compliant,,,compliant,compliant,,,9,False,"In the event that a Data Principal remains unsatisfied with the response provided by the Designated Data Protection Officer, they have the option to escalate the matter to the Data Protection Board of India or another entity designated under the DPDP Act, as outlined in the comprehensive Corporate Compliance Manual.",The text does not explicitly state an alternative entity for escalation beyond the Data Protection Board of India.,"The text does not violate any specific DPDP provision as it correctly states the available escalation options, even though it does not explicitly mention all possible entities."
BC,0.7,1,TC130,Grievance Redressal,violating,Section 13,,compliant,compliant,,,10,False,"The company's standard procedure for addressing complaints involves the utilization of a comprehensive 'Engagement Inquiry' form. While this mechanism is designed to ensure a thorough review, specific response timelines and escalation pathways are currently under review to enhance operational efficiency. Additionally, detailed guidelines on interactions with the Data Protection Authority are in the process of being developed to ensure alignment with regulatory standards.",The text does not explicitly mention non-compliance with any DPDP sections.,"The text describes the development of guidelines and procedures for addressing complaints and interacting with the Data Protection Authority, which are lawful practices and do not indicate any violation of DPDP provisions."
BC,0.7,1,TC131,Consent,compliant,,,violating,violating,7,7,9,False,"Dabur gathers health-related information for the purpose of delivering customized marketing communications, provided that such consent has been explicitly given beyond the scope of the broader Privacy Policy agreement.","The text does not provide an itemised description of the personal data and the specific purpose of processing, as required by Section 7(2)(e)(i) and (ii).","The text does not provide an itemised description of the personal data and the specific purpose of processing, as required by Section 7(2)(e)(i) and (ii)."
BC,0.7,1,TC132,Consent,violating,Section 6,,violating,violating,Section 7,Section 7,9,False,"By accessing the Dabur website, individuals are presumed to have tacitly agreed to the collection and utilization of their demographic and personal data, including but not limited to health, race, and sexual orientation, for tailored advertising purposes, without requiring explicit consent for these sensitive categories.",The text does not require explicit consent for the processing of sensitive personal data.,"The text describes a situation where consent is implied, which violates the requirement for explicit and informed consent for the processing of sensitive personal data."
BC,0.7,1,TC133,Breach Notification,compliant,,,compliant,compliant,,Section 18(2),9,False,"Dabur is committed to providing timely notifications to impacted parties via designated communication channels upon the occurrence of a data incident, in accordance with the organization's data protection and privacy framework.",The text does not explicitly mention a violation of DPDP Act 2023 requirements.,"The text describes a commitment to timely notifications, which aligns with the DPDP Act's requirement to notify the Board and affected persons of personal data breaches within a specified timeframe."
BC,0.7,1,TC134,Breach Notification,violating,Rule 7,,compliant,violating,,7(1),8,False,"IT note: Following an internal review, it has been identified that a temporary configuration oversight in the analytics environment inadvertently resulted in the unintentional exposure of aggregated customer interaction data for a limited timeframe. As part of our ongoing commitment to data stewardship and in alignment with our internal communication protocols, no external notifications were deemed necessary at this time.","The text does not indicate any external notifications were made, which is compliant with the sections provided.","While no external notifications were made, the text does not provide information on internal notifications to affected Data Principals, which is required by DPDP Rule 7(1)."
BC,0.7,1,TC135,Data Retention,compliant,,,compliant,compliant,,Section 7(3),9,False,"Dabur asserts that it maintains a strict policy of retaining personal data only for the duration essential for the intended purpose of collection, with exceptions for legal obligations or audit and compliance requirements. The company periodically assesses data for secure deletion or anonymization.",The text does not explicitly state a violation of the DPDP Act 2023 as it aligns with the lawful retention and deletion practices as per the Act.,"The text describes a policy that aligns with the DPDP Act 2023, specifically Section 7(3), which requires data to be retained for a minimum period of one year for specified purposes, unless further retention is required by law. The practice of periodic assessment for secure deletion or anonymization is a reasonable security safeguard."
BC,0.7,1,TC136,Data Retention,violating,Section 8,,violating,violating,8,8,9,False,"Behavioral insights derived from historical customer interactions, including browsing and purchase patterns observed over a multi-year period, are maintained for targeted marketing purposes and continue to inform our advertising strategies without undergoing periodic assessment, de-identification, or removal.","The text does not indicate that the data is retained only for as long as necessary and does not undergo periodic assessment, de-identification, or removal.","The text describes retaining data for marketing purposes without periodic assessment, de-identification, or removal, which is inconsistent with DPDP Section 8(8) that requires data to be retained only as long as necessary and to be periodically assessed, de-identified, or removed."
BC,0.7,1,TC137,Data Principal Rights,compliant,,,compliant,compliant,,,10,False,"A stakeholder inquired via corporatecommunications@dabur.com regarding the update and review of their recorded information, specifically pertaining to address details. The inquiry has been documented for due process in accordance with established data-subject protocols.",The text does not mention a data breach or the reporting requirements post-breach.,"The text describes a routine inquiry and update process, which does not involve a data breach or the reporting requirements post-breach."
BC,0.7,1,TC138,Data Principal Rights,violating,Section 12,,violating,violating,9,9,9,False,"A request was received from a customer seeking the deletion of their profiling and purchase-history data. In response, it was communicated that, in accordance with established data retention policies, such requests cannot be honored under any circumstances, and consequently, all profiling data continues to be maintained as per corporate standards.","The text does not allow for the erasure of personal data upon completion of the specified purpose, contrary to the requirement in Section 9.","The text describes maintaining data beyond the specified purpose, which violates the requirement in Section 9 to erase personal data upon completion of the specified purpose, unless further retention is required by law."
BC,0.7,1,TC139,Grievance Redressal,compliant,,,compliant,compliant,,,8,False,"Privacy-related inquiries directed to privacy@daburglobal.com are documented and managed by a specialized compliance unit in accordance with established protocols, ensuring timely and appropriate resolution in alignment with relevant legislative requirements.",The text does not explicitly mention data collection or processing in violation of the DPDP Act.,"The text describes documentation and management of privacy inquiries, which does not inherently involve processing personal data beyond what is necessary for resolution and does not indicate any violation of DPDP provisions."
BC,0.7,1,TC140,Grievance Redressal,violating,Section 13,,violating,compliant,Section 9,,8,False,"There has been an identified need to establish a formal mechanism for addressing privacy-related concerns, but as of now, a dedicated person or timeline has not been designated. Correspondences related to data misuse received in the general customer-care inbox are being reviewed within standard operational procedures without any specific acknowledgment or resolution process currently in place.","The text does not mention a specific communication link for accessing the website or app, or a description of other means for Data Principals to contact the Data Fiduciary.","The text does not describe a violation of DPDP Section 9, as it does not mention the lack of a specific communication link or other means for Data Principals to contact the Data Fiduciary. The text only describes the handling of data misuse complaints in a general customer-care inbox."
BC,0.7,1,TC141,Consent,compliant,,,compliant,compliant,,,10,False,"Before activating ESG certification services, PEGS presents the data classification, the precise intent, the nature of consent (optional or mandatory), and the process for consent withdrawal, subsequently requesting explicit affirmation.","The text describes the process of presenting data classification, intent, nature of consent, and consent withdrawal process, which aligns with DPDP requirements.","The text describes a process that aligns with DPDP requirements, as it involves informing the Data Principal about the nature of consent and the process for withdrawal, which is consistent with the DPDP Act 2023 and Rules 2025."
BC,0.7,1,TC142,Consent,violating,Section 6,,violating,violating,Section 7,Section 7,9,False,"By continuing to browse the My Estatez app, you are deemed to have provided implied consent for the sharing of your property and identity data with selected external partners, as per our Data Sharing Policy, unless you notify us of your preference to opt out within 7 days.",The text implies consent for sharing data without explicit consent mechanisms.,"The text implies consent for sharing data without explicit consent mechanisms, which violates the DPDP Act 2023 by not providing a clear and affirmative consent mechanism."
BC,0.7,1,TC143,Breach Notification,compliant,,,compliant,compliant,,6,7,False,"PEGS identified potential access anomalies in the secure data repository, which may impact OTP logs and device identifiers. In accordance with established protocols, the matter has been reported to the relevant authorities, and user notifications are being prepared.",The text does not explicitly mention the handling of personal data breaches or security safeguards as required by DPDP Section 6.,"The text describes the identification of potential access anomalies and the reporting of the matter to relevant authorities, which does not explicitly violate DPDP Section 6 on reasonable security safeguards. However, it lacks details on security measures and breach notification, which are critical under the DPDP Act 2023 and Rules 2025."
BC,0.7,1,TC144,Breach Notification,violating,Rule 7,,compliant,violating,,Section 18,8,False,"Management Advisory: Following an internal assessment, a potential vulnerability in server configuration was identified, inadvertently resulting in the temporary exposure of certain non-identifiable financial data for an unspecified duration. Given the current absence of reported incidents, it is recommended to monitor the situation internally and conduct a comprehensive review during the upcoming quarter, in accordance with standard operational procedures and regulatory guidelines.",The text does not explicitly mention a data breach or the need to report it.,"The text describes a potential vulnerability and temporary exposure of non-identifiable financial data, but does not explicitly state that a data breach occurred or that it needs to be reported. However, the temporary exposure of data could be considered a breach under certain interpretations, and the text does not address the reporting requirements."
BC,0.7,1,TC145,Data Retention,compliant,,,compliant,compliant,,,10,False,"Session and device identifiers utilized for authentication purposes are subject to automated purging upon session termination; however, certain instances may involve temporary retention for advanced analytics and compliance monitoring as per established data governance protocols.",The text describes lawful retention for specific purposes and does not indicate any unlawful practices.,"The text describes lawful retention for specific purposes and does not indicate any unlawful practices, aligning with the DPDP Act 2023 and Rules 2025."
BC,0.7,1,TC146,Data Retention,violating,Section 8,,violating,violating,Section 8,Section 8,9,False,"We retain all records of customer interactions, which may include personal data, for an indefinite period on our secure servers to ensure comprehensive historical documentation and potential future reference.","The text does not specify a retention period and implies indefinite retention, which is not compliant with the requirement to retain data for a specific period as per Section 8.","The text implies indefinite retention of personal data, which violates the requirement to retain data for a specific period as per Section 8."
BC,0.7,1,TC147,Data Principal Rights,compliant,,,compliant,compliant,,,8,False,"You are entitled to obtain a comprehensive overview of the personal data that our organization, PEGS, possesses regarding you, encompassing the entities with which it has been shared, by contacting our Privacy Office at privacy@pegs.org.in. Please ensure to provide your registered account credentials for verification purposes.","The text does not explicitly mention data retention, consent mechanisms, or lawful processing purposes, and thus does not indicate a violation.","The text provides a mechanism for data subjects to request their personal data, which is a lawful practice under the DPDP Act 2023, but it does not address data retention, consent mechanisms, or lawful processing purposes explicitly."
BC,0.7,1,TC148,Data Principal Rights,violating,Section 12,,compliant,violating,,Section 7(3),8,False,"The decision to retain personal data following account termination was made by the organization, in accordance with established data management protocols, and has been communicated to the individual in line with internal guidelines and procedures.",The text does not explicitly state that the data is retained beyond the specified period or without the individual's consent.,"The text does not explicitly state that data is retained beyond the specified period or without consent, but it could imply retention beyond the one-year period if not aligned with DPDP provisions."
BC,0.7,1,TC149,Children's Data,compliant,,,compliant,compliant,,Section 6(2)(b),9,False,"Our registration process for the Environmental, Social, and Governance (ESG) Certification Platform includes a user-age verification step to ensure compliance with our policy on serving individuals 18 years of age and older. This step is an integral part of the onboarding procedure to safeguard all participants.","The text explicitly states that the age verification step is for individuals 18 years and older, aligning with the required compliance.","The text describes a lawful practice of verifying user age to ensure compliance with the policy on serving individuals 18 years and older, which aligns with the DPDP Rules 2025."
BC,0.7,1,TC150,Grievance Redressal,compliant,,,compliant,compliant,,Section 30(2),9,False,"In the event that you remain dissatisfied with the response provided by the designated Privacy Officer, you have the option to escalate the matter to the Grievance Officer. Should the issue persist, you are encouraged to submit a formal complaint to the Data Protection Board of India for further review and resolution.","The text provides a pathway for escalation and formal complaint, which is compliant with the transparency and accountability measures.","The text does not obstruct or refuse data principal rights, as it provides a clear pathway for escalation and formal complaint, aligning with the transparency and accountability measures."
BC,0.7,1,TC151,Grievance Redressal,violating,Section 13,,compliant,compliant,,,9,False,"PEGS has established a comprehensive support framework, although specific roles and channels for addressing grievances are not publicly detailed. All user feedback, including concerns, are directed to a central support inbox for review. This process ensures a thorough and timely examination of all received communications on a monthly basis.","The text does not explicitly mention data collection or processing without consent, nor does it indicate any unlawful use of data.","The text does not describe any processing, sharing, or use of personal data without consent, nor does it indicate any obstruction of data principal rights. The practice is in line with the DPDP Act and Rules."
BC,0.7,1,TC152,Consent,compliant,,,compliant,violating,,5(2),8,False,"FinEdge's loan application form delineates the purpose of each data field, denotes those that are non-mandatory, and provides guidance on the procedures for withdrawing consent prior to the collection of personal and financial information.","The text does not explicitly state that consent is obtained before data collection, which is not a violation under the given rules.","While the text mentions providing guidance on withdrawing consent, it does not explicitly state that consent is obtained before data collection, which could imply pre-ticked or bundled consent, violating DPDP Act 2023 Section 5(2)."
BC,0.7,1,TC153,Consent,violating,Section 6,,violating,violating,7,7,9,False,"FinEdge's mobile application mandates the acceptance of a comprehensive 'Unified Service Agreement,' which includes but is not limited to credit evaluation processes, promotional communications, and data exchanges with insurance collaborators, as a prerequisite for account activation. This agreement is presented as a single, non-modifiable element within the account opening process.","The text does not allow Data Principals to review, manage, or withdraw their consent, which is required under Section 7.","The text describes a scenario where consent is bundled and non-modifiable, which violates the requirement for Data Principals to be able to review, manage, or withdraw their consent as per Section 7."
BC,0.7,1,TC154,Sensitive Data,compliant,,,compliant,compliant,,,10,False,"FinEdge collects and processes Personal Account Number (PAN) and Unique Identification Number (UID) exclusively for Know Your Customer (KYC) verification purposes, in strict adherence to regulatory requirements. The organization does not utilize these data elements for promoting or facilitating the cross-selling of any additional financial products or services without explicit, separate consent from the individuals involved.",The text does not explicitly mention the collection or processing of personal data without lawful purposes or consent mechanisms.,"The text describes lawful practice as it specifies the exclusive use of PAN and UID for KYC verification and adherence to regulatory requirements, which does not indicate any unlawful processing or consent issues."
BC,0.7,1,TC155,Data Retention,violating,Section 8,,violating,violating,9,9,9,False,"FinEdge maintains records associated with closed accounts for archival purposes, ensuring compliance with as-yet-undisclosed best practices, indefinitely.","FinEdge maintains records indefinitely, which is longer than the one-year retention period required by the Act.","The text states that records are maintained indefinitely for archival purposes, which exceeds the one-year retention period required by the Act."
BC,0.7,1,TC156,Breach Notification,compliant,,,compliant,compliant,,Section 17(b),9,False,"FinEdge's incident response framework mandates the timely communication with impacted stakeholders and the relevant regulatory bodies, aligning with the prescribed timelines under applicable legislation, particularly in scenarios involving the confirmation of breaches affecting sensitive financial information.",The text aligns with the prescribed timelines under applicable legislation for communication in scenarios involving breaches.,"The text describes a practice of timely communication, which aligns with the DPDP Act's requirement for reporting breaches within 72 hours."
BC,0.7,1,TC157,Data Principal Rights,violating,Section 12,,compliant,violating,,Section 12,8,False,"The modification to the record of the customer's date of birth on their loan account was not processed within the expected timeframe, and there was an internal delay exceeding the standard protocol duration without prior communication to the customer.",The text does not explicitly mention data processing or handling in a way that indicates a violation of DPDP.,"While the text does not explicitly mention data processing, it implies a delay in processing personal data without informing the customer, which could be a violation of the right to be informed under DPDP."
BC,0.7,1,TC158,Sensitive Data,compliant,,,compliant,compliant,,,10,False,"Confidential patient data, including lab results and diagnostic reports, are managed through a multi-factor authenticated patient portal, ensuring secure sharing. Third-party disclosures are strictly controlled and occur only with explicit patient authorization, as per established protocols.","The text describes secure management and controlled sharing of patient data, which is compliant.","The text describes secure management and controlled sharing of patient data, which aligns with the DPDP Act 2023 and DPDP Rules 2025, particularly in ensuring secure sharing and explicit patient authorization for third-party disclosures."
BC,0.7,1,TC159,Consent,violating,Section 6,,violating,violating,Section 5(e),Section 6(1),9,False,"MedCare has been sharing aggregated patient data with our strategic partners for the purpose of developing targeted health communications, in accordance with our established corporate protocols, without directly seeking individual patient consent for this specific use.","The text does not seek specific and informed consent for sharing patient data, which is required by the DPDP Act 2023.","The text describes sharing aggregated patient data without specific and informed consent, which violates the requirement for consent under Section 6(1) of the DPDP Act 2023."
BC,0.7,1,TC160,Breach Notification,violating,Rule 7,,violating,violating,Section 7,Section 7,9,False,"A review of the server configuration identified an unintended public access issue that inadvertently exposed a subset of diagnostic reports. Given the absence of conclusive evidence indicating any misuse of the exposed information, the internal risk assessment team opted not to proactively notify the affected individuals at this time.",The text does not notify the affected individuals within 72 hours of becoming aware of the breach.,"The text does not notify the affected individuals within 72 hours of becoming aware of the breach, which is a violation of Section 7(2)(a) of the DPDP Rules 2025."
BC,0.7,1,TC161,Children's Data,compliant,,,compliant,compliant,,Section 7(1),9,False,"For individuals under 18, our organization, MedCare, mandates verified consent from a parent or guardian prior to the dissemination of any diagnostic evaluations or the processing of minor-related health information.","The text mandates verified consent from a parent or guardian for individuals under 18, which aligns with the requirements for processing personal data of a child.","The text aligns with the requirement for obtaining verifiable consent from a parent or guardian for processing personal data of a child, as per DPDP Section 7(1)."
BC,0.7,1,TC162,Data Retention,compliant,,,compliant,compliant,,,10,False,Diagnostic records are retained in accordance with relevant regulations and are subsequently dispositioned in a secure manner.,"The text does not explicitly mention retention periods or logs for unauthorized access, which are not violations in the absence of such requirements.","The text describes a lawful practice of retaining records in compliance with regulations, without specifying retention periods or logs for unauthorized access, which are not violations in the absence of such requirements."
BC,0.7,1,TC163,Grievance Redressal,violating,Section 13,,violating,violating,Section 7,Section 7,8,False,"The process for submitting inquiries regarding the handling of health records is not publicly listed; nonetheless, the organization has established internal mechanisms to address such matters, which are reviewed periodically for continuous improvement.","The text does not provide a public point of contact for inquiries, which is required for individuals to exercise their rights.","While the text does not provide a public point of contact, it mentions internal mechanisms for addressing inquiries, which is a step towards compliance but may not fully meet the requirement."
BC,0.7,1,TC164,Data Minimisation,compliant,,,compliant,compliant,,,10,False,"ShopSphere's checkout process requires minimal personal information, including a delivery address and a phone number, which are essential for order fulfillment. Payment references are also necessary for processing transactions.",The text does not explicitly mention processing personal data for purposes outside lawful uses as defined in the Act.,"The text describes collecting necessary personal data for order fulfillment and transaction processing, which is a lawful practice under the DPDP Act 2023."
BC,0.7,1,TC165,Data Minimisation,violating,Section 4,,compliant,compliant,,,10,False,"To facilitate a seamless ordering experience, ShopSphere occasionally requests customers to provide their date of birth, gender, income bracket, and marital status; however, this information is not essential for the shipping process.",The text does not explicitly request or process personal data in a way that violates the DPDP Act 2023.,"The text does not describe processing, sharing, selling, or disclosing personal data without valid consent or another lawful basis, nor does it describe any other violations of the DPDP Act 2023 or DPDP Rules 2025."
BC,0.7,1,TC166,Profiling / Behavioral Advertising,violating,Section 6,,violating,violating,7,7,9,False,"ShopSphere develops comprehensive engagement insights for every visitor to enhance personalized offerings. These insights are activated upon visit and are designed to provide a more tailored user experience. Notably, the mechanisms for opting out or reviewing the specific data points involved are not currently available to users.","The text does not provide mechanisms for users to opt out or review the specific data points involved, which is required by Section 7.","The text describes a practice where users are not provided with mechanisms to opt out or review the specific data points involved, which is a violation of Section 7 of the DPDP Rules 2025."
BC,0.7,1,TC167,Data Sharing / Disclosure,compliant,,,compliant,compliant,,,9,False,"ShopSphere engages in the selective sharing of customer address information with designated logistics partners, integral to the fulfillment of specific orders. These partners are subject to confidentiality agreements that are intended to restrict the utilization of such data to the scope of the partnership.","The text describes the lawful sharing of data for the fulfillment of specific orders and mentions confidentiality agreements, which are protective measures.","The text describes a lawful sharing of data for the fulfillment of specific orders, provided that the partners are subject to confidentiality agreements. This practice does not violate the DPDP Act 2023 or DPDP Rules 2025 as long as the sharing is necessary and the confidentiality agreements are in place."
BC,0.7,1,TC168,Data Principal Rights,compliant,,,compliant,compliant,,,10,False,"Users are provided with the option to review, access, and manage their order history and address book entries through their personalized account dashboard, subject to corporate policies and procedures.","The text does not explicitly mention data collection or processing without consent, nor does it indicate any unlawful data handling practices.","The text describes providing users with access and management options for their data, which is a lawful practice under the DPDP Act 2023 and Rules 2025, as long as the corporate policies and procedures are in line with the Act and Rules."
BC,0.7,1,TC169,Cross-Border Transfer,violating,Section 16,,violating,violating,null,Section 11,9,False,"Customer transaction data is periodically transmitted to international support infrastructure for processing, without explicit mention of a data transfer agreement or evaluation of the host jurisdiction’s privacy standards.","The text does not mention a data transfer agreement or evaluation of the host jurisdiction’s privacy standards, which is required for lawful data transmission under the DPDP Act 2023.","The practice of transmitting customer transaction data internationally without a data transfer agreement or evaluation of the host jurisdiction’s privacy standards is a violation of the DPDP Act 2023, as it lacks the necessary safeguards for international data transfers."
BC,0.7,1,TC170,Children's Data,compliant,,,compliant,compliant,,Technical and organisational measures to ensure that verifiable consent of the parent is obtained,9,False,EduLearn's comprehensive student engagement solution mandates validated assent from a custodial guardian or educational authority prior to establishing an individualized learning record for students under the age of 18.,The text does not explicitly mention the processing of personal data of a child without verifiable consent from a parent or guardian.,"The practice ensures that consent from a custodial guardian or educational authority is obtained before processing personal data of a child, which aligns with the DPDP Rules 2025."
BC,0.7,1,TC171,Children's Data,violating,Section 9,,violating,compliant,7(b),7(b),8,False,"EduLearn's app for middle-schoolers gathers data on students' geolocation and device interaction habits to enhance personalized content delivery. This process is designed to ensure a tailored user experience, and no additional steps are required at the time of registration to address privacy concerns.",The text does not require specific and informed consent for processing geolocation and device interaction habits.,"The text does not explicitly state that EduLearn processes geolocation and device interaction habits without specific and informed consent, which is required by Section 7(b) of the DPDP Act 2023."
BC,0.7,1,TC172,Consent,compliant,,,compliant,compliant,,Section 6,10,False,"Prior to instituting the video-recording protocol for interactive sessions, EduLearn seeks affirmative participation and consent from participants, with a detailed elucidation on the intended storage and utilization of the recorded content.","The text explicitly states the intention to seek consent and provides a detailed elucidation, which is compliant with the DPDP Act 2023.","The text describes seeking explicit consent and providing detailed information, which aligns with the DPDP Act 2023 requirements for specific and informed consent."
BC,0.7,1,TC173,Data Retention,violating,Section 8,,compliant,violating,,Section 8,8,False,"Video recordings and academic performance data associated with student accounts are retained on EduLearn's secure servers for archival and analytical purposes, irrespective of account status, to ensure comprehensive educational support and assessment services are maintained over extended periods.",The text does not explicitly state a retention period that exceeds the lawful purposes or applicable laws.,"The text does not specify a retention period that exceeds the lawful purposes or applicable laws, but it does not provide a clear end date for data retention, which could be indefinite."
BC,0.7,1,TC174,Grievance Redressal,compliant,,,compliant,compliant,,Section 9,9,False,"Stakeholders are encouraged to submit data privacy concerns via a designated contact channel, with the organization undertaking to acknowledge receipt within 15 business days.","The text does not explicitly mention data breaches, data erasure timelines, or contact information for Data Principals, nor does it address verifiable consent for processing personal data of children.","The text addresses the acknowledgment of receipt of data privacy concerns within a specified timeframe, which aligns with the requirement for a point of contact for queries and complaints under DPDP Section 9."
BC,0.7,1,TC175,Data Minimisation,violating,Section 4,,violating,violating,36,36(2)(a),8,False,"To facilitate a comprehensive travel experience, TravelWise's application requests ongoing access to users' contact lists and call logs for analytical purposes, although these do not directly influence the search or booking of flights.","The text does not obtain specific and informed consent for processing personal data, including contact lists and call logs.","The text does not explicitly state that consent is obtained for processing personal data, which is a requirement under Section 36(2)(a) of the DPDP Rules 2025."
BC,0.7,1,TC176,Consent,compliant,,,violating,violating,9(a),9(a),8,False,"TravelWise implements a robust consent framework to ensure explicit, individual opt-in is obtained prior to sharing旅客的护照和签证详细信息 with airline and hotel partners for the purpose of completing a specific reservation.","The text does not mention the use of an interoperable platform for obtaining consent, which is required by Section 9(a).","The text describes obtaining explicit, individual opt-in, which is a lawful practice. However, it does not mention the use of an interoperable platform for obtaining consent, as required by Section 9(a)."
BC,0.7,1,TC177,Breach Notification,compliant,,,compliant,compliant,,,8,False,"Upon the identification of an unauthorized access event potentially impacting customer data within our vendor's database, TravelWise has initiated a comprehensive incident response protocol. Affected parties have been advised, and the matter has been reported to the relevant regulatory body in accordance with established procedures.",The text does not explicitly mention reporting the breach within 72 hours or providing detailed information as required by the sections.,"While the text does not explicitly mention reporting the breach within 72 hours or providing detailed information, it does indicate that the matter has been reported to the relevant regulatory body, which is a step towards compliance with the DPDP Act 2023 and Rules 2025."
BC,0.7,1,TC178,Cross-Border Transfer,compliant,,,compliant,compliant,,,10,False,"TravelWise facilitates the exchange of booking-related data with international aviation and accommodation partners pursuant to formalized data-sharing arrangements, which mandate the implementation of equivalent data protection measures.",The text does not explicitly state any unlawful data collection or processing practices.,"The text does not describe any unlawful data collection or processing practices, as it mentions formalized data-sharing arrangements and equivalent data protection measures."
BC,0.7,1,TC179,Data Principal Rights,violating,Section 11,,violating,compliant,6,,9,False,"The organization opted to remain non-disclosive regarding the dissemination of passport data to external parties in response to the inquiry, aligning with internal procedures designed to protect sensitive information.","The text does not provide Data Principal consent mechanisms, which is required under Section 6(1).","The text does not describe processing, sharing, selling, or disclosing personal data without valid consent or another lawful basis. It only states a policy of non-disclosure."
BC,0.7,1,TC180,Data Minimisation,compliant,,,compliant,compliant,,,8,False,"GreenAgro's proprietary farmer registration system gathers essential data, including but not limited to, farmer names, contact information, geographic coordinates, and crop varieties, to facilitate enrollment in our comprehensive supply network.",The text does not explicitly mention unlawful data collection or processing practices.,"The text does not describe any unlawful data collection or processing practices, such as collecting more data than necessary or lacking consent. It merely states the purpose of data collection."
BC,0.7,1,TC181,Consent,violating,Section 6,,compliant,compliant,,,8,False,"Participation in the data-sharing initiative with agri-insurance companies is offered to farmers upon registration, reflecting a streamlined enrollment process designed to enhance agricultural support services, with the intent to provide enhanced insurance offerings. Participants are informed of this arrangement at the time of registration, and while no explicit opt-out mechanism is currently available during the initial registration process, ongoing efforts are being made to ensure all stakeholders have the necessary information to make informed decisions.",The text does not explicitly mention any non-compliance with DPDP Act 2023 requirements.,"The text does not explicitly mention processing, sharing, or selling personal data without valid consent, nor does it describe any other violations of the DPDP Act 2023 or DPDP Rules 2025."
BC,0.7,1,TC182,Data Retention,compliant,,,compliant,compliant,,,10,False,"Compliance with retention policies for farmer registration and transaction records is maintained in alignment with the established supply relationship lifecycle, as well as pertinent tax and agricultural regulatory requirements.","The text aligns with the established supply relationship lifecycle and pertinent regulatory requirements, indicating compliance with retention policies.","The text describes adherence to retention policies in line with established regulatory requirements, which is a lawful practice."
BC,0.7,1,TC183,Grievance Redressal,violating,Section 13,,violating,compliant,Section 7,,8,False,GreenAgro does not publicly disclose any dedicated channels or contact points for farmers to express concerns regarding the utilization of their data.,"The text does not provide dedicated channels or contact points for farmers to express concerns, which is required for compliance.","The text does not describe processing, sharing, selling, or disclosing personal data without valid consent or another lawful basis, nor does it describe any other specific violation of DPDP provisions."
BC,0.7,1,TC184,Data Minimisation,compliant,,,compliant,compliant,,,10,False,"CityCab's proprietary mobile application gathers essential data elements, including but not limited to geospatial coordinates, transactional records, and vehicle identification metrics, to facilitate rider-driver pairing and financial transactions.",The text only describes data collection for a lawful purpose (facilitating financial transactions and rider-driver pairing).,"The text describes data collection for a lawful purpose, specifically to facilitate rider-driver pairing and financial transactions, which is a legitimate use of personal data."
BC,0.7,1,TC185,Profiling / Behavioral Advertising,violating,Section 6,,violating,violating,7,7,9,False,"CityCab continues to monitor rider movement patterns, even when the application is not actively in use, with the objective of enhancing service offerings. This data, collected passively, may be utilized to develop aggregated movement profiles, which could be shared with selected partners for the purpose of improving advertising relevance, all in accordance with our established privacy practices.",The text does not explicitly inform the rider about the specific purpose or the sharing of the data with partners.,"The text describes collecting and sharing personal data without informing the rider about specific purposes or consent, which violates the DPDP Act 2023/DPDP Rules 2025."
BC,0.7,1,TC186,Breach Notification,violating,Rule 7,,violating,compliant,Section 11,,8,False,"A security breach was identified and addressed by CityCab through internal procedures, ensuring the protection of rider information. However, the company is currently reviewing the best approach to notify all affected parties and the relevant data protection authorities.",The text does not mention the required details to be communicated within 72 hours of becoming aware of the breach.,"The text does not explicitly state that the notification has been sent within 72 hours, but it does indicate that the company is taking steps to address the breach and notify affected parties, which is a lawful practice under the DPDP Act 2023 and DPDP Rules 2025."
BC,0.7,1,TC187,Data Principal Rights,compliant,,,compliant,compliant,,,8,False,"Riders have the option to initiate a comprehensive data extraction process via the application's enhanced privacy management interface, with guarantees of timely compliance in accordance with established regulatory frameworks.",The text does not explicitly state a violation of DPDP Act 2023 requirements.,"The text does not explicitly state a violation of DPDP Act 2023 requirements, as it mentions compliance with regulatory frameworks but does not detail specific practices that could be problematic."
BC,0.7,1,TC188,Consent,compliant,,,compliant,compliant,,,10,False,"StreamFlix seeks explicit user consent prior to leveraging viewing history for personalized content recommendations, offering a prominent opt-out mechanism at all times.",The text explicitly states that consent is sought and an opt-out mechanism is provided.,"The text describes seeking explicit consent and providing an opt-out mechanism, which aligns with the DPDP Act 2023 requirements for informed and clear consent."
BC,0.7,1,TC189,Data Sharing / Disclosure,violating,Section 8,,violating,violating,7,7,8,False,"StreamFlix has disclosed subscribers' viewing insights and account information to external data partners for secondary utilization, pending further alignment of data handling protocols.",The text indicates that personal data is shared with external data partners for secondary utilization without clear consent mechanisms.,The text implies that personal data is shared with external data partners for secondary utilization without clear evidence of valid consent or another lawful basis.
BC,0.7,1,TC190,Children's Data,compliant,,,compliant,compliant,,,9,False,StreamFlix's未成年人用户配置文件模式旨在最小化数据收集，专注于内容推荐，并要求父母账户持有人主动激活此功能，以确保符合隐私保护标准。,文本描述了未成年人用户配置文件模式旨在最小化数据收集，并要求父母账户持有人激活此功能，符合合规要求。,该描述符合DPDP规则中关于收集必要数据和获得合法同意的要求，没有违反任何具体规定。
BC,0.7,1,TC191,Grievance Redressal,compliant,,,compliant,compliant,,,8,False,"Subscribers are encouraged to engage with StreamFlix's dedicated Privacy Compliance Unit for unresolved issues, with contact information readily accessible within the application's administrative settings.","The text does not explicitly mention data protection standards, consent mechanisms, or the obligations under the DPDP Act.","While the text mentions a Privacy Compliance Unit, it does not explicitly address data protection standards, consent mechanisms, or the obligations under the DPDP Act, which are required by the DPDP Rules."
BC,0.7,1,TC192,Data Minimisation,violating,Section 4,,compliant,compliant,,,7,False,"A smart doorbell camera is designed to continuously capture and archive audio and visual data for the purpose of enhancing security and monitoring, with the scope intended to cover the immediate vicinity, as determined by the installation guidelines provided to ensure the safety and privacy of all parties involved.","The text describes the purpose and scope of a smart doorbell camera, which does not indicate any violation of DPDP Act 2023.","The text does not explicitly state that the data is processed without valid consent or another lawful basis, but it lacks details on how consent is obtained and whether the data collection is necessary for the stated purpose."
BC,0.7,1,TC193,Breach Notification,compliant,,,compliant,compliant,,7,9,False,"HomeSecure's incident response framework mandates communication with potentially impacted stakeholders regarding unauthorized access to video feeds, alongside timely submission of relevant reports to the Data Protection Oversight Committee.",The text does not explicitly state non-compliance with any DPDP sections.,"The text describes timely communication with stakeholders and reporting to the oversight committee, which aligns with the DPDP Rules 7(1) and 7(2) on intimation and reporting of personal data breaches."
BC,0.7,1,TC194,Consent,violating,Section 6,,violating,violating,6,6,9,False,"HomeSecure facilitates the default cloud backup of all camera footage during the initial setup process, without soliciting explicit consent from the customer regarding the storage of their home footage on remote servers.",The text does not obtain explicit consent from the customer before storing their home footage on remote servers.,"The text describes a situation where consent is not explicitly obtained, which violates the requirement for valid consent under DPDP Section 6."
BC,0.7,1,TC195,Data Principal Rights,compliant,,,compliant,compliant,,,10,False,Requests for the deletion of all stored data and device-related information may be initiated via the HomeSecure application. The organization commits to processing such requests within a designated timeframe.,The text does not explicitly state that personal data and logs are retained beyond the specified period or for unlawful purposes.,"The text does not describe retaining personal data beyond the specified period or for unlawful purposes, and it commits to processing deletion requests within a designated timeframe."
BC,0.7,1,TC196,Data Minimisation,compliant,,,compliant,compliant,,,10,False,QuickBite's streamlined onboarding process for delivery partners ensures the collection of essential documentation aligned with relevant regulatory frameworks for identity verification and financial processing.,The text does not explicitly mention unlawful data collection or processing.,"The text describes a lawful practice of collecting essential documentation for identity verification and financial processing, aligned with regulatory frameworks."
BC,0.7,1,TC197,Data Sharing / Disclosure,violating,Section 8,,violating,violating,null,,7,False,"QuickBite facilitates the sharing of aggregated, anonymized delivery partner contact information with selected third parties for the purpose of exploring potential synergies, without direct notification to the delivery partners.","The text does not explicitly mention obtaining consent from the delivery partners before sharing their aggregated, anonymized contact information.","The practice does not explicitly mention obtaining consent from the delivery partners, which could be a violation if the sharing is not based on a valid lawful basis such as consent or another lawful basis."
BC,0.7,1,TC198,Governance / Accountability,compliant,,,compliant,compliant,,,10,False,"QuickBite has designated a Data Protection Coordinator, who oversees regular data protection reviews, and updates the executive committee on adherence to data protection standards on a quarterly interval.",The text does not explicitly state that QuickBite has a Significant Data Fiduciary or that the designated role is a Data Protection Officer as required by Section 7.,"The text describes a Data Protection Coordinator who conducts regular reviews, which is a lawful practice and does not violate any specific DPDP provisions."
BC,0.7,1,TC199,Data Principal Rights,violating,Section 11,,compliant,compliant,,,8,False,"The request for access to personal data, including performance-related information, which is currently not facilitated through our standard processes, was acknowledged with the rationale that 'such accommodations are not currently supported within our framework.'",The text does not explicitly mention processing personal data for purposes other than those specified in the Act.,"The text does not describe processing personal data for purposes other than those specified in the Act, nor does it indicate any other violations of the DPDP provisions."
BC,0.7,1,TC200,Consent,compliant,,,compliant,compliant,,Section 6(e),10,False,"Prior to leveraging location tracking for delivery-time estimation, QuickBite solicits explicit consent from the delivery partner and provides a detailed explanation of the intended use of the tracking data.","The text explicitly requests explicit consent and provides a detailed explanation of the intended use, which is compliant with the DPDP Act 2023.","The practice described complies with the requirement for specific and informed consent, as mandated by the DPDP Act 2023."
BC,0.9,1,TC001,Consent,violating,Section 6,,violating,violating,Section 7,Section 7,9,False,"By checking this box, you acknowledge our Commitment to Partnerships and agree to the mutual sharing of anonymized usage insights with our associated entities, in alignment with our Joint Marketing Principles.","The text does not include an itemised description of personal data or specify the purpose of processing, which are required by Section 7.","The text lacks an itemised description of personal data and specifies the purpose of processing, which are required by Section 7 of the DPDP Act 2023."
BC,0.9,1,TC002,Consent,violating,Section 6,,violating,violating,Section 7,Section 7,9,False,"Your purchase history may be processed for targeted advertising purposes, aligned with our broader business objectives and interests.",The text does not provide an itemised description of the personal data and the specific purpose of its processing.,"The text lacks an itemised description of the personal data and the specific purpose of its processing, as required by Section 7 of the DPDP Act 2023."
BC,0.9,1,TC003,Consent,violating,Section 6,,violating,violating,9(a),9(a),9,False,Your ongoing engagement with this application is deemed to imply consent to all specified data handling practices outlined in our comprehensive Data Processing Information Statement.,The text implies consent without providing an interoperable platform for Data Principals to manage their consent independently.,"The text implies consent without providing an interoperable platform for Data Principals to manage their consent independently, which violates Section 9(a) of the DPDP Rules 2025."
BC,0.9,1,TC004,Consent,violating,Section 6,,violating,violating,2,2,8,False,"Personal data may be shared with designated third parties subsequent to account creation, subject to withdrawal of consent within a 24-hour window following signup.",The text allows for sharing of personal data without ensuring that the manner of sharing is such that the contents are not readable by the Consent Manager.,"The text does not specify that the shared personal data is unreadable to the Consent Manager, which is required by Section 2 of the DPDP Rules 2025."
BC,0.9,1,TC005,Consent,violating,Section 6,,violating,violating,7(e)(i) and 7(e)(ii),7(e)(i) and 7(e)(ii),9,False,"By downloading our app, users are provided with the option to consent to the sharing of aggregated location data with our advertising partners for analytics purposes.",The text does not provide an itemised description of the personal data and the specific purpose of processing.,"The text does not provide an itemised description of the personal data and the specific purpose of processing, as required by DPDP Section 7(e)(i) and (ii)."
BC,0.9,1,TC006,Consent,compliant,,,compliant,compliant,,,10,False,"We may utilize your email address for the purpose of facilitating communications related to your account, subject to the options available within your account settings. Unsubscribing from communications is straightforward and can be executed through your account preferences.","The text provides options for the user to manage their consent and unsubscribe, which aligns with the requirements.","The text allows users to manage their consent and unsubscribe, which is in line with the DPDP Act 2023 and Rules 2025 requirements."
BC,0.9,1,TC007,Consent,compliant,,,compliant,compliant,,,10,False,"Prior to the collection of any personal data, we will ensure the provision of a comprehensive notice that delineates the specific data points being gathered, the rationale behind their collection, and the mechanisms available for individuals to revoke consent at any point in time.","The text ensures provision of a notice that includes the specific data points, rationale, and mechanisms for revoking consent, which aligns with the Right to Inform and Consent mechanisms.","The practice described aligns with the Right to Inform and Consent mechanisms as per the DPDP Act 2023, ensuring transparency and providing individuals with the means to revoke consent."
BC,0.9,1,TC008,Consent,compliant,,,compliant,violating,,Section 3(4),8,False,"The company reserves the right to process your data for marketing purposes in accordance with our standard data handling procedures, which may be reviewed and updated from time to time. You have the ability to modify your consent preferences at any time via the unsubscribe link provided in our communications, with the modification taking effect within 24 hours.","The text does not explicitly state that the processing is based on consent, nor does it mention any unlawful processing.","While the text allows for modification of consent, it does not explicitly state that the processing is based on consent, which could imply a lack of clear lawful basis for processing."
BC,0.9,1,TC009,Data Minimisation,violating,Section 4,,compliant,compliant,,,8,False,"To register for our online chess tournament, participants are requested to provide their full legal name, official email address, and maternal lineage identifier for verification purposes, along with their geographical information for event coordination and a self-declared blood type for health and safety considerations.",The text does not explicitly request personal data in a manner that would trigger DPDP compliance under the given sections.,"The text does not describe processing, sharing, selling, or disclosing personal data without valid consent or another lawful basis, nor does it describe any other violations listed. The data collected appears to be directly related to the purpose of the chess tournament."
BC,0.9,1,TC010,Data Minimisation,violating,Section 4,,violating,violating,6,6,9,False,"To ensure optimal functionality of our basic calculator app, access to your phone's microphone and contact list may be required. Should you choose not to provide this access, continued usage of the app might be limited.","The text does not limit access to the necessary extent for the specified purpose, as it requests access to the contact list, which is not necessary for a basic calculator app.","The text requests access to the microphone and contact list, both of which are not necessary for a basic calculator app, thus violating the principle of necessity as per Section 6."
BC,0.9,1,TC011,Data Minimisation,violating,Section 4,,violating,violating,null,Section 6,9,False,"Real-time location data is passively gathered by our food delivery application in the background, even when the application is not actively in use by the user.",The text does not specify the purpose or consent for collecting real-time location data.,"The practice of passively gathering real-time location data without specifying a purpose or obtaining valid consent violates the DPDP Act 2023, as it lacks a lawful basis for processing personal data."
BC,0.9,1,TC012,Data Minimisation,violating,Section 4,,violating,violating,9,9,8,False,"To establish library membership, we may request documentation that may include identification, financial information, work history, and relationship status.","The text does not mention obtaining specific and informed consent for processing personal data, which is required by Section 9.","The text describes collecting personal data for library membership, but does not specify obtaining specific and informed consent as required by Section 9 of the DPDP Act 2023."
BC,0.9,1,TC013,Data Minimisation,compliant,,,compliant,compliant,,6,8,False,Our mobility solution ensures the collection of relevant location data solely during operational sessions. Unauthorized access to location information is seamlessly restricted outside of active service utilization.,The text does not explicitly mention data collection without consent or unlawful purposes.,"The text does not describe collecting location data without consent or for unlawful purposes, and it mentions restricting unauthorized access outside of active service utilization, which aligns with reasonable security safeguards."
BC,0.9,1,TC014,Data Minimisation,compliant,,,violating,compliant,Section 7,Section 7,8,False,"We may gather certain information to facilitate your account creation, though the specifics of what data points are involved are subject to change based on our evolving operational needs. Rest assured, additional personal data is not sought or required.","The text does not provide specific and informed consent for the processing of personal data, as required by Section 7(2)(c).","While the text does not provide specific and informed consent as required by Section 7(2)(c), it does not explicitly state that additional personal data is being sought or required, nor does it describe processing without a lawful basis."
BC,0.9,1,TC015,Sensitive Data,violating,Section 4,,violating,compliant,6,6,8,False,Please provide your enrolment identifier and voluntary biometric submission for access to the premises.,"The text requests biometric data without explicit, informed, and unambiguous consent.","The text does not explicitly state that the biometric data is being processed without consent, but it implies that consent is voluntary, which aligns with the DPDP Act 2023 and Rules 2025 requiring explicit, informed, and unambiguous consent."
BC,0.9,1,TC016,Sensitive Data,violating,Section 4,,violating,violating,Section 7,Section 7,9,False,Facial recognition data is collected to enhance personalisation and product recommendations for our esteemed customers.,The text does not provide an itemised description of the personal data and the specific purpose of its processing.,"The text lacks an itemised description of the personal data and the specific purpose of its processing, as required by Section 7(e)."
BC,0.9,1,TC017,Sensitive Data,violating,Section 6,,violating,violating,Section 11,Section 11,8,False,Your fingerprint data collected for attendance purposes may also be aggregated and shared with our corporate affiliates for the enhancement of comprehensive identity verification services.,The text indicates sharing of personal data (fingerprint data) without explicit consent mechanisms for corporate affiliates.,"The text implies that fingerprint data is collected for a specific purpose but may be shared with corporate affiliates without explicit consent for that secondary use, which violates the principle of consent under DPDP."
BC,0.9,1,TC018,Consent Withdrawal,violating,Rule 3,,compliant,compliant,,Section 4(4),9,False,"Withdrawal of consent for data processing may be communicated through the submission of a formal, notarized notice to our principal office. Such notifications will be processed within ninety business days.","The text describes a method for withdrawing consent and specifies a processing timeline, which is compliant.","The text describes a method for withdrawing consent and specifies a processing timeline, which aligns with DPDP requirements for ease and clarity in withdrawing consent."
BC,0.9,1,TC019,Consent Withdrawal,violating,Rule 3,,compliant,compliant,,,8,False,"To request exclusion from data processing activities, individuals are required to engage with our dedicated verification hotline exclusively between 09:00 and 11:00 on Tuesdays, where a formal assessment period of approximately 30 minutes will be conducted.",The text does not explicitly mention data processing of children or the need for verifiable consent from parents.,"The text does not describe processing personal data of children or the need for verifiable consent from parents, so it does not violate the specific provisions related to children's data or verifiable consent."
BC,0.9,1,TC020,Consent Withdrawal,violating,Rule 3,,violating,violating,Section 4(5),Section 4(5),10,False,A fee of Rs. 500 may be incurred for the processing of your consent withdrawal request.,"The text imposes a fee for processing consent withdrawal requests, which is not allowed as the ease of withdrawing consent should be comparable to the ease with which it was given.","The text imposes a fee for processing consent withdrawal requests, which contradicts the requirement that the ease of withdrawing consent should be comparable to the ease with which it was given."
BC,0.9,1,TC021,Consent Withdrawal,compliant,,,compliant,compliant,,,10,False,Consent revocation can be initiated at any point via the system preferences interface within our application. Please be advised that the procedure may involve several steps and could have varied processing times.,"The text describes a process for initiating consent revocation, which is compliant with the DPDP Act.","The text describes a process for initiating consent revocation, which is compliant with the DPDP Act, as it allows Data Principals to withdraw their consent at any time."
BC,0.9,1,TC022,Data Retention,violating,Section 8,,violating,compliant,Section 7,,8,False,"Personal data may be retained by us for an indefinite period on our servers to enhance the ongoing development and optimization of our artificial intelligence models, subject to applicable legal requirements and with due consideration for user privacy preferences.","The text does not specify a retention period for personal data, which is required by Section 7.","The text specifies indefinite retention only for a specific purpose, subject to legal requirements and privacy considerations, which does not violate the DPDP Act 2023 or DPDP Rules 2025."
BC,0.9,1,TC023,Data Retention,violating,Section 8,,compliant,compliant,,,8,False,User data will be maintained in compliance with our long-term archival protocols for the purpose of historical insights and product enhancement initiatives.,The text does not explicitly state an unlawful purpose for data retention.,"The text describes a lawful purpose for retaining user data, which is to support historical insights and product enhancement. There is no indication of unlawful practices such as excessive data collection or retention beyond necessary purposes."
BC,0.9,1,TC024,Data Retention,compliant,,,compliant,compliant,,,8,False,"We maintain a comprehensive data retention policy in accordance with relevant regulatory frameworks, ensuring the storage of transactional data for a period commensurate with industry standards. Personal data from inactive accounts is systematically reviewed and, upon closure, is processed in a manner consistent with our data management protocols.",The text does not explicitly state a violation of DPDP requirements.,"The text does not describe any processing of personal data without valid consent or another lawful basis, nor does it describe any other practices that would violate DPDP provisions."
BC,0.9,1,TC025,Data Retention,compliant,,,compliant,compliant,,,8,False,Your personal delivery address and contact information will be processed and undergo a routine data lifecycle management review 30 days post-final transaction completion. You will be advised prior to the standard operational procedures for data handling and disposition.,The text does not explicitly state a violation of DPDP requirements.,"The text does not describe any processing, sharing, or retaining personal data beyond the stated purpose, nor does it obstruct data principal rights or fail to notify of a breach. The practice is in line with the DPDP Act 2023 and DPDP Rules 2025."
BC,0.9,1,TC026,Security,violating,Rule 6,,violating,compliant,7,,8,False,"User credentials and payment information are maintained in a structured format for enhanced accessibility by our support personnel, ensuring swift resolution of customer inquiries.","The text does not inform the user about the personal data being processed and the purpose, nor does it provide a means for the user to exercise their rights.","The text does not describe processing personal data without valid consent or another lawful basis, nor does it imply any other violations such as bundling consent or collecting unnecessary data."
BC,0.9,1,TC027,Security,violating,Rule 6,,violating,compliant,null,,8,False,"Access to our database, which houses a substantial user dataset, has been made available through an API endpoint for the facilitation and enhancement of developer workflows.",The text does not mention obtaining specific and informed consent from Data Principals for processing their personal data.,"The text does not describe processing, sharing, selling, or disclosing personal data without valid consent, nor does it mention any other specific violations of DPDP provisions."
BC,0.9,1,TC028,Security,compliant,,,compliant,compliant,,6,10,False,"We employ advanced encryption methodologies for personal data both at rest and in transit, ensuring robust security measures are in place. Access to such data is strictly limited to designated personnel.","The text describes the use of encryption and restricted access, which are compliant with DPDP Act 2023 requirements.","The text describes the use of encryption and restricted access, which align with the DPDP Act 2023's requirement for reasonable security safeguards."
BC,0.9,1,TC029,Security,compliant,,,compliant,compliant,,6,10,False,All personal data is secured on facilities that meet industry standards with enhanced access controls and ongoing surveillance to prevent unauthorized access.,"The text describes security measures that meet industry standards and include access controls and surveillance, which align with the requirements under Section 6(1) of the DPDP Act 2023.","The text describes security measures that meet industry standards and include access controls and surveillance, which align with the requirements under Section 6(1) of the DPDP Act 2023."
BC,0.9,1,TC030,Breach Notification,violating,Rule 7,,violating,violating,Section 8,Section 8,9,False,"Internal Communication: A data access incident was recently identified, potentially impacting 10,000 user records. Appropriate measures are being implemented to address the situation without disclosing the matter externally, in alignment with our standard incident management protocols.",The text does not inform affected Data Principals about the breach within seventy-two hours.,"The text does not disclose the breach to affected Data Principals within seventy-two hours, as required by Section 8 of the DPDP Rules 2025."
BC,0.9,1,TC031,Breach Notification,violating,Rule 7,,violating,violating,Section 13,Section 13(2),9,False,"A potential breach was identified six days ago, and we are currently in the process of evaluating the potential business implications before making a determination regarding user notification.",The text does not indicate that the breach was reported within 72 hours as required.,"The text does not indicate that the breach was reported within 72 hours, which is a requirement under Section 13(2) of the DPDP Rules 2025."
BC,0.9,1,TC032,Breach Notification,compliant,,,compliant,compliant,,Section 28(2)(a),9,False,"We identified an incident that may have impacted user data, including email addresses. Internal procedures were promptly initiated, and the matter was reported to the relevant regulatory body in accordance with established timelines. Individual communications regarding the potential exposure were distributed to affected parties as part of our comprehensive response strategy.",The text does not explicitly mention reporting to the Data Fiduciary or the Board within the required timeframe.,"The text describes timely reporting to the relevant regulatory body and communication to affected parties, which aligns with the DPDP Act 2023 and Rules 2025 requirements for breach notification."
BC,0.9,1,TC033,Grievance Redressal,violating,Rule 9,,violating,compliant,null,,8,False,"If individuals wish to lodge a privacy concern, we encourage the submission through our designated internal process, which can be accessed via our community portal. Please note, our current structure does not include a specific Data Protection Oversight Mechanism or a separate grievance email address at this time.","The text does not include a specific Data Protection Oversight Mechanism or a separate grievance email address, which is required by the DPDP Act 2023.","While the text does not explicitly mention a Data Protection Oversight Mechanism or a separate grievance email address, it does not describe a practice that violates the DPDP Act 2023 or DPDP Rules 2025. The internal process could potentially serve as a grievance mechanism."
BC,0.9,1,TC034,Grievance Redressal,violating,Rule 9,,compliant,violating,,Strengthening Rights of Data Principals,8,False,"Data protection inquiries must be received through authorized channels, which may include fax. We reserve the right to not process digital submissions for privacy concerns.",The text does not explicitly state a violation of DPDP Act 2023 requirements.,"The text does not specify which channels are authorized, nor does it detail how the decision to not process digital submissions is made, which could imply a lack of transparency and potentially obstructing data principal rights."
BC,0.9,1,TC035,Grievance Redressal,compliant,,,compliant,compliant,,Clear Contact for Queries and Complaints,10,False,Our Data Protection Compliance Officer can be contacted at dpc@ourenterprise.com. Ensuring all concerns are acknowledged within a designated timeframe and addressed with due diligence is a top priority.,The text provides a clear contact point for queries and complaints as required.,"The text provides a clear contact point for queries and complaints, which is in line with the DPDP Rules 2025 requirement for Data Fiduciaries to provide a point of contact for questions relating to personal data."
BC,0.9,1,TC036,Grievance Redressal,compliant,,,compliant,compliant,,Section 4(4),9,False,Engage our designated Data Protection Officer via grievance@company.in or 1800-XXX-XXXX for prompt assistance. Our commitment is to address all data protection concerns within the stipulated timeframe as mandated by regulatory requirements.,The text provides a point of contact for data protection concerns and mentions addressing concerns within the stipulated timeframe.,"The text provides a point of contact for data protection concerns and mentions addressing concerns within the stipulated timeframe, which aligns with the DPDP Rules 2025."
BC,0.9,1,TC037,Data Principal Rights,violating,Section 14,,compliant,compliant,,,8,False,"User Request: There appears to be an anomaly with the recorded surname on my account profile. 

System Response: Following our standard procedures, any amendments to historical records require comprehensive verification. Your request for data modification is being reviewed through our due diligence protocol.",The text does not explicitly state that the request is being processed within the required timeframe or that the individual can request corrections to personal data.,"The text does not explicitly state that the request is being processed within the required timeframe or that the individual can request corrections to personal data, but it does not violate any specific DPDP provisions as it mentions the review process."
BC,0.9,1,TC038,Data Principal Rights,violating,Section 14,,compliant,compliant,,Section 6,9,False,Access to personal data copies is restricted to ensure data integrity and security. Our proprietary systems are designed to prevent the extraction or export of user information.,"The text describes measures to ensure data integrity and security, which are compliant with the DPDP Act 2023.","The text describes measures to ensure data integrity and security, which are in line with DPDP Act 2023 requirements for reasonable security safeguards."
BC,0.9,1,TC039,Data Principal Rights,compliant,,,compliant,compliant,,,10,False,Requests for access to or deletion of personal data are managed in accordance with the stipulated timeframe under the DPDP Act. Please initiate such requests via the secure account management portal.,The text complies with the stipulated timeframe for requests and directs users to a secure portal.,"The text directs users to a secure portal for requests and complies with the stipulated timeframe, which aligns with the DPDP Act's provisions for handling data principal rights."
BC,0.9,1,TC040,Data Principal Rights,compliant,,,violating,violating,Right to Erase Personal Data,Right to Erase Personal Data,9,False,Personal data requests can be fulfilled through the Data Management section of your account; erasure procedures are generally completed within a standard timeframe not exceeding 30 days.,"The text suggests erasure procedures are completed within 30 days, which is shorter than the required 90 days.","The text states that erasure procedures are completed within 30 days, which is shorter than the required 90 days as per the DPDP Rules 2025."
BC,0.9,1,TC041,Children's Data,violating,Section 9,,violating,compliant,7,,8,False,"Is it confirmed that you are at least 18 years of age? If under 18, please have your guardian acknowledge the account creation and location sharing terms by clicking 'Yes'.",The text does not require the guardian to be an authorised entity as per the definition in Section 7(b).,"The text complies with the requirement for a guardian to acknowledge terms for users under 18, but does not specify that the guardian must be an authorised entity as per Section 7(b)."
BC,0.9,1,TC042,Children's Data,violating,Section 9,,compliant,violating,,Section 6,8,False,"Based on the engagement observed within the Kids Math Games section, these toy advertisements have been tailored to align with your interests.","The text does not indicate any processing of personal data of a child for providing subsidies, benefits, services, or for tracking their location, nor does it suggest processing for an unlawful purpose.","While the text does not explicitly state the collection of personal data, it implies the processing of personal data (interests) for advertising purposes, which could be a violation if not based on valid consent or another lawful basis."
BC,0.9,1,TC043,Children's Data,violating,Rule 10,,compliant,compliant,,,10,False,"Given that the account holder is below the age of 18, it is necessary to obtain authorization from a parent or legal guardian for the registration process. Kindly provide the email address associated with the guardian's account, enabling us to send a verification request through the DigiLocker service.","The text does not explicitly violate any DPDP sections as it mentions the use of DigiLocker for verification, which is a protective measure.","The text does not violate DPDP provisions as it correctly mentions the use of DigiLocker for verification, which is a protective measure and aligns with the requirement to obtain verifiable consent from a parent or legal guardian."
BC,0.9,1,TC044,Children's Data,violating,Section 9,,violating,compliant,7,,7,False,"We provide anonymized insights derived from user interactions to partnered educational technology companies, aligning with their objectives for product enhancement.",The text does not explicitly obtain specific and informed consent from users for processing their personal data.,"The text does not explicitly state that personal data is processed without consent, but it implies that anonymized data is used, which might not require explicit consent if it is anonymized and the purpose is lawful."
BC,0.9,1,TC045,Children's Data,compliant,,,compliant,compliant,,11,9,False,"For users below the defined age threshold, we ensure authorization from a primary custodian through our advanced authentication platform prior to account establishment or data handling processes.","The text ensures authorization from a primary custodian for users below the age threshold, which aligns with the requirement for processing personal data of minors.","The text describes a process of obtaining authorization from a primary custodian for users below the age threshold, which aligns with the requirement for processing personal data of minors under DPDP Section 11."
BC,0.9,1,TC046,Children's Data,compliant,,,compliant,compliant,,,9,False,Our organization ensures that no advertisements are targeted towards users under the age of 18. Such data is leveraged exclusively for enhancing educational service delivery and overall user experience.,"The text does not explicitly mention data collection or processing without consent, and it does not violate the sections provided.","The text does not describe collecting, processing, or sharing personal data without valid consent, nor does it violate the specific sections provided."
BC,0.9,1,TC047,Cross-Border Transfer,violating,Section 15,,compliant,compliant,,,8,False,"By engaging our service, individuals agree to the collection and retention of their personal information in accordance with regulatory requirements, including data handling protocols established by the Central Government in [Country X].",The text does not explicitly state that the data is used for a lawful purpose or that individuals have given specific and informed consent.,"The text does not explicitly state that individuals have given specific and informed consent, but it does not describe any unlawful practices such as processing personal data without a lawful basis or other violations."
BC,0.9,1,TC048,Cross-Border Transfer,violating,Section 15,,violating,violating,Section 4,Section 4,9,False,"User data is transferred to the servers of our parent entity in a jurisdiction yet to be determined, without any limitations.","The text does not specify any limitations on transferring personal data outside India, which is a violation of Section 4.","The text describes transferring personal data to a jurisdiction outside India without any limitations, which violates Section 4 of the DPDP Rules 2025."
BC,0.9,1,TC049,Cross-Border Transfer,compliant,,,violating,compliant,6,,9,False,All sensitive user information is maintained in data centers situated within the jurisdiction of India. We strictly adhere to policies that prevent the跨境传输 of任何个人数据.,"Text allows for the跨境传输 of个人数据, which violates the requirement to prevent such transmission.","The text does not describe the transmission of personal data across borders, which is compliant with the requirement to prevent such transmission."
BC,0.9,1,TC050,Cross-Border Transfer,compliant,,,compliant,compliant,,16,10,False,"In accordance with our established protocols, the transfer of personal data outside India is conducted exclusively to jurisdictions deemed compliant by the Central Government, adhering to relevant transfer stipulations.",The text complies with the stipulated conditions for transferring personal data outside India.,"The text describes a practice that complies with the conditions set out in DPDP Section 16 for transferring personal data outside India, as it adheres to the requirements specified by the Central Government."
BC,0.9,1,TC051,Purpose Limitation,violating,Section 6,,violating,violating,7,6(1),9,False,Thank you for providing your phone number for enhanced security purposes. This number will also be utilized to deliver daily promotional SMS messages on behalf of our valued sponsors.,The text does not provide an option for the Data Principal to withdraw consent and implies the data will be shared for promotional purposes without explicit consent.,"The text implies that the phone number will be used for promotional purposes without explicit consent from the Data Principal, which violates the requirement for free, specific, informed, and unconditioned consent."
BC,0.9,1,TC052,Purpose Limitation,violating,Section 6,,violating,violating,Section 7,Section 7,8,False,The sharing of health data provided to our fitness application may result in its analysis for the purposes of underwriting and actuarial assessments conducted by insurance entities.,"The text does not explicitly mention the consent mechanism or lawful purpose for sharing health data, which is required under Section 7 of the DPDP Act 2023.","The text describes a lawful purpose for processing health data, which is underwriting and actuarial assessments, but does not explicitly mention the consent mechanism or lawful basis for sharing health data, which is required under Section 7 of the DPDP Act 2023."
BC,0.9,1,TC053,Purpose Limitation,compliant,,,compliant,compliant,,,10,False,"The location data collected during the delivery process is utilized exclusively for routing and status updates. Post-delivery confirmation, data is scheduled for retention in accordance with our data lifecycle management policies.",The text does not explicitly state a violation of DPDP requirements.,"The text describes a lawful practice of retaining location data for routing and status updates, and subsequent retention in line with data lifecycle policies."
BC,0.9,1,TC054,Purpose Limitation,compliant,,,compliant,compliant,,,9,False,We leverage your email address exclusively for the purpose of transactional communications and critical security notifications. The utilization for marketing initiatives is strictly prohibited unless accompanied by your affirmative and explicit consent.,"The text specifies the exclusive use of the email address for transactional communications and critical security notifications, and prohibits marketing initiatives without explicit consent.","The text restricts the use of the email address to transactional communications and critical security notifications, and requires explicit consent for marketing, which aligns with the principles of lawful processing and consent."
BC,0.9,1,TC055,SDF Obligations,violating,Rule 13,,violating,violating,Section 7(1),Section 6(1),9,False,"A Data Protection Impact Assessment has not been proactively initiated within the past 24 months, although such evaluations are mandated on an annual basis.","The text indicates that a Data Protection Impact Assessment has not been conducted in the past 24 months, despite the requirement for an annual assessment.","The text describes a failure to conduct a required Data Protection Impact Assessment, which violates the DPDP Act 2023, specifically Section 6(1)."
BC,0.9,1,TC056,SDF Obligations,violating,Rule 13,,violating,violating,5,5,9,False,"Regular assessments of our algorithmic systems, which handle personal data of more than 10 crore users, have not been conducted to identify any potential impacts on data principal rights.","The text does not conduct regular assessments to identify potential impacts on data principal rights, which is required by Section 5.","The text does not describe conducting regular assessments, which is a requirement under Section 5 of the DPDP Act 2023 or Rules 2025."
BC,0.9,1,TC057,SDF Obligations,compliant,,,compliant,compliant,,,10,False,"As a Strategic Data Governance Entity, we undertake comprehensive Data Risk Assessments on a recurring basis and undergo periodic third-party evaluations. The outcomes are submitted to the Data Governance Oversight Committee.","The text describes compliance with data risk assessments and third-party evaluations, which are consistent with the provisions of the DPDP Act 2023.","The text describes compliance with data risk assessments and third-party evaluations, which are consistent with the provisions of the DPDP Act 2023."
BC,0.9,1,TC058,Consent Manager,violating,Rule 4,,violating,compliant,9(a),,8,False,"Our Consent Manager platform, which is administered by a corporation registered outside of India, is designed to ensure compliance with various jurisdictional requirements, including those pertaining to corporate incorporation.",The text does not mention independent certification that the platform is consistent with data protection standards.,"The text does not describe processing, sharing, selling, or disclosing personal data without valid consent or another lawful basis, nor does it mention any other specific violation of DPDP provisions."
BC,0.9,1,TC059,Consent Manager,compliant,,,compliant,compliant,,,10,False,"The Consent Management Solution leverages registration with the Data Protection Regulatory Body, an entity based in India, which facilitates an interoperable framework for consent management.",The text does not explicitly state a violation of DPDP Act 2023 requirements.,The text describes a lawful practice of registration with the Data Protection Regulatory Body and facilitating an interoperable framework for consent management.
BC,0.9,1,TC060,Lawful Processing,compliant,,,violating,violating,7,7,9,False,"To facilitate your organizational workflow optimization, we may require your banking information and personal identification details. Such data processing aligns with the Employment Framework clause stipulated by the DPDP Act.",The text does not provide notice to the Data Principal about the personal data and the purpose of its processing.,"The text does not provide notice to the Data Principal about the personal data and the purpose of its processing, which is a violation of Section 7 of the DPDP Act."
BC,0.9,1,TC061,Lawful Processing,compliant,,,compliant,compliant,,,7,False,"We utilize your Aadhaar number for identity verification during onboarding, in alignment with regulatory frameworks.","The text mentions compliance with regulatory frameworks and uses Aadhaar for identity verification, which is not a violation under the given sections.","While the text mentions compliance with regulatory frameworks, it does not explicitly state the purpose or basis for processing Aadhaar, which could be a violation if more personal data is collected than necessary or if consent is not properly obtained."
BC,0.9,1,TC062,Lawful Processing,violating,Section 7,,violating,violating,Section 7,Section 7,9,False,"Medical records are processed under the auspices of the state health scheme, as directed by relevant governmental authorities, for the purpose of facilitating improved healthcare outcomes, without the explicit prior consent of individuals involved, due to organizational operational requirements.",Processing is done without explicit prior consent of individuals.,"The text describes processing medical records without explicit prior consent, which violates the DPDP Act 2023 by not obtaining valid consent for the processing of personal data."
BC,0.9,1,TC063,Lawful Processing,violating,Section 6,,violating,violating,7(e),7(e),9,False,"We process personal data for purposes that, while not detailed in our privacy policy, are believed to enhance your overall experience with our services.","The text does not provide specific and informed consent, including an itemised description of personal data and the purposes of processing.","The text lacks specific and informed consent, including an itemised description of personal data and the purposes of processing, which is required by Section 7(e)."
BC,0.9,1,TC064,Data Processor,violating,Rule 6,,violating,compliant,Section 8,,8,False,"Security safeguards for user data are being managed by our third-party data processor, although no specific contractual language mandates this responsibility.","No specific contractual language mandates the responsibility for data processing, which is required under Section 8(2).","The text does not describe processing personal data without a valid basis, but rather a lack of specific contractual language. This does not inherently violate DPDP provisions."
BC,0.9,1,TC065,Data Processor,compliant,,,compliant,compliant,,,8,False,All data processors are expected to adhere to security protocols aligned with our organization's standards and are restricted from undertaking any data processing beyond the outlined scope.,"The text does not explicitly mention consent mechanisms or data sharing beyond the outlined scope, which is compliant.","The text does not describe processing, sharing, or collecting personal data without valid consent or another lawful basis, nor does it mention any other specific violations of DPDP provisions."
BC,0.9,1,TC066,Notice,violating,Rule 3,,compliant,compliant,,,7,False,Our privacy policy is provided exclusively in English and is designed to meet the complexity criteria as deemed appropriate under the DPDP Act 2023.,The text does not explicitly state that the privacy policy is not available in other languages or that it does not meet the complexity criteria as required by the DPDP Act 2023.,"The text does not explicitly state that the privacy policy is not available in other languages or that it does not meet the complexity criteria as required by the DPDP Act 2023. However, it does not provide sufficient information to confirm compliance with the Act's requirements."
BC,0.9,1,TC067,Notice,violating,Rule 3,,compliant,violating,,9(a),8,False,We present the collection of data as part of a comprehensive suite of 15 user agreement elements on the registration interface.,The text does not explicitly claim compliance without specified consent mechanisms.,"While the text does not explicitly claim compliance without specified consent mechanisms, it implies that data collection is part of a user agreement, which could be seen as bundling consent or making it a condition for using the service."
BC,0.9,1,TC068,Notice,compliant,,,compliant,compliant,,,10,False,"Prior to data collection, a distinct, concise consent disclosure is provided, outlining the nature and purpose of the data collection, along with the procedures for withdrawing consent.","The text describes providing a consent disclosure and procedures for withdrawing consent, which aligns with the requirements.","The text describes providing a consent disclosure and procedures for withdrawing consent, which aligns with the requirements of the DPDP Act 2023 and DPDP Rules 2025."
BC,0.9,1,TC069,Notice,compliant,,,compliant,violating,,12,8,False,"Our consent notice is distinctly separated from other contractual agreements and is accessible in multiple official languages, including but not limited to Hindi, Tamil, Bengali, and English, to ensure broad comprehension.","The text does not explicitly state that the consent notice is clear and easy to understand, nor does it mention the specific purpose for which personal data is collected and used.","While the text mentions the consent notice is accessible in multiple languages, it does not explicitly state that the notice is clear and easy to understand, nor does it mention the specific purpose for which personal data is collected and used."
BC,0.9,1,TC070,Nomination Rights,violating,Section 14,,violating,violating,14,14,10,False,Nomination of another person to exercise data rights on behalf of a user is not facilitated under any circumstances.,"The text does not facilitate the nomination of another person to exercise data rights, contrary to Section 14(1) of the DPDP Act.","The text explicitly states that nomination is not facilitated, which directly contradicts Section 14(1) of the DPDP Act."
BC,0.9,1,TC071,Nomination Rights,compliant,,,compliant,compliant,,,10,False,You have the option to designate a reputable party to facilitate the exercise of your DPDP rights via the Designation module within your account management interface.,"The text describes a mechanism for exercising DPDP rights, which is compliant.","This practice allows individuals to designate a party to exercise their rights, which is in line with the DPDP Act and Rules, as it supports the rights of data principals."
BC,0.9,1,TC072,Data Sharing / Disclosure,violating,Section 6,,violating,compliant,Section 7,,8,False,Anonymised user behaviour profiles are provided by us to third-party entities for utilization in commercial profiling initiatives.,"The text does not provide specific and informed consent for the processing of personal data, including an itemised description and purpose of processing.","The text describes providing anonymised user behaviour profiles to third parties for commercial profiling, which does not inherently violate the DPDP provisions if consent is obtained and the purpose is clearly communicated, as long as the anonymisation process ensures the data is no longer personal data."
BC,0.9,1,TC073,Data Sharing / Disclosure,compliant,,,compliant,compliant,,,8,False,"We engage in the exchange of aggregated, anonymized operational metrics with select academic partners. Ensured protection of individual identifiers underpins our data sharing protocols.",The text does not explicitly indicate any non-compliance with DPDP Act 2023 requirements.,"The practice described does not explicitly violate any specific DPDP provisions as it involves anonymized data and protected individual identifiers, which are compliant with the Act's requirements for data sharing."
BC,0.9,1,TC074,Data Sharing / Disclosure,violating,Section 6,,violating,violating,Section 7(e),Section 7(e),9,False,"We may share your personal data with affiliated entities for integrated product offerings, in accordance with our internal policies and procedures, without requiring additional consent for each entity.","The text does not require specific and informed consent for sharing personal data with affiliated entities, which is a violation of Section 7(e).","The text describes a practice of sharing personal data with affiliated entities without specific and informed consent for each entity, which violates the requirement for specific and informed consent as per Section 7(e)."
BC,0.9,1,TC075,Transparency,violating,Section 14,,compliant,violating,,Section 6(e),8,False,"Personal data held by us is managed in accordance with our data handling protocols, which are designed to protect user information. Users are provided with comprehensive insights into our data management practices through our privacy portal, ensuring transparency in data usage and sharing.","The text does not explicitly state that users have given specific and informed consent, nor does it mention the required details of such consent.","While the text mentions transparency and protocols, it does not explicitly state that users have given specific and informed consent, nor does it provide the required details of such consent."
BC,0.9,1,TC076,Transparency,compliant,,,compliant,violating,,Section 6(e),8,False,"In response to user inquiries, our organization furnishes a comprehensive overview of the personal data in question, the rationale for its utilization, and a roster of external parties with which such data has been exchanged.","The text provides an overview of the personal data, its utilization, and the parties involved, which aligns with the requirements for specific and informed consent.","While the text mentions providing an overview, it does not explicitly state that this is done as part of obtaining specific and informed consent, nor does it detail the minimum required elements such as the itemised description of personal data and the specified purpose of processing."
BC,0.9,1,TC077,Automated Decisions,violating,Section 6,,violating,compliant,Section 11(c)(i),,7,False,"Personal data assessments are conducted by our AI system, which may result in loan application denials. Appellate mechanisms are currently under review to ensure comprehensive compliance with regulatory standards.",The text does not mention conducting Data Protection Impact Assessments as required by Section 11(c)(i).,The text mentions conducting personal data assessments but does not explicitly state that these are Data Protection Impact Assessments as required by Section 11(c)(i).
BC,0.9,1,TC078,Automated Decisions,compliant,,,compliant,compliant,,,10,False,"Where automated processing may have a significant impact on your interests, you are entitled to a human review of the decision-making process and the opportunity to challenge the outcome.",The text does not explicitly mention any violation of DPDP Act 2023 requirements.,"This practice ensures the right to human review and challenge, which is a lawful practice under the DPDP Act 2023, as it aligns with the principles of transparency and accountability in automated decision-making."
BC,0.9,1,TC079,Exemptions,violating,Section 7,,violating,violating,Section 7,Section 6,9,False,"We seek to utilize a research exemption for the indefinite processing and retention of user data, with the primary objective of enhancing our advertising strategies.","The text does not provide specific and informed consent for the processing of personal data, nor does it specify the purpose or uses of such processing.","The text describes indefinite processing and retention without specific consent or lawful basis, which violates DPDP provisions."
BC,0.9,1,TC080,Exemptions,compliant,,,violating,compliant,7,,7,False,"Personal data processed under the research exemption will be utilized exclusively for analytical purposes; however, to ensure robust data governance, the exact scope and duration of its de-identification and eventual disposal may be subject to varying interpretations and future amendments, potentially impacting the definitive timeline for deletion.","The text does not specify a clear timeline for the deletion of personal data, which is required by Section 7.","While the text does not specify a clear timeline for deletion, it does not explicitly state that personal data will be retained indefinitely or processed without a lawful basis. The practice is vague but not necessarily a violation."
BC,0.9,1,TC081,Consent,compliant,,,compliant,compliant,,,10,False,"We require your email address for the issuance of your transaction confirmation. There is an option to subscribe to our periodic communications by selecting the corresponding field. Should you choose to unsubscribe, the process is straightforward and can be executed at any moment.",The text does not explicitly violate any DPDP sections mentioned.,"The text does not bundle or pre-tick consent, nor does it imply consent. The unsubscribe process is straightforward, which is a lawful practice."
BC,0.9,1,TC082,Consent,violating,Section 6,,violating,violating,Section 6,Section 6,9,False,Consent to marketing communications is presumed unless specifically declined by the user. Users are advised to review all form fields for their selections prior to submission.,"The text presumes consent for marketing communications without explicit user action, which is not compliant.","This practice implies consent for marketing communications without explicit user action, which violates the requirement for specific and informed consent as per Section 6(1) of the DPDP Act 2023."
BC,0.9,1,TC083,Consent,violating,Section 6,,violating,compliant,9,,8,False,Failure to provide optional data may lead to the discontinuation of your account and related data processing.,"The text implies that optional data not being provided can lead to account discontinuation and data processing cessation, which is not compliant with the DPDP Act 2023 as it does not allow for the discontinuation of services based on optional data provision.","The text does not describe processing, sharing, selling, or disclosing personal data without valid consent or another lawful basis. It only mentions the potential discontinuation of an account, which is not directly related to data processing practices under the DPDP Act 2023 or Rules 2025."
BC,0.9,1,TC084,State Processing,compliant,,,compliant,violating,,,7,False,"The organization conducts data processing activities to facilitate entitlements, as per relevant national legislation. Affected individuals are provided with detailed communications through the digital engagement platform.",The text does not explicitly state that the organization is collecting personal data without consent or for unlawful purposes.,"The text does not explicitly state that personal data is collected without consent or for unlawful purposes, but it lacks specific details on how consent is obtained and managed, which could be a violation under DPDP Act 2023."
BC,0.9,1,TC085,State Processing,violating,Section 7,,violating,violating,5,5,9,False,"Our government department facilitates the transfer of citizen data to private entities for commercial purposes, aligning with the broader interests of the community.","The text indicates the transfer of citizen data to private entities for commercial purposes, which is not a lawful purpose as per the DPDP Act 2023.","The practice described involves transferring citizen data to private entities for commercial purposes, which is not a lawful purpose as per the DPDP Act 2023."
BC,0.9,1,TC086,Healthcare,violating,Section 6,,compliant,violating,,6,8,False,"Patient medical records from our hospital are occasionally reviewed by authorized pharmaceutical partners in the interest of drug development, as per our mutual agreement and regulatory guidelines.","The text does not explicitly mention data collection, processing, or consent mechanisms, and thus does not indicate a violation of the DPDP Act 2023.","The text does not explicitly mention obtaining consent from the data principal or clearly stating the purpose and necessity of the data processing, which could imply a lack of transparency and valid consent."
BC,0.9,1,TC087,Healthcare,compliant,,,compliant,compliant,,,10,False,Patient health information is managed exclusively for healthcare delivery purposes and third-party sharing is prohibited unless explicitly authorized.,"The text does not explicitly authorize third-party sharing and prohibits it unless explicitly authorized, which aligns with the consent and use provisions.","The text does not explicitly authorize third-party sharing and prohibits it unless explicitly authorized, which aligns with the consent and use provisions of the DPDP Act 2023 and Rules 2025."
BC,0.9,1,TC088,Financial,compliant,,,compliant,compliant,,,10,False,"We manage your financial and personal information, including bank account details and PAN card, exclusively for the purpose of payroll disbursement in accordance with relevant employment statutes. It is imperative to note that this data handling is strictly confined to this purpose.",The text specifies a lawful purpose (payroll disbursement) for handling personal data.,"The text specifies a lawful purpose (payroll disbursement) for handling personal data, which is not explicitly forbidden by the DPDP Act 2023 or DPDP Rules 2025."
BC,0.9,1,TC089,Financial,violating,Section 6,,violating,violating,Section 8,Section 8,8,False,"Your financial transaction data may be reviewed and shared with select partners, including credit bureaus, marketing agencies, and data brokers, for the purpose of enhancing service offerings and fulfilling contractual obligations.",The text allows for sharing personal data without explicit consent for purposes beyond lawful activities.,"The text implies that personal data may be shared for purposes beyond those explicitly stated in the contract, which could be seen as processing without valid consent for additional purposes."
BC,0.9,1,TC090,Response Time,compliant,,,compliant,compliant,,,10,False,"To initiate a data retrieval or deletion request, please proceed to the Data Request Submission Portal. Your query will be reviewed and addressed by our Compliance Management Team within the stipulated timeframe.",The text does not explicitly mention a timeframe or the need to prominently publish contact information or obtain verifiable consent for children.,"The text does not violate DPDP provisions as it does not describe processing personal data without valid consent, bundling consent, collecting excessive data, obstructing data principal rights, or other specific violations."
BC,0.9,1,TC091,Response Time,violating,Rule 14,,violating,violating,Section 9,Section 9,9,False,"Access requests for data are managed within a timeline of 180 days, as determined by organizational policy. The company retains the discretion to decline such requests without detailed explanations.",The text allows for a longer timeline (180 days) than the required 90 days and lacks detailed explanations for declined requests.,"The text exceeds the 90-day limit required by DPDP Section 9 and does not provide detailed explanations for declined requests, which is a violation."
BC,0.9,1,TC092,Profiling / Behavioral Advertising,violating,Section 6,,violating,violating,Section 7,Section 7,8,False,"We develop comprehensive user activity insights by leveraging internet data, with third-party cookies, to enhance our understanding of user behaviors, all in compliance with relevant data handling practices.",The text does not mention obtaining specific and informed consent from users for the processing of their personal data.,"The text does not explicitly state that specific and informed consent is obtained, which is a requirement under Section 7 of the DPDP Act 2023. However, the practice described is not inherently illegal if consent is obtained and other lawful bases are followed."
BC,0.9,1,TC093,Profiling / Behavioral Advertising,compliant,,,compliant,compliant,,,10,False,We leverage anonymized and aggregated data analytics to gain insights into user behavior across the platform. It is important to note that individual user profiling is strictly prohibited within our framework.,The text does not explicitly mention any violation of DPDP Act 2023 requirements.,"The practice described does not involve processing, sharing, selling, or disclosing personal data without valid consent or another lawful basis, as it uses anonymized and aggregated data, which is compliant with DPDP Act 2023 requirements."
BC,0.9,1,TC094,Employee Data,violating,Section 6,,violating,compliant,6,6,7,False,"Comprehensive monitoring of employee communications, including personal emails and messages on devices connected to our network, is conducted with the aim of ensuring compliance and security measures are upheld.",The text does not mention reasonable security safeguards as required by Section 6.,"The practice of monitoring employee communications, while extensive, does not inherently violate Section 6 as it is not explicitly stated that this monitoring is for security safeguards as defined in the DPDP Act 2023 or Rules 2025. However, it may raise concerns regarding the proportionality and necessity of such monitoring."
BC,0.9,1,TC095,Employee Data,compliant,,,compliant,compliant,,,10,False,Employee activity tracking is confined to company-issued devices and systems during official working hours. Notification of such measures is included within the comprehensive employee engagement and compliance agreement.,The text does not indicate any processing of personal data that would be restricted or require confirmation that the data principal is not a child.,"The practice described does not involve processing personal data for purposes that would require restrictions or confirmation that the data principal is not a child, nor does it suggest any processing beyond the stated purpose."
BC,0.9,1,TC096,Edge Case Compliant,compliant,,,compliant,compliant,,,8,False,"Prior to proceeding, we encourage you to review our comprehensive Data Handling Compliance Statement. This document outlines the collection of your contact information for the sole purpose of facilitating your order processing. Please note that data retention is managed according to our standard operational procedures. For detailed information, please refer to the full statement.",The text does not explicitly state a violation of DPDP Act 2023 requirements.,"The text does not explicitly state a violation of DPDP Act 2023 requirements, as it mentions collecting contact information for order processing and managing data retention according to standard procedures."
BC,0.9,1,TC097,Edge Case Compliant,compliant,,,compliant,compliant,,6,9,False,"Our advanced security protocols monitor anomalous activity and may initiate temporary account restrictions for enhanced protection. Logistical details, including but not limited to IP addresses and device characteristics, are meticulously recorded for operational integrity.","The text describes security measures for monitoring and protecting data, which is compliant with DPDP Act 2023 requirements.","The text describes security measures that align with DPDP Rule 6, specifically monitoring and recording for security purposes."
BC,0.9,1,TC098,Edge Case Compliant,compliant,,,compliant,compliant,,,8,False,"We leverage your engagement data within our ecosystem to enhance personalisation across your user experience. While this information is utilized internally to refine our services, we maintain robust measures to ensure data integrity and confidentiality. Please note, data handling practices may be subject to periodic review and improvement.","The text does not explicitly state that data is used to make decisions affecting the Data Principal or disclosed to another Data Fiduciary, nor does it mention a lack of robust measures for data integrity and confidentiality.","The text describes using engagement data for personalisation, which does not inherently violate DPDP provisions as long as it is done lawfully and with proper measures in place."
BC,0.9,1,TC099,Edge Case Compliant,compliant,,,compliant,compliant,,,8,False,"We maintain comprehensive records of all operational activities for a defined retention period, in alignment with regulatory standards. These records are utilized for multiple organizational purposes, including but not limited to, legal compliance and internal audit.",The text does not explicitly state that the data is retained beyond lawful purposes.,"The text does not specify retaining personal data beyond the lawful purposes or for an indefinite period, which aligns with the DPDP Act 2023 and Rules 2025."
BC,0.9,1,TC100,Edge Case Compliant,compliant,,,compliant,compliant,,,8,False,"To enhance operational efficiency and risk management, our automated systems continuously monitor transactional data for potential irregularities. Upon identification of anomalies, a dedicated review process involving human analysts is initiated to ensure due diligence before any actions are undertaken.",The text describes a monitoring process for potential irregularities without indicating data retention or breach reporting.,"The text describes a monitoring process for potential irregularities without indicating data retention or breach reporting, which does not inherently violate DPDP provisions as stated."
BC,0.9,1,TC101,Data Minimisation,compliant,,,compliant,compliant,,,10,False,"Prior to the deployment of a new client-facing digital solution intended for personal data processing, the organization initiates a comprehensive Data Privacy Risk Analysis, followed by the implementation of identified mitigation strategies. This proactive approach aligns with the company's commitment to integrating privacy considerations throughout the product lifecycle.","The text describes a proactive approach to data privacy risk analysis and mitigation, which is in line with responsible data use.","This practice aligns with responsible data use and privacy considerations, as it involves a proactive approach to identifying and mitigating risks associated with personal data processing."
BC,0.9,1,TC102,Data Minimisation,violating,Section 8,,violating,violating,7,7,8,False,"A new enterprise-wide HR analytics solution has been implemented, which involves the processing of employee data, including Personally Identifiable Information (PII) and sensitive personal details. This initiative has been rolled out following standard procedural guidelines, ensuring alignment with the organization's broader data governance framework. However, it should be noted that the deployment process did not include a formal privacy impact assessment, nor did it involve a comprehensive review of the specific data elements being collected. Additionally, there was no explicit sign-off from the internal privacy function prior to the implementation.","The text does not include a formal privacy impact assessment or explicit sign-off from the internal privacy function, which are required under Section 7 of the DPDP Act.","While the text does not explicitly state that personal data is processed without a valid basis, it does not provide evidence of compliance with the required privacy impact assessment and sign-off, which are critical steps in ensuring lawful processing under the DPDP Act."
BC,0.9,1,TC103,Data Sharing / Disclosure,compliant,,,compliant,compliant,,,8,False,"The organization disseminates data handling protocols to third-party partners and digital service affiliates, stipulating adherence to specified information security criteria during the processing of personal information, though the duration and scope of these obligations remain subject to periodic reevaluation and may vary.",The text does not explicitly state a violation of DPDP Act 2023 requirements.,"The text describes a practice of disseminating data handling protocols, which is generally a lawful practice under the DPDP Act 2023, provided that the protocols include necessary security measures and compliance with the Act."
BC,0.9,1,TC104,Data Sharing / Disclosure,violating,Section 8,,violating,violating,Section 8(f),Section 8(f),9,False,"A cloud vendor retained for the processing of customer data has been informed of the general expectations regarding privacy and security, though formal written obligations are not currently documented within our contractual agreements. Additionally, there has been no formal review process established to comprehensively assess the vendor's practices regarding the storage and protection of personal data received from our organization.",The text does not mention appropriate provisions in the contract for taking reasonable security safeguards.,"The text describes a lack of formal written obligations for security safeguards in the contract, which is a violation of Section 8(f) of the DPDP Rules 2025."
BC,0.9,1,TC105,Breach Notification,compliant,,,compliant,compliant,,,10,False,"The organization has established a framework to identify, evaluate, mitigate, and oversee data protection events. Notified parties and regulatory bodies are communicated with according to outlined procedures, particularly in instances deemed high-impact or legally obligatory.","The text describes communication procedures for high-impact or legally obligatory events, which is compliant with the Act.","The text describes communication procedures for high-impact or legally obligatory events, which aligns with the DPDP Act's requirements for notifying relevant parties and regulatory bodies."
BC,0.9,1,TC106,Breach Notification,violating,Rule 7,,violating,violating,7,7,9,False,"Security notice: Following an internal review, the IT department determined that the incident involving potential exposure of customer PII did not meet the predefined criteria for escalation. As a result, the matter was managed internally without reporting it to the privacy office or external parties, in alignment with established internal guidelines.",The text does not report the incident to the privacy office or external parties within 72 hours as required by Section 7.,"The text does not report the incident to the privacy office or external parties within 72 hours, which violates the requirement under Section 7 of the DPDP Act 2023."
BC,0.9,1,TC107,Data Principal Rights,compliant,,,compliant,compliant,,14,8,False,"The organization has implemented frameworks and methodologies designed to manage data subject rights requests, including access, rectification, and deletion, in alignment with relevant data protection regulations, though specific timelines and procedures may vary across different jurisdictions.",The text does not explicitly state non-compliance with any specific section.,"The text describes lawful practices as it mentions implementing frameworks for managing data subject rights requests, which aligns with DPDP obligations. However, it does not specify adherence to specific timelines and procedures as required by DPDP."
BC,0.9,1,TC108,Data Principal Rights,violating,Section 12,,violating,violating,null,Section 12,9,False,"The company failed to provide a timely response to a customer's request for the correction of inaccuracies within their records, lacking mechanisms for acknowledgment, tracking, or internal escalation throughout the organization.","The company failed to provide a timely response to a customer's request for the correction of inaccuracies within their records, lacking mechanisms for acknowledgment, tracking, or internal escalation throughout the organization.","This practice violates the Right to Correct Personal Data, as it fails to address the request within the required timeframe and lacks necessary internal processes."
BC,0.9,1,TC109,Governance / Accountability,compliant,,,compliant,compliant,,,10,False,"The privacy function operates under a governance framework that ensures independent oversight through a structured committee hierarchy, including the Privacy Sub-council, Data Privacy Council, and Risk Management Committee. Periodic independent audits are conducted to affirm the effectiveness of privacy controls within the organization.","The text describes a governance framework for privacy controls and independent oversight, which does not indicate a violation of DPDP Act 2023.","The text describes a governance framework for privacy controls and independent oversight, which does not indicate a violation of DPDP Act 2023 or DPDP Rules 2025."
BC,0.9,1,TC110,Governance / Accountability,violating,Section 8,,violating,violating,null,null,8,False,"A company ensures the absence of a formally designated privacy function, lacks board-level governance mechanisms for data protection, and refrains from conducting routine reviews of data processing activities across various business units.","The text indicates the absence of a formally designated privacy function and board-level governance mechanisms, which are required under the DPDP Act 2023.","The text describes the absence of required governance mechanisms, which is a violation of the DPDP Act 2023, as these mechanisms are essential for compliance."
BC,0.9,1,TC111,Breach Notification,compliant,,,violating,compliant,Section 8(b)(i)-(vi),,7,False,"During the reporting period, a single incident was identified that potentially impacted external stakeholders. The organization's comprehensive incident management framework was activated to ensure all necessary actions were taken, including communication with affected parties, though specifics of the notification process are confidential for compliance reasons.","The text does not provide updated and detailed information, broad facts, measures to mitigate risk, findings regarding the person who caused the breach, remedial measures, or intimations given to affected Data Principals.","The text does not explicitly state that the organization failed to provide the required details to affected individuals, such as the nature, broad facts, measures to mitigate risk, findings, or intimations. The confidentiality for compliance reasons does not necessarily mean these details were not provided, just that they are not disclosed here."
BC,0.9,1,TC112,Governance / Accountability,violating,Section 8,,compliant,compliant,,,8,False,Employee data privacy training and annual awareness programs related to data protection obligations are currently being reviewed and may be implemented in the future to ensure ongoing compliance with data handling best practices.,The text does not explicitly mention data collection or handling without consent mechanisms.,"While the text describes future plans for training and awareness, it does not explicitly violate any DPDP provisions as it does not describe current practices of handling personal data without consent or other violations."
BC,0.9,1,TC113,Consent,compliant,,,compliant,compliant,,,10,False,"HMD adheres to the principle of relying on 'explicit consent' as a legal basis, obtained via clear and unambiguous affirmative action, as mandated under the DPDP Act 2023.",The text explicitly states adherence to explicit consent as mandated under the DPDP Act 2023.,"The text describes adherence to explicit consent, which is a lawful practice under the DPDP Act 2023."
BC,0.9,1,TC114,Consent,violating,Section 6,,violating,violating,6,6,9,False,"A device manufacturer deems a user's continued engagement with a pre-installed app as implied consent for the processing of location and contact data for advertising purposes, without requiring any explicit affirmative action from the user.",The text implies consent without requiring a clear affirmative action from the user.,"The practice violates the requirement for specific and informed consent, as it does not require a clear affirmative action from the user."
BC,0.9,1,TC115,Grievance Redressal,violating,Section 13,,violating,compliant,Section 30,,8,False,"A company operating in India has established a mechanism for handling inquiries, but has not yet designated a specific individual to oversee privacy-related grievances. All correspondence is directed to the customer relations department, which utilizes a standardized form for processing all types of queries, including privacy concerns, without any explicit commitment to a response time.",The text does not designate a specific individual to oversee privacy-related grievances as required by Section 30(a).,"While the text does not explicitly state that a specific individual is designated to oversee privacy-related grievances, it does not violate the DPDP Act 2023 or DPDP Rules 2025 as it does not describe any unlawful practice. The absence of a designated individual is not a violation unless it obstructs the exercise of data principal rights, which is not indicated here."
BC,0.9,1,TC116,Grievance Redressal,compliant,,,compliant,compliant,,,8,False,"HMD is dedicated to addressing concerns within the stipulated timeframe, in accordance with the organization's established procedures for grievance resolution, which are in alignment with the broader requirements outlined under the DPDPA and related guidelines.","The text does not explicitly mention the specific requirements for notice, purpose, consent management, or complaint handling as mandated by the DPDPA.","The text does not explicitly describe any specific practices related to processing personal data, notice, purpose, consent management, or complaint handling, which are key requirements under the DPDPA. However, it aligns with the broader requirements, which is not a violation."
BC,0.9,1,TC117,Children's Data,compliant,,,compliant,violating,,Section 7,8,False,"HMD ensures the processing of children's personal data is conducted with due diligence, including obtaining valid consent from a parent or lawful guardian, categorizing such data as sensitive, and maintaining a strict policy against tracking or serving targeted advertising to minors, thereby safeguarding privacy interests.","The text does not explicitly state that valid consent is obtained, but it does mention due diligence, which is compliant.","While the text mentions due diligence and obtaining valid consent, it does not explicitly state that valid consent is obtained, which is a requirement under DPDP Section 7(1)."
BC,0.9,1,TC118,Children's Data,violating,Section 9,,violating,violating,3,3,9,False,"A phone-for-kids application gathers location and browsing behavior data from users to deliver tailored content. The account setup process involves the provision of a user's email address, with no additional verification steps.",The text does not restrict processing to the extent necessary for creating a user account or communicating by email.,"The text describes processing location and browsing behavior data beyond what is necessary for creating a user account or communicating by email, which violates Section 3 of the DPDP Act 2023."
BC,0.9,1,TC119,Consent,compliant,,,compliant,compliant,,,10,False,Prior to录入关联方联系方式至供应商入档表格，请确认您已获得其书面同意。对于有残疾的个人，如涉及合法监护人，亦请提供监护人可验证的同意文件。,文本仅提及获得书面同意，未涉及个人数据处理相关要求。,该文本描述了在将关联方联系方式录入供应商入档表格前需获得书面同意，未涉及个人数据处理相关要求，因此不违反DPDP规定。
BC,0.9,1,TC120,Consent,violating,Section 6,,violating,compliant,Section 7,Section 7,7,False,The newsletter sign-up form pre-configures the 'Opt-in for Data Sharing with Selected Partners' option with the intention of enhancing collaborative opportunities. Customers are advised to review and modify their preferences if they prefer not to participate in these shared initiatives.,"The text implies that the 'Opt-in for Data Sharing with Selected Partners' option is pre-configured, which may be seen as a non-consensual data sharing practice.","While the practice describes a pre-configured option, it does not explicitly state that customers cannot uncheck the option, which could imply consent bundling. However, the text does not definitively describe a non-consensual data sharing practice."
BC,0.9,1,TC121,Data Minimisation,compliant,,,compliant,compliant,,,8,False,"For visitor management at our facility, we meticulously gather essential information, including your name, contact details, purpose of visit, and the individual you will be meeting, to ensure secure and compliant access protocols.",The text does not explicitly mention data collection for processing or lack of specific and informed consent mechanisms.,"While the text does not explicitly mention data collection for processing or lack of specific and informed consent mechanisms, it does not describe any unlawful practices such as processing personal data without consent or collecting unnecessary data."
BC,0.9,1,TC122,Data Minimisation,violating,Section 4,,violating,compliant,Section 3(i),,8,False,"To register as a one-time event visitor at our stall, please provide your Aadhaar number, PAN, driving licence, and vehicle insurance details, should they be required for compliance with certain administrative procedures, none of which are necessary for a brief facility visit.","The text collects Aadhaar number, PAN, driving licence, and vehicle insurance details without explicit consent mechanisms or clear indication of lawful purposes.","The text does not describe collecting personal data without valid consent or another lawful basis, as it mentions these details are required for administrative compliance, which could be a lawful purpose."
BC,0.9,1,TC123,Breach Notification,compliant,,,compliant,compliant,,"Section 53, Section 6",10,False,"Our comprehensive data governance framework mandates the immediate assessment of any unauthorised access, disclosure, or loss of Personal Data that may impact confidentiality, integrity, or availability, with subsequent communication to affected Data Principals and the Data Protection Board in accordance with legislative requirements.","The text describes a process for assessing and communicating data breaches, which is consistent with the provisions of the DPDP Act.","The text describes a process for assessing and communicating data breaches, which is consistent with the provisions of the DPDP Act, as it aligns with the requirements for notifying the Board and affected Data Principals."
BC,0.9,1,TC124,Breach Notification,violating,Rule 7,,violating,compliant,e,,8,False,"IT team note: The storage of contractor labour medical enrolment records, including blood group and health data, was inadvertently made accessible on a server that lacked adequate security protocols for a period of two weeks. Given the nature of the data involved, appropriate internal reviews and assessments are being conducted to evaluate the circumstances without immediate notification to external parties, in accordance with internal standard operating procedures.","The text does not mention retaining logs and personal data for a period of one year, which is required by Section 7(e).","The text does not describe a violation of Section 7(e) as it does not state that logs and personal data are not retained for a year, but rather focuses on the internal review and assessment process."
BC,0.9,1,TC125,Data Retention,compliant,,,violating,compliant,Section 7,Section 7,9,False,"Personal Data will be retained for the duration of your engagement with Jindal Steel and a subsequent period as deemed necessary to ensure organizational compliance, after which it is planned for secure disposal.",The text does not specify a clear retention period as mandated by the DPDP Act 2023 and does not indicate that data will be erased upon completion of the specified period.,"The text specifies a retention period and indicates that data will be erased after the specified period, which aligns with the DPDP Act 2023 requirements."
BC,0.9,1,TC126,Data Retention,violating,Section 8,,violating,violating,7,7,9,False,"The organization has maintained records related to a former job applicant, including marksheets, health insurance identification, and family dependency information, for a duration of eight years post-recruitment process completion, without specifying a retention schedule or identifying a legal basis for the continued storage of such information.",The text does not specify a lawful purpose for retaining the data beyond the recruitment process.,"The text describes retaining personal data beyond the recruitment process without specifying a lawful purpose, which violates the DPDP Rules 2025 by not identifying a valid retention period or purpose."
BC,0.9,1,TC127,Data Principal Rights,compliant,,,compliant,compliant,,11,10,False,A Data Principal has submitted a request for a summary of the Personal Data processed under their purview and the identities of Data Processors with whom such data has been shared. The Designated Data Protection Officer has acknowledged the request and communicated that a formal response will be provided within the stipulated timeframe.,The text does not explicitly state a violation of DPDP Act 2023 requirements.,"The text describes a standard procedure for responding to a Data Principal's request, which is in line with the DPDP Act 2023 and Rules 2025, particularly Section 11 which grants Data Principals the right to obtain information about their personal data and its processing."
BC,0.9,1,TC128,Data Principal Rights,violating,Section 12,,compliant,compliant,,,10,False,"A request was received regarding the updating of an allegedly inaccurate record pertaining to a banking detail. In response, standard protocols were adhered to, affirming that such modifications are to be handled through designated internal procedures, and that the submitted form serves an informational purpose.",The text does not explicitly state a violation of DPDP requirements.,"The text describes adherence to standard protocols for updating personal data, which is a lawful practice under DPDP."
BC,0.9,1,TC129,Grievance Redressal,compliant,,,compliant,compliant,,,10,False,"In the event that a Data Principal remains unsatisfied with the resolution provided by the designated Data Processing Officer, they are encouraged to explore the option of escalating the matter to the Data Protection Board of India or any other entity established pursuant to the provisions of the DPDP Act 2023, as outlined in the comprehensive Privacy Policy document.",The text does not explicitly violate any DPDP Act 2023 provisions mentioned.,"The text does not explicitly violate any DPDP Act 2023 provisions mentioned, as it merely encourages escalation to a grievance redressal mechanism, which is in line with the Act's requirements."
BC,0.9,1,TC130,Grievance Redressal,violating,Section 13,,violating,compliant,null,,7,False,"The company's formal communication framework currently comprises a universal 'Feedback Submission' mechanism, which lacks explicit time frames for response, and does not outline a structured escalation protocol or provide specific guidance for engaging with the Data Protection Authority of India.","The text does not provide explicit time frames for response, nor does it outline a structured escalation protocol or specific guidance for engaging with the Data Protection Authority of India, which are required under the DPDP Act 2023.","While the text describes a lack of explicit time frames, structured escalation protocols, and guidance for engaging with the Data Protection Authority, it does not explicitly state that these are absent or that the company is not providing such mechanisms. The text is neutral and does not describe processing personal data without valid consent or another lawful basis."
BC,0.9,1,TC131,Consent,compliant,,,violating,violating,7,7,9,False,"Dabur may collect health-related data for the purpose of delivering personalized marketing initiatives, contingent upon specific permissions granted beyond the scope of the broader privacy agreement.",The text does not provide an itemised description of the personal data and the specific purpose of its processing.,"The text does not provide an itemised description of the personal data or the specific purpose of its processing, which is required by Section 7 of the DPDP Act 2023."
BC,0.9,1,TC132,Consent,violating,Section 6,,violating,violating,Section 7,Section 7,9,False,"By accessing the Dabur website, individuals are impliedly acknowledging the collection and utilization of their demographic and health-related data for tailored advertising purposes, without necessitating additional explicit consent for such sensitive categories.",The text implies data collection and utilization without explicit consent.,"The text implies data collection and utilization without explicit consent, which violates the requirement for specific and informed consent as per Section 7(1)(e)."
BC,0.9,1,TC133,Breach Notification,compliant,,,compliant,compliant,,,10,False,"Dabur is committed to ensuring timely communication with affected parties through designated mechanisms following a data incident, in accordance with its comprehensive data management strategy as outlined in the corporate privacy protocol.",The text does not explicitly state non-compliance with the DPDP Act 2023.,"The text describes a commitment to timely communication, which aligns with the DPDP Rules' requirement for Data Fiduciaries to inform affected individuals without delay after a personal data breach."
BC,0.9,1,TC134,Breach Notification,violating,Rule 7,,compliant,compliant,,,8,False,"IT Note: During a recent review, it was identified that a certain analytics dashboard experienced an unexpected configuration state for a period, inadvertently leading to the temporary exposure of aggregated user interaction patterns. In accordance with the existing internal procedures, which emphasize continuous improvement and robustness enhancement, no external notifications were deemed necessary at the time.",The text does not indicate any non-compliance with the specified sections.,"The text does not describe processing personal data without valid consent or another lawful basis, nor does it indicate any obstruction or refusal of data principal rights. The lack of external notification does not necessarily violate the DPDP Act 2023 or DPDP Rules 2025, as the text does not specify the nature of the personal data involved or the circumstances under which the data was processed."
BC,0.9,1,TC135,Data Retention,compliant,,,compliant,compliant,,,8,False,"Dabur indicates it adheres to a data retention policy that aligns with internal standards, legal requirements, and industry best practices, although specific duration thresholds and triggers for data deletion or anonymization are subject to periodic reassessment. Regular reviews are conducted to ensure data handling practices are compliant and secure.","The text does not explicitly state a specific duration for data retention or triggers for data deletion or anonymization, which are not explicitly required by the given sections.","While the text does not explicitly state a specific duration for data retention or triggers for data deletion or anonymization, it does not violate the DPDP Act 2023 or DPDP Rules 2025 as it aligns with internal standards, legal requirements, and industry best practices, and conducts regular reviews."
BC,0.9,1,TC136,Data Retention,violating,Section 8,,violating,compliant,8,8,7,False,"Behavioral insights derived from historical interactions, including browsing and purchase activities over a multi-year period, continue to inform targeted advertising strategies. These insights are managed through a comprehensive, enterprise-wide process that ensures ongoing stewardship and governance, without explicit mention of periodic review, deletion, or anonymization steps.","The text does not mention periodic review, deletion, or anonymization steps for personal data, which is required under Section 8.","While the text does not explicitly mention periodic review, deletion, or anonymization steps, it does not describe processing, sharing, selling, or disclosing personal data without valid consent or another lawful basis. The practice is not bundled, implied, or made a condition for an unrelated purpose."
BC,0.9,1,TC137,Data Principal Rights,compliant,,,compliant,compliant,,Section 12,10,False,"A request was received via the corporate email system, directed to the data management team at Dabur India, seeking access to and rectification of personal data. The request, logged as part of the data-subject rights procedure, pertains to updating an outdated address.","The text describes a request for access and rectification of personal data, which aligns with the Right to Correct Personal Data and Right to Update Personal Data as per the provided sections.","The text describes a lawful practice of responding to a request for access and rectification of personal data, which is in line with the DPDP Act 2023 and Rules 2025."
BC,0.9,1,TC138,Data Principal Rights,violating,Section 12,,violating,compliant,Section 8,,7,False,"A customer inquiry regarding the deletion of profiling and purchase-history data was received. Dabur has reviewed the request and informed that, in accordance with existing data management protocols, deletion of such data is not feasible under current operational guidelines. All profiling information continues to be retained for ongoing analysis and service improvement purposes.","The text indicates that data is retained for ongoing analysis and service improvement purposes, which is not a lawful purpose as per the DPDP Act 2023.","The text does not specify the lawful basis for retaining the data, but it does not explicitly state that the retention is for an unlawful purpose. The purpose of ongoing analysis and service improvement could be considered a legitimate business need."
BC,0.9,1,TC139,Grievance Redressal,compliant,,,compliant,compliant,,,10,False,"Complaints pertaining to privacy matters are recorded and addressed by a designated team in a timely manner, in accordance with established procedures as required by relevant regulations.",The text does not explicitly mention any non-compliance with the DPDP Act 2023.,"The text describes a standard procedure for handling complaints, which is in line with the DPDP Act 2023 and does not indicate any violation of specific provisions."
BC,0.9,1,TC140,Grievance Redressal,violating,Section 13,,violating,violating,null,Clear Contact for Queries and Complaints,8,False,"There has been a review and enhancement process initiated for establishing a dedicated mechanism for addressing privacy concerns, but as of now, no formal person or timeline has been designated. Complaints received via the general customer-care inbox regarding data misuse are being reviewed internally to ensure compliance, though formal acknowledgment and resolution processes are in the planning phase.",No formal person or timeline has been designated for addressing privacy concerns.,"While the practice of reviewing complaints internally is ongoing, it does not yet meet the requirement of having a formal person or timeline for addressing privacy concerns, as mandated by the DPDP Rules."
BC,0.9,1,TC141,Consent,compliant,,,compliant,compliant,,,10,False,"Prior to activating ESG certification services, PEGS outlines the data categories involved, the intended purposes, the nature of consent required (optional or mandatory), and the process for withdrawal, before requesting explicit confirmation of your agreement.","The text outlines the process for obtaining consent and withdrawal, which is compliant.","The text describes a process that aligns with the DPDP Act 2023 and Rules 2025, as it outlines necessary details and requires explicit consent."
BC,0.9,1,TC142,Consent,violating,Section 6,,violating,violating,Section 7,Section 7,9,False,"By continuing to browse the My Estatez app, you are deemed to have provided tacit consent for the transfer of your property and identity data to our affiliated marketing entities, unless notified otherwise via email within seven business days.","The text implies consent is given tacitly by continuing to browse, which is not compliant with explicit consent requirements.","The text describes consent being given tacitly by continuing to browse, which is not compliant with the explicit consent requirements as per Section 7 of the DPDP Act 2023."
BC,0.9,1,TC143,Breach Notification,compliant,,,violating,compliant,null,null,7,False,"PEGS identified potential breaches involving database access that may have impacted OTP logs and device identifiers. As per the guidelines from the Cybersecurity and Information Security Agency (CISA), the matter has been escalated for further review. Notification to affected parties is pending final approval.",The text does not mention notification to affected individuals within 72 hours of becoming aware of the breach.,"The text does not explicitly state that notification to affected individuals has not been made within 72 hours, but it also does not confirm that it has been made. Given the pending final approval, it is unclear if the 72-hour notification has been fulfilled."
BC,0.9,1,TC144,Breach Notification,violating,Rule 7,,violating,violating,7,7,9,False,"Security team note: A potential vulnerability in the system infrastructure led to the temporary exposure of certain user-related financial information for an extended period. To ensure comprehensive assessment and alignment with organizational protocols, the affected parties' details have been retained for future evaluation without immediate external notification.","The text retains affected parties' details for future evaluation without immediate external notification, which does not comply with the requirement to intimate affected Data Principals without delay.","The text does not describe retaining personal data indefinitely or obstructing data principal rights, but it does delay notification to affected Data Principals, which is a violation of the DPDP Rules 2025."
BC,0.9,1,TC145,Data Retention,compliant,,,compliant,compliant,,Section 8(e),9,False,"Session and device identifiers, critical for authentication processes, are subject to automated purging upon session conclusion; however, extended retention may occur in specific instances for enhanced risk assessment and compliance verification, as outlined in our detailed data retention strategy.",The text does not explicitly state a violation of DPDP requirements.,"The text describes a practice of purging session and device identifiers upon session conclusion, with extended retention only in specific instances, which aligns with the DPDP requirements for data retention."
BC,0.9,1,TC146,Data Retention,violating,Section 8,,violating,violating,Section 9(e),Section 9(e),9,False,"We retain all records of customer interactions, encompassing relevant personal information, for an indefinite period on our secure servers to ensure comprehensive historical data for potential future analysis and compliance purposes.","The text does not specify a retention period and implies indefinite retention, which is not compliant with the requirement to retain data for at least one year.","The text implies indefinite retention of personal data, which violates the requirement to retain data for at least one year, as per Section 9(e) of the DPDP Rules 2025."
BC,0.9,1,TC147,Data Principal Rights,compliant,,,compliant,compliant,,,8,False,"You are entitled to obtain a concise overview of the personal data managed by PEGS, encompassing the entities with which it has been shared, through correspondence with privacy@pegs.org.in, utilizing your validated account credentials for authentication purposes.",The text does not explicitly mention obtaining specific and informed consent or data retention for at least one year.,"The text does not describe processing, sharing, or retaining personal data in a way that violates specific DPDP provisions. However, it does not address the requirement for specific and informed consent or the retention period for personal data."
BC,0.9,1,TC148,Data Principal Rights,violating,Section 12,,violating,compliant,9,,8,False,"The organization received a request for the deletion of user data post-account termination. Following internal procedures, the decision was made to continue retention of the data, aligning with established data management policies.","The text indicates the data will be retained despite a request for deletion, contradicting the requirement to erase data upon completion of the specified period unless further retention is required by law.","The text describes a decision to retain data in accordance with internal policies, which does not necessarily violate the DPDP Act 2023 or DPDP Rules 2025 if the retention is within the permitted period and for lawful purposes."
BC,0.9,1,TC149,Children's Data,compliant,,,compliant,compliant,,null,10,False,"Our registration process for the Environmental, Social, and Governance (ESG) Certification Platform explicitly indicates that the Services are not designed for persons under the age of 18. The process incorporates an age-confirmation mechanism prior to proceeding with account creation.",The text does not explicitly mention the need for verifiable consent from a parent or guardian for children under 18.,"The text describes a lawful practice of ensuring that the platform is not used by persons under 18 and confirms their age, which aligns with the DPDP Rules 2025."
BC,0.9,1,TC150,Grievance Redressal,compliant,,,compliant,compliant,,,10,False,"For instances where initial correspondence with the Designated Privacy Representative does not yield a satisfactory resolution, stakeholders are encouraged to engage with the Internal Grievance Mechanism. Should this internal process fail to address concerns adequately, formal escalation to the External Review Committee of the Data Governance Oversight Council may be pursued.",The text describes a grievance resolution process which is compliant with the Act.,"This practice ensures that data principals have a clear and multi-tiered grievance redressal mechanism, which is in line with the DPDP Act's requirement for accountability and transparency."
BC,0.9,1,TC151,Grievance Redressal,violating,Section 13,,compliant,compliant,,,10,False,"PEGS has established a comprehensive support framework that encourages users to direct their concerns to the designated operational assistance inbox, which is reviewed periodically by the relevant stakeholders to ensure a timely and effective response.","The text does not mention data collection, processing, or any specific non-compliant activities.","The text describes a support framework for user concerns, which does not involve data collection, processing, or any non-compliant activities."
BC,0.9,1,TC152,Consent,compliant,,,compliant,compliant,,,10,False,"FinEdge's application interface transparently delineates the intent of various data segments, indicating those that are non-mandatory, and provides guidance on the mechanisms for withdrawing consent prior to the submission of personal and financial information.","The text describes transparency and guidance on consent mechanisms, which are compliant with the DPDP Act 2023.","The text describes transparency and guidance on consent mechanisms, which are compliant with the DPDP Act 2023 and Rules 2025, particularly in line with the requirement for clear and plain language in consent notices."
BC,0.9,1,TC153,Consent,violating,Section 6,,violating,violating,9,9,8,False,"FinEdge's mobile application incorporates a unified 'practical consent framework' designed to cover essential operations including, but not limited to, credit scoring, targeted communications, and the facilitation of data sharing with insurance partners. This framework is presented to customers as a necessary step to proceed with account opening.","The text does not mention any independent certification of the consent management platform, which is required by Section 9(a).","The text describes a consent framework that is presented as a necessary step for account opening, which could imply pre-ticked or bundled consent, violating the DPDP Act 2023 by not providing a clear and separate option for consent."
BC,0.9,1,TC154,Sensitive Data,compliant,,,compliant,compliant,,,10,False,"FinEdge collects Personal Account Number (PAN) and Unique Identification Authority of India (Aadhaar) data solely for Know Your Customer (KYC) verification purposes in compliance with regulatory requirements. The organization ensures that this data is not utilized for cross-selling or promoting additional financial products, services, or solutions without obtaining explicit consent from the individuals concerned.",The text explicitly states the data is used solely for KYC verification and does not mention any unlawful collection or use.,"The text explicitly states that the data is used solely for KYC verification and does not mention any unlawful collection or use, thus it does not violate the DPDP Act 2023 or DPDP Rules 2025."
BC,0.9,1,TC155,Data Retention,violating,Section 8,,violating,violating,9,9,8,False,"FinEdge maintains the storage of KYC documents and transaction histories associated with closed accounts for an extended period, in alignment with internal policies designed to ensure comprehensive record-keeping, without specifying a fixed retention timeline.","FinEdge does not specify a fixed retention timeline, contradicting the requirement to retain data for at least one year.","The text does not specify a fixed retention timeline, which may be seen as contradicting the requirement to retain data for at least one year, as per the DPDP Rules 2025, Section 9."
BC,0.9,1,TC156,Breach Notification,compliant,,,compliant,compliant,,,10,False,"FinEdge's enterprise-wide incident response framework mandates the timely communication to impacted parties and the requisite data protection regulatory bodies, adhering to the stipulated notification periods as defined in the relevant legislation.",The text does not explicitly state a violation of DPDP Act 2023 requirements.,"The text describes adherence to notification requirements, which is a lawful practice under the DPDP Act 2023."
BC,0.9,1,TC157,Data Principal Rights,violating,Section 12,,compliant,compliant,,,8,False,The update of a customer's date of birth on their loan account was未能及时处理，在此期间未收到客户支持的确认反馈。,文本未提及违反数据保护和隐私相关法律法规的具体行为或信息。,"The text does not explicitly state or imply any unlawful processing of personal data, such as processing without consent or failing to notify of a data breach. It only describes a delay in processing and lack of feedback, which is not a violation under the given DPDP sections."
BC,0.9,1,TC158,Sensitive Data,compliant,,,compliant,compliant,,,8,False,"Lab results and diagnostic reports are disseminated exclusively via a multi-factor authenticated patient portal, ensuring secure access; however, the mechanisms for third-party disclosure, particularly in scenarios involving data sharing agreements, require continuous audit and compliance validation.",The text describes secure access mechanisms and does not indicate any unlawful third-party disclosure.,"The text does not explicitly state that personal data is processed, shared, or disclosed without valid consent, nor does it indicate any unlawful third-party disclosure. However, the lack of specific details on the lawful basis for third-party disclosures could be a concern."
BC,0.9,1,TC159,Consent,violating,Section 6,,violating,violating,6,6,9,False,"MedCare facilitates the sharing of anonymized patient diagnostic summaries with strategic partners for the purpose of enhancing drug promotion strategies, in adherence to company policies and industry best practices, without prior explicit patient consent for this specific use.",The text does not obtain explicit patient consent for a specific use of anonymized patient diagnostic summaries.,"The text describes sharing anonymized patient data without explicit patient consent for a specific use, which violates Section 6 of the DPDP Act 2023 as it requires specific and informed consent for each purpose."
BC,0.9,1,TC160,Breach Notification,violating,Rule 7,,violating,compliant,2,,7,False,"A server configuration issue led to the temporary public accessibility of certain medical records for an extended period. Upon internal review, it was determined that there was insufficient evidence to conclusively identify any misuse, hence the decision was made not to proactively notify the affected individuals at this time.",The text does not notify affected individuals within 72 hours as required by Section 2.,"The text does not explicitly state that the organization failed to notify affected individuals within 72 hours, only that there was insufficient evidence of misuse to warrant proactive notification."
BC,0.9,1,TC161,Children's Data,compliant,,,compliant,compliant,,Section 7(1),10,False,"For individuals under 18 years of age, our organization mandates validated consent from a parent or legal guardian prior to the dissemination of diagnostic reports or the processing of minors' health information.","The text mandates validated consent from a parent or legal guardian, which aligns with the requirements for processing personal data of children.","The text aligns with the requirement for obtaining verifiable consent from a parent or legal guardian for processing personal data of children, as per DPDP Section 7(1)."
BC,0.9,1,TC162,Data Retention,compliant,,,compliant,compliant,,,9,False,Diagnostic reports are maintained in accordance with current regulatory standards and systematically disposed of once the stipulated period has elapsed.,The text does not mention maintaining or processing personal data for a specified purpose or rights of the data principal.,"The text does not describe processing personal data for a specified purpose or rights of the data principal, nor does it mention retaining data beyond the purpose served or indefinite retention."
BC,0.9,1,TC163,Grievance Redressal,violating,Section 13,,violating,violating,Section 7,Section 7,9,False,There are no publicly accessible mechanisms documented for patients to express concerns regarding the handling of their health information; the website currently does not include designated points of contact for such inquiries.,The text does not provide a mechanism for patients to express concerns about the handling of their health information.,"The text describes a lack of mechanisms for patients to express concerns, which violates the requirement for Data Fiduciaries to provide a means for individuals to make such inquiries."
BC,0.9,1,TC164,Data Minimisation,compliant,,,compliant,violating,,Section 6,7,False,"ShopSphere's secure checkout portal requires minimal personal data, including but not limited to, a delivery address, contact phone number, and payment reference, to ensure seamless order processing.",The text does not explicitly indicate a lack of consent or unlawful data processing.,"The text does not explicitly indicate a lack of consent or unlawful data processing, but it lacks specific details on obtaining consent or the purpose of data processing, which could be a violation under Section 6."
BC,0.9,1,TC165,Data Minimisation,violating,Section 4,,violating,violating,7(e),7(e),9,False,"To process a purchase request for a t-shirt, ShopSphere solicits customer information including, but not limited to, date of birth, gender, income level, and marital status. This data collection is purportedly for enhancing customer experience and service personalization, although it is not essential for the fulfillment and dispatch of the order.",The text does not provide an itemised description of the personal data and the specific purpose of processing.,"The text describes collecting more personal data than necessary for the stated purpose, which violates the DPDP Act 2023 by not adhering to the principle of data minimization."
BC,0.9,1,TC166,Profiling / Behavioral Advertising,violating,Section 6,,violating,violating,Section 7,Section 7,8,False,"ShopSphere develops comprehensive user journey insights for every visitor to enhance personalization, with settings enabled by default to ensure a tailored experience. Users are provided with limited information on the types of data utilized, and no explicit mechanism is offered for opting out of this process.","The text does not provide specific and informed consent, including an itemised description of personal data and the specified purpose of processing.","The text describes a default-enabled setting for data processing, which may imply consent is bundled or implied, violating the requirement for specific and informed consent."
BC,0.9,1,TC167,Data Sharing / Disclosure,compliant,,,compliant,compliant,,,8,False,"ShopSphere engages designated logistics partners for the handling of specific orders, with such partnerships governed by confidentiality agreements that stipulate the exclusive use of shared data.",The text does not explicitly state any non-compliance with DPDP Act 2023 requirements.,"The text describes a lawful practice of engaging logistics partners with confidentiality agreements, which does not inherently violate DPDP provisions."
BC,0.9,1,TC168,Data Principal Rights,compliant,,,compliant,compliant,,,10,False,"Parties have the capability to review, retrieve, and initiate the removal of their transaction records and stored contact information through the designated user management interface.","The text describes capabilities for review, retrieval, and removal of transaction records and contact information, which aligns with lawful purposes and does not indicate any unlawful data handling.","The text describes lawful practices such as review, retrieval, and removal of personal data, which aligns with the Data Principal's rights under the DPDP Act 2023."
BC,0.9,1,TC169,Cross-Border Transfer,violating,Section 16,,violating,violating,Section 2(3),"Section 5, Section 6",9,False,"Customer purchase and payment information is regularly transmitted to external logistics partners for processing, without explicit data sharing agreements in place or an evaluation of the recipient country's data protection frameworks.",The text indicates data is shared without explicit agreements or evaluations of recipient country's data protection frameworks.,"The text describes transmitting personal data without explicit agreements or evaluations of recipient country's data protection frameworks, which violates the DPDP Act 2023 by failing to ensure appropriate security safeguards and compliance with data protection standards."
BC,0.9,1,TC170,Children's Data,compliant,,,compliant,compliant,,Rule 9(1)(a),9,False,EduLearn's digital learning ecosystem mandates validated assent from a custodial parent or authorized educational authority prior to establishing a personalized learning trajectory for any minor participant.,"The text does not explicitly mention the processing of personal data of a child without verifiable consent from a parent, which is compliant with the DPDP Act 2023.","The text ensures that personal data of a child is processed only with verifiable consent from a parent, which complies with the DPDP Rules 2025."
BC,0.9,1,TC171,Children's Data,violating,Section 9,,violating,violating,Section 7,Section 7,9,False,"EduLearn's app for middle-schoolers gathers students' location and device usage insights to enhance personalized content. This process is designed to respect privacy and comply with data protection regulations, with consent presumed during the sign-up procedure.","The text implies consent is presumed during sign-up, which is not explicit and informed consent as required by Section 7.","The text implies consent is presumed during sign-up, which does not meet the requirement of specific and informed consent as mandated by Section 7."
BC,0.9,1,TC172,Consent,compliant,,,compliant,compliant,,,10,False,"Prior to implementing the live class video-recording feature, EduLearn seeks voluntary affirmative consent from students and their guardians, with a detailed explanation of the intended storage and utilisation of the recordings.","The text describes a process for seeking consent, which is compliant with the DPDP Act.","The text describes a process for seeking consent, which is compliant with the DPDP Act, as it involves voluntary affirmative consent and a detailed explanation."
BC,0.9,1,TC173,Data Retention,violating,Section 8,,violating,violating,2,2,8,False,"Video recordings and academic performance data associated with student accounts are retained on EduLearn's secure servers for an extended period, pending potential future review or compliance checks, irrespective of account status.",Data is retained beyond the specified period without a lawful purpose.,"The text does not specify a lawful purpose for retaining data beyond the specified period, which could be a violation of Section 2(3) of the DPDP Rules 2025."
BC,0.9,1,TC174,Grievance Redressal,compliant,,,compliant,compliant,,,10,False,"Stakeholders are encouraged to utilize the designated communication channel for data privacy concerns, with EduLearn assuredly undertaking a responsive engagement process within the prescribed timeframe.","The text does not explicitly mention data collection, processing, or sharing without consent mechanisms.","The text describes a responsive engagement process for data privacy concerns, which does not inherently violate DPDP provisions as it does not describe processing, sharing, or collecting personal data without consent."
BC,0.9,1,TC175,Data Minimisation,violating,Section 4,,violating,violating,Section 7,Section 7,8,False,"To facilitate a more personalized travel experience, TravelWise's application seeks temporary access to users' contact lists and call logs for analytical purposes, though this access is not essential for the core functionality of browsing and booking flights.",The text does not explicitly obtain consent for accessing users' contact lists and call logs.,"The text describes seeking access to personal data for analytical purposes, which is not essential for core functionality. This could imply bundling the request for data with the core service, potentially violating the principle of obtaining valid consent."
BC,0.9,1,TC176,Consent,compliant,,,compliant,compliant,,,10,False,TravelWise requests explicit and distinct consent prior to disclosing a traveler's passport and visa information to airline and hotel partners essential for the fulfillment of a particular reservation.,The text explicitly requests specific and informed consent for the processing of personal data.,"The text explicitly requests specific and informed consent for the processing of personal data, which is in line with the DPDP Act 2023 and DPDP Rules 2025 requirements."
BC,0.9,1,TC177,Breach Notification,compliant,,,compliant,compliant,,,8,False,"Upon the identification of an alleged data breach involving vendor databases that purportedly housed sensitive customer information, TravelWise swiftly communicated with potentially impacted parties and submitted a formal report to the Data Protection Authority.",The text does not explicitly state the communication within 72 hours or the details required by the sections.,"The text does not explicitly state that the communication was within 72 hours or included all required details, but it does not violate the specific provisions if the actions were taken promptly and in good faith."
BC,0.9,1,TC178,Cross-Border Transfer,compliant,,,compliant,compliant,,,9,False,"TravelWise engages in the selective sharing of booking data with international aviation and accommodation partners through formalized data-sharing memorandums of understanding, which stipulate the obligation for partners to implement analogous data protection measures.","The text describes lawful sharing of data with partners under formalized agreements, which does not indicate a violation of DPDP Act 2023.","The text describes lawful sharing of data with partners under formalized agreements, which does not indicate a violation of DPDP Act 2023, provided the sharing is for a lawful purpose and the partners comply with data protection measures."
BC,0.9,1,TC179,Data Principal Rights,violating,Section 11,,violating,compliant,Section 9(1),,9,False,"The organization elected not to provide the specified details regarding third-party disclosures of passport data in response to the customer's inquiry, aligning with internal procedures designed to protect broader operational interests.","The text does not provide the specified details regarding third-party disclosures, which is required by the Act.","The text does not describe processing, sharing, selling, or disclosing personal data without valid consent or another lawful basis. It only states that the organization did not provide specified details in response to a customer inquiry."
BC,0.9,1,TC180,Data Minimisation,compliant,,,violating,violating,12,12,9,False,"GreenAgro's farmer engagement initiative utilizes a comprehensive registration framework to gather essential data, including but not limited to, farmer identifier, contact details, operational geography, and agricultural product type, to facilitate seamless integration into our strategic supply networks.",The text does not specify lawful purposes for data collection and does not ensure the data is not used to take any decision specific to a Data Principal.,"The text does not specify lawful purposes for data collection, and it does not ensure the data is not used to take any decision specific to a Data Principal, which is required by Section 12."
BC,0.9,1,TC181,Consent,violating,Section 6,,violating,compliant,Section 7,,7,False,"Participation in the data-sharing initiative with agri-insurance partners is proactively extended to farmers upon registration, reflective of our commitment to enhancing agricultural risk management solutions. No formal declination process is currently available to participants at the initial stage of registration.","The text does not provide a formal declination process, which is required by Section 7.","The text describes a proactive extension of data-sharing without a formal declination process, which is not explicitly prohibited by the DPDP Act or Rules, but it may imply consent without a clear opt-out mechanism, potentially violating the principle of consent."
BC,0.9,1,TC182,Data Retention,compliant,,,compliant,compliant,,,8,False,"Corporate agricultural data and transaction histories are maintained in accordance with the specified duration aligned with internal and external regulatory requirements, ensuring compliance across all operational cycles.",The text does not explicitly mention data retention for a specific period or reference Data Principals or Data Fiduciaries.,"The text does not describe processing, sharing, selling, or disclosing personal data without valid consent, nor does it mention collecting more data than necessary or obstructing data principal rights. It aligns with general data retention practices required by regulations."
BC,0.9,1,TC183,Grievance Redressal,violating,Section 13,,violating,compliant,Section 14,,8,False,"GreenAgro has not established a publicly accessible mechanism for farmers to express concerns regarding the utilization of their data, as detailed communications points have not been made available in any of the company’s published materials.","The text indicates a lack of established mechanisms for Data Principals to express concerns, which is required for compliance under Section 14.","The text does not describe processing, sharing, selling, or disclosing personal data without valid consent or another lawful basis, nor does it indicate any other specific violation of DPDP provisions."
BC,0.9,1,TC184,Data Minimisation,compliant,,,compliant,compliant,,,8,False,"CityCab's advanced mobile platform is designed to capture essential operational data, including geographic coordinates, transaction records, and ride metrics, to ensure efficient service delivery and financial transactions.","The text only describes data collection for operational purposes, which does not indicate any unlawful collection.","The text describes data collection for operational purposes, which is lawful as long as it is necessary and not excessive."
BC,0.9,1,TC185,Profiling / Behavioral Advertising,violating,Section 6,,violating,compliant,Section 7,,8,False,"CityCab continually monitors usage patterns to enhance service offerings, leveraging aggregated, anonymized location data derived from app operations, both active and inactive, for the development of movement profiles which may be shared with selected partners for advertising purposes.","CityCab shares aggregated, anonymized location data with selected partners for advertising purposes without explicit consent mechanisms.","The text describes the use of aggregated, anonymized data for internal purposes and sharing with partners, which, if done with proper consent or another lawful basis, does not inherently violate the DPDP Act 2023 or DPDP Rules 2025."
BC,0.9,1,TC186,Breach Notification,violating,Rule 7,,compliant,violating,,Section 17(2)(b),8,False,"A potential security incident was identified in a recent system review, resulting in the inadvertent exposure of certain non-identifiable trip data. CityCab promptly addressed the issue through an internal process and is currently evaluating the most effective way to notify all stakeholders, including the affected individuals and relevant regulatory bodies, in accordance with best practices and compliance guidelines.",The text does not explicitly indicate a violation of DPDP requirements.,"The text does not explicitly state that a breach has occurred or that the notification process has been initiated, which is required by the DPDP Rules 2025 for reporting breaches."
BC,0.9,1,TC187,Data Principal Rights,compliant,,,compliant,compliant,,,8,False,Riders are entitled to initiate a comprehensive extraction of their travel records and individual data via the application's confidentiality parameters. Requests will be processed within the prescribed timeframe.,The text does not explicitly state a violation of the DPDP Act 2023 as it only mentions the ability to initiate data extraction via an application.,"The text describes a lawful practice where riders can request their data, which aligns with the DPDP Act's provisions for Data Principals to exercise their rights."
BC,0.9,1,TC188,Consent,compliant,,,compliant,compliant,,,9,False,StreamFlix requests explicit consent from new users prior to leveraging their viewing history for the generation of personalized recommendations. Users are provided with a transparent toggle to opt out at any time.,"The text explicitly states that users are provided with a transparent toggle to opt out at any time, indicating the right to withdraw consent.","The text describes a practice where users are given the option to opt out at any time, which aligns with the DPDP Act's requirement for the right to withdraw consent."
BC,0.9,1,TC189,Data Sharing / Disclosure,violating,Section 8,,violating,violating,Section 7,Section 7,9,False,"StreamFlix has disclosed subscribers' viewing preferences and account information to external data partners for the purpose of enhancing service offerings, with the intent of ensuring data utilization aligns with broader industry standards, though formal agreements delineating specific usage parameters are yet to be established.","The text does not provide an itemised description of the personal data and the specific purpose of its processing, as required by Section 7.","The text describes the disclosure of personal data without providing an itemised description of the data and the specific purpose of its processing, as required by Section 7."
BC,0.9,1,TC190,Children's Data,compliant,,,compliant,compliant,,,8,False,"StreamFlix's proprietary Kids' Profile Mode is designed to minimize data collection to essential levels for personalized content recommendations, while strictly prohibiting targeted advertising to minors. Activation of this feature necessitates explicit consent from the parent or guardian, who will be required to enable it within their primary account.","The text does not explicitly state that data is collected from minors, and it mentions explicit consent from the parent or guardian.","The text does not describe collecting personal data from minors without their consent, nor does it mention targeted advertising to minors, which aligns with DPDP provisions."
BC,0.9,1,TC191,Grievance Redressal,compliant,,,compliant,compliant,,,10,False,"Subscribers may initiate a formal review of unresolved privacy concerns through designated channels outlined in the company's comprehensive policy documentation, accessible within the application interface.",The text does not explicitly mention the collection or processing of personal data in a manner that violates the DPDP Act 2023.,"The text describes a process for addressing privacy concerns, which is a lawful practice and does not involve the collection or processing of personal data in a manner that violates the DPDP Act 2023."
BC,0.9,1,TC192,Data Minimisation,violating,Section 4,,compliant,violating,,13(1)(a),8,False,"A smart doorbell camera continuously records and stores audio and visual data with the intention of ensuring comprehensive security and peace of mind for all customers, encompassing areas beyond the immediate doorstep as a precautionary measure.","The text does not explicitly mention data collection or processing without consent, nor does it indicate any unlawful purpose.","The text does not explicitly mention obtaining consent or a lawful basis for processing, which is a violation of DPDP Section 13(1)(a)."
BC,0.9,1,TC193,Breach Notification,compliant,,,compliant,compliant,,,8,False,"HomeSecure's comprehensive risk management framework mandates the notification of potentially impacted customers regarding unauthorized access incidents and the timely reporting of such events to the Regulatory Compliance Oversight Body, in accordance with established protocols.",The text does not explicitly state the timeframe or details required by the sections.,"The text does not specify the timeframe or details required by the DPDP Rules 2025, but it does indicate that notifications are made to affected Data Principals and the Regulatory Compliance Oversight Body, which is a general compliance measure."
BC,0.9,1,TC194,Consent,violating,Section 6,,violating,violating,6,6,9,False,"HomeSecure facilitates the automatic cloud backup of camera footage post-installation, without individually seeking customer consent for remote storage on our servers.","The text does not seek individual customer consent for remote storage, which is required under Section 6 of the DPDP Act 2023.","The text describes a practice of automatically backing up camera footage without seeking individual consent, which violates the requirement for valid consent under Section 6 of the DPDP Act 2023."
BC,0.9,1,TC195,Data Principal Rights,compliant,,,compliant,compliant,,,8,False,Requesters are entitled to the de-identification and potential deletion of all associated electronic records and metadata linked to their account through the SecureHome Portal. Processing timelines are subject to internal validation protocols and are generally finalized within a standard operating period.,The text does not explicitly state a violation of DPDP requirements.,"The text describes a process for de-identification and potential deletion of personal data, which aligns with the right to erase personal data under DPDP. There is no indication of a violation of specific DPDP provisions."
BC,0.9,1,TC196,Data Minimisation,compliant,,,compliant,compliant,,,10,False,QuickBite's partner onboarding documentation protocol ensures the collection of essential verification and payout-related materials in accordance with relevant regulatory frameworks.,The text does not explicitly state unlawful data collection or processing.,"The text describes a lawful practice of collecting necessary materials for onboarding partners, which does not inherently violate any DPDP provisions."
BC,0.9,1,TC197,Data Sharing / Disclosure,violating,Section 8,,violating,compliant,7,,8,False,"QuickBite facilitates the sharing of aggregated and anonymized delivery partners' contact information with strategic marketing partners to enhance service offerings, without explicit notification to the delivery partners.",The text does not notify delivery partners and does not obtain explicit consent for sharing their personal data.,"The text describes sharing aggregated and anonymized data, which, if done correctly, does not violate the DPDP Act 2023 or DPDP Rules 2025, as long as the data is anonymized and the sharing is for a lawful purpose."
BC,0.9,1,TC198,Governance / Accountability,compliant,,,compliant,compliant,,null,10,False,QuickBite has designated a Data Privacy Manager who oversees periodic data compliance evaluations and provides summary reports to senior management on a quarterly cycle.,"The text mentions a Data Privacy Manager overseeing periodic evaluations, which is compliant with the DPDP Act, 2023.","The practice of designating a Data Privacy Manager to oversee periodic data compliance evaluations is in line with the DPDP Act, 2023, as it aligns with the requirement for Data Fiduciaries to ensure compliance through internal audits and reporting."
BC,0.9,1,TC199,Data Principal Rights,violating,Section 11,,violating,violating,Section 7,Section 7,9,False,"The request for access to personal data, including performance-related information, was declined pursuant to the company's standard data access protocols.",The text does not provide the individual with the right to access their personal data as required by Section 7.,"The text describes a scenario where a request for access to personal data was declined, which does not align with the right to access personal data as mandated by Section 7 of the DPDP Act 2023."
BC,0.9,1,TC200,Consent,compliant,,,compliant,compliant,,Section 6(e),10,False,"Prior to implementing location tracking for delivery-time optimization, QuickBite solicits explicit consent from the delivery partner and provides a detailed explanation of the intended utilization of the tracking data.",The text explicitly states that explicit consent was obtained and a detailed explanation was provided.,"The practice described aligns with the DPDP Act 2023, specifically Section 6(e), which requires specific and informed consent, including an itemised description of the personal data and the purpose of processing."
