timestamp,config,temperature,id,true_label,adversarial_text,predicted,violation_flag,dpdp_section,reason
2026-06-18 06:40:47,B_compliance_adversarial,0.5,TC001,violating,"Upon selecting this option, you acknowledge our standard contractual terms and conditions, which outline the parameters of our relationship with our valued business associates. By doing so, you are enabling us to provide you with a more personalized experience, facilitated through the exchange of certain non-sensitive data with our trusted partners, aimed at enhancing our collective understanding of user preferences and behavior patterns.",violating,True,,"The text does not explicitly mention consent mechanisms, which is a red flag for non-compliance with the DPDP Act."
2026-06-18 06:40:47,B_compliance_adversarial,0.5,TC002,violating,"""In the course of our ongoing efforts to enhance the customer experience, we may utilize commercially reasonable practices to collect and analyze transactional data, which may be leveraged to inform our marketing initiatives and optimize product offerings. This data collection is a necessary aspect of our business operations, undertaken in accordance with applicable standards and best practices.""",violating,True,,"The text does not explicitly state the purpose for which personal data is collected and used, nor does it mention consent or transparency."
2026-06-18 06:40:47,B_compliance_adversarial,0.5,TC003,violating,"By utilizing our mobile application, users tacitly acknowledge and consent to the collection, storage, and utilization of their personal data in accordance with our comprehensive data management protocols, as outlined in our detailed information disclosure statement.",compliant,False,,"The text explicitly states that users have given consent for the collection, storage, and utilization of their personal data."
2026-06-18 06:40:47,B_compliance_adversarial,0.5,TC004,violating,"""In accordance with our standard data management protocols, certain non-public information may be disclosed to select external entities as part of our ongoing business operations. This process is subject to periodic review and adjustment to ensure alignment with applicable regulatory frameworks. Customers are encouraged to familiarize themselves with our data sharing practices, which are outlined in our comprehensive privacy terms and conditions. By creating an account, individuals acknowledge that they have had access to this information and have an opportunity to review and update their preferences accordingly.""",compliant,False,,The text explicitly states that data is shared for a stated purpose (business operations) and provides an opportunity for individuals to review and update their preferences.
2026-06-18 06:40:47,B_compliance_adversarial,0.5,TC005,violating,"Upon installing and utilizing our mobile application, users implicitly acknowledge and consent to the transfer of certain geo-spatial information to our designated third-party partners for purposes of targeted content delivery and enhanced user experience.",violating,True,Section 9,"The text does not explicitly mention the means by which users can make a request for the exercise of their rights, as required by Section 9."
2026-06-18 06:40:47,B_compliance_adversarial,0.5,TC006,compliant,"""We gather your email address for various purposes, including but not limited to, order confirmation and other relevant notifications. To manage your communication preferences, please access your account settings.""",compliant,False,,The text explicitly states the purpose of data collection and provides a means for the user to manage their communication preferences.
2026-06-18 06:40:47,B_compliance_adversarial,0.5,TC007,compliant,"""Prior to the acquisition of certain identifiable information, a notification outlining our data collection parameters will be provided. This notice will detail the types of data we may gather, as well as our purposes for doing so, though the specifics are subject to change based on evolving business needs. Withdrawal of consent may be facilitated upon request, though we reserve the right to modify our procedures at any time.""",compliant,False,,"The text explicitly states that a notification outlining data collection parameters will be provided prior to data collection, and withdrawal of consent may be facilitated upon request."
2026-06-18 06:40:47,B_compliance_adversarial,0.5,TC008,compliant,"""Please note that you may opt-out of receiving marketing communications from us by utilizing the 'unsubscribe' functionality. The timing and efficacy of this opt-out process may vary, and certain exceptions may apply.""",compliant,False,,"The text explicitly states an opt-out process for marketing communications, which is compliant with the Digital Personal Data Protection Act, 2023."
2026-06-18 06:40:47,B_compliance_adversarial,0.5,TC009,violating,"In order to participate in our upcoming virtual chess event, we kindly request that you submit personal identification information, including your full name and contact details, as well as certain demographic data, in accordance with our standard onboarding procedures. Additionally, for the purposes of verifying your identity and ensuring a seamless experience, we may require you to provide certain sensitive information, which will be stored in a secure and confidential manner, in compliance with applicable regulatory requirements and best practices.",compliant,False,,The text does not explicitly mention any unlawful data collection or processing.
2026-06-18 06:40:47,B_compliance_adversarial,0.5,TC010,violating,"""Utilizing our foundational calculation tool requires the provision of certain permissions, which facilitate an enhanced user experience. These permissions, which are necessary for the optimal functioning of the application, include access to select device features. In order to ensure seamless integration and functionality, we kindly request that users consent to these permissions. Failure to do so may result in limited access to the application's core features.""",compliant,False,,"The text does not explicitly mention any DPDP violations, and it appears to be requesting consent for necessary permissions."
2026-06-18 06:40:47,B_compliance_adversarial,0.5,TC011,violating,"""In order to optimize the user experience and ensure seamless delivery services, our mobile application may engage in the collection of geolocation data in a manner that is designed to be transparent and compliant with relevant regulatory requirements. This data collection may occur in the background, even when the application is not actively being used, in an effort to enhance the overall efficiency of our logistics operations and improve the accuracy of delivery estimates. We are committed to protecting the confidentiality and integrity of our customers' personal information and take all necessary steps to ensure that such data is handled in accordance with established best practices and industry standards.""",compliant,False,,The text explicitly states that data collection is designed to be transparent and compliant with relevant regulatory requirements.
2026-06-18 06:40:47,B_compliance_adversarial,0.5,TC012,violating,"In order to facilitate a seamless and personalized experience for our valued patrons, we may request access to certain demographic and financial information, which will be utilized in accordance with our established protocols for maintaining accurate and up-to-date records. This may include, but is not limited to, a unique identifier, certain banking information, and select personal details, all of which will be treated with the utmost confidentiality and securely stored in compliance with our organizational standards.",compliant,False,,The text does not explicitly mention any unlawful data collection or processing.
2026-06-18 06:40:47,B_compliance_adversarial,0.5,TC013,compliant,"Our ride-hailing platform may utilize geolocation services to facilitate trip optimization and ensure seamless customer experience. Data collection is strictly limited to the duration of active trips, with certain exceptions to accommodate operational requirements.",compliant,False,,"The text explicitly states data is deleted after the duration of active trips, which is a compliant purpose."
2026-06-18 06:40:47,B_compliance_adversarial,0.5,TC014,compliant,"""We may gather certain identifiable data, including your name and email address, in order to facilitate the onboarding process and establish your user profile. Additional information may be obtained at a later time, subject to our evolving business needs and regulatory requirements.""",violating,True,,"The text does not explicitly state the purpose of data collection, which is a requirement under the DPDP Act, 2023."
2026-06-18 06:40:47,B_compliance_adversarial,0.5,TC015,violating,"""Prior to accessing the premises, individuals are required to undergo a secure authentication process, which may involve the submission of personal identification data and the provision of biometric information, in accordance with our organization's robust security protocols and applicable regulatory requirements.""",compliant,False,,"The text describes a secure authentication process, which is a lawful purpose."
2026-06-18 06:40:47,B_compliance_adversarial,0.5,TC016,violating,"""In order to provide a more tailored and enhanced customer journey, certain biometric information may be collected and utilised in a manner that respects individual preferences and optimises the overall shopping experience. This data is securely processed in accordance with our existing data management protocols, which are regularly reviewed and updated to ensure alignment with industry best practices and evolving regulatory requirements.""",compliant,False,,"The text explicitly states that the data is securely processed in accordance with existing data management protocols, which are regularly reviewed and updated."
2026-06-18 06:40:47,B_compliance_adversarial,0.5,TC017,violating,"As part of our ongoing efforts to optimize operational efficiency and enhance the overall employee experience, we may disclose select biometric data on a need-to-know basis to affiliated entities for purposes of authentication and validation.",violating,True,Section 2,"The text mentions disclosure of personal data without specifying consent mechanisms, which is a violation of Section 2 of the DPDP Act 2023."
2026-06-18 06:40:47,B_compliance_adversarial,0.5,TC018,violating,"""Pursuant to our organization's commitment to transparency and user autonomy, we have implemented a mechanism for revoking consent for data utilization, subject to certain procedural requirements. To effectuate this revocation, please submit a written notice to our central office, clearly indicating your intention to withdraw consent. We will then initiate a review process, which may take up to 90 working days to complete, during which time data processing will continue in accordance with applicable laws and regulations.""",violating,True,Section 30,"The text does not specify the means using which a Data Principal may make a request for the exercise of such rights, as required by Section 30(a)."
2026-06-18 06:40:47,B_compliance_adversarial,0.5,TC019,violating,"""Eligible individuals wishing to exercise their right to data management preferences may submit a request through our designated customer service channel, available during standard business hours on select days of the week. Upon receipt of the request, our team will initiate a comprehensive verification procedure, which may involve a brief interaction with a customer support representative, to ensure the accuracy of the individual's identity and preferences.""",compliant,False,,"The text explicitly states the means by which a Data Principal may make a request for the exercise of their rights, and the particulars required to identify them."
2026-06-18 06:40:47,B_compliance_adversarial,0.5,TC020,violating,"""A nominal administrative charge may be levied in connection with the processing of certain customer-initiated actions. The amount of this charge, if applicable, will be clearly disclosed in our standard documentation and is intended to ensure the integrity and efficiency of our operations. It is essential to note that this charge is not a prerequisite for the execution of our standard procedures, but rather a means of facilitating a seamless experience for all parties involved.""",compliant,False,,The text does not explicitly mention any unlawful data collection or processing.
2026-06-18 06:40:47,B_compliance_adversarial,0.5,TC021,compliant,"""Consent revocation options are available upon request. Please navigate to the Settings menu within our mobile application to initiate the process, which may take up to 60 seconds to complete. Note that revocation of consent may be subject to system processing times.""",compliant,False,,"The text explicitly states that consent revocation options are available upon request, which is compliant with DPDP Act 2023."
2026-06-18 06:40:47,B_compliance_adversarial,0.5,TC022,violating,"""Pursuant to our Data Management Policy, we may elect to maintain certain user information on our systems for extended periods, notwithstanding account closure or deletion, in order to facilitate the ongoing refinement and enhancement of our proprietary artificial intelligence solutions.""",violating,True,6,"The text does not explicitly state the purpose for which personal data is collected and used, as required by the Rules."
2026-06-18 06:40:47,B_compliance_adversarial,0.5,TC023,violating,"""In the interest of prudent risk management and strategic business continuity, our organization has implemented a comprehensive data retention policy. This policy ensures that user data is securely maintained and preserved for an indefinite period, commensurate with the company's operational lifespan. The retention of user data facilitates ongoing performance optimization, fuels data-driven decision making, and supports the development of innovative solutions that drive business growth and customer satisfaction.""",violating,True,Section 8,"The organization is retaining user data for an indefinite period, which is not compliant with the DPDP Act's requirement to erase personal data after a specified time period, unless its retention is necessary for compliance with any law for the time being in force."
2026-06-18 06:40:47,B_compliance_adversarial,0.5,TC024,compliant,"""We will maintain a comprehensive data repository, encompassing your transaction history, for a duration aligned with relevant statutory requirements, while also adhering to our established data retention protocols. Disposal of non-transactional personal data will be facilitated in accordance with our standard business practices, which may vary depending on the specific circumstances surrounding account closure.""",compliant,False,,"The text explicitly states data is deleted, not shared, or only used for a stated purpose, which is compliant with DPDP Act 2023."
2026-06-18 06:40:47,B_compliance_adversarial,0.5,TC025,compliant,"""We reserve the right to purge your personal data from our system, which may include your delivery address and phone number, in accordance with our standard data retention policies. The timing of such purge is subject to change and may be influenced by various factors, including but not limited to, your continued engagement with our services. You may receive a system-generated notification prior to the purge, but we cannot guarantee the accuracy or timeliness of such notification.""",violating,True,Section 8,"The Data Fiduciary does not provide a clear time period for specified purpose to be deemed as no longer being served, as required by Section 8 of the DPDP Act, 2023."
2026-06-18 06:40:47,B_compliance_adversarial,0.5,TC026,violating,"""In order to facilitate seamless customer interactions, we maintain a comprehensive repository of sensitive customer information, utilizing a standardized, easily accessible data format that enables our dedicated customer support specialists to promptly address inquiries and resolve issues. This centralized information hub ensures that all relevant data is readily available, thereby enhancing the overall customer experience and streamlining our support processes.""",violating,True,,"The text does not explicitly mention consent mechanisms, which is a red flag according to the DPDP Act 2023."
2026-06-18 06:40:47,B_compliance_adversarial,0.5,TC027,violating,"To facilitate seamless integration and collaboration with our developer community, certain sensitive data assets are made accessible through a proprietary interface, which is currently being reviewed for alignment with our data governance framework.",violating,True,Section 6,"The text does not explicitly state that the sensitive data assets are protected with reasonable security safeguards, such as encryption, as required by Section 6 of the DPDP Act."
2026-06-18 06:40:47,B_compliance_adversarial,0.5,TC028,compliant,"""We utilise advanced cryptographic protocols to safeguard sensitive information, leveraging industry-standard encryption methodologies for both at-rest and in-transit data protection. Confidentiality is ensured through a tiered access framework, limiting exposure to select stakeholders with requisite clearance.""",compliant,False,,"The text explicitly states data is protected through encryption and a tiered access framework, which is compliant with DPDP section 6(a) and (b)."
2026-06-18 06:40:47,B_compliance_adversarial,0.5,TC029,compliant,"""Our data storage infrastructure leverages cutting-edge security protocols to ensure optimal data integrity, utilizing a tiered access framework that dynamically adjusts to evolving user permissions and a real-time threat detection system to mitigate potential vulnerabilities.""",compliant,False,,"The text explicitly states that data is stored with a tiered access framework and real-time threat detection system, which implies a secure data storage infrastructure."
2026-06-18 06:40:47,B_compliance_adversarial,0.5,TC030,violating,"Confidential Memorandum: Following an isolated incident, certain sensitive information was inadvertently accessed. In order to maintain continuity of our services, we will be implementing a discreet corrective measure to prevent future occurrences. Notification to affected parties and regulatory bodies is not deemed necessary at this time, allowing us to focus on optimizing our internal processes to ensure the highest standards of data integrity and confidentiality are upheld.",violating,True,Section 7,"The company failed to intimate affected Data Principals and the Board about the personal data breach within the specified timeframe, as required by Section 7 of the DPDP Act."
2026-06-18 06:40:47,B_compliance_adversarial,0.5,TC031,violating,"""Pursuant to our ongoing risk management protocols, we are currently conducting a comprehensive assessment of a recent incident to determine its potential implications on our operational framework. As part of our diligent evaluation, we are considering various factors to ensure a prudent and informed decision regarding the dissemination of information to stakeholders. This process enables us to maintain a proactive and responsible posture in the face of uncertainty, thereby safeguarding the interests of all parties involved.""",compliant,False,,"The text does not explicitly mention data collection or processing, and does not indicate any non-compliance with DPDP Act 2023."
2026-06-18 06:40:47,B_compliance_adversarial,0.5,TC032,compliant,"""A data incident occurred, potentially impacting user email credentials. We promptly escalated the issue to the relevant authorities and initiated our established communication protocols, ensuring timely dissemination of information to affected parties.""",compliant,False,,"The text explicitly states that the data incident was promptly escalated and communication protocols were initiated, indicating compliance with the mandatory response within ninety days (Section 7)."
2026-06-18 06:40:47,B_compliance_adversarial,0.5,TC033,violating,"""In the event of any concerns regarding the handling of personal information, we encourage stakeholders to engage with our online community platform, where issues can be discussed in a transparent and collaborative environment. Our organization's commitment to data management and customer satisfaction is reflected in our robust internal procedures and protocols, which are designed to ensure open communication and prompt resolution of any matters that may arise.""",compliant,False,,"The text does not explicitly mention any DPDP sections, but it does mention a commitment to data management and customer satisfaction, which aligns with the Act's goals."
2026-06-18 06:40:47,B_compliance_adversarial,0.5,TC034,violating,"""We encourage stakeholders to utilize our designated secure communication channels for sensitive matters, which include a traditional paper-based transmission method for certain types of inquiries. In compliance with our data governance protocols, we reserve the right to direct sensitive communications to a specific, approved medium for processing.""",compliant,False,,"The text does not explicitly mention any DPDP violations, but it does mention a 'designated secure communication channel' which implies some level of data protection."
2026-06-18 06:40:47,B_compliance_adversarial,0.5,TC035,compliant,"""Confidential inquiries regarding data handling and associated concerns can be directed to our Data Protection Liaison at dpo@ourcompany.com. We maintain a proactive stance in addressing potential issues, ensuring timely escalation and resolution in accordance with our internal protocols.""",compliant,False,,The text explicitly states that data is handled with care and that the company maintains a proactive stance in addressing potential issues.
2026-06-18 06:40:47,B_compliance_adversarial,0.5,TC036,compliant,"For matters related to sensitive information, please direct your inquiries to our designated Compliance Liaison at grievance@company.in or reach out to our dedicated support line at 1800-XXX-XXXX. We maintain a robust protocol for addressing data-related concerns, ensuring timely resolution in accordance with applicable regulatory frameworks.",compliant,False,,"The text does not explicitly mention any DPDP violations, and it provides a clear contact point for data-related concerns."
2026-06-18 06:40:47,B_compliance_adversarial,0.5,TC037,violating,"System Notification: In order to ensure the integrity of our master data repository, we implement a 'data stability protocol' which preserves the original intent of all historical records. As such, we are unable to accommodate requests for retroactive corrections to personal information at this time.",violating,True,Section 7,"The system notification explicitly states that it cannot accommodate requests for retroactive corrections to personal information, which is a violation of the Right to Correct Personal Data (Section 7 of the DPDP Act)."
2026-06-18 06:40:47,B_compliance_adversarial,0.5,TC038,violating,"""We operate under a robust data management framework, ensuring the confidentiality and integrity of sensitive information. Our proprietary systems are designed to facilitate secure data retention and minimize data portability. Users are not entitled to obtain physical or electronic copies of their personal data, as this information is retained for the purpose of maintaining a seamless user experience and optimizing system performance.""",violating,True,"Section 6, Section 7","The text explicitly states that users are not entitled to obtain physical or electronic copies of their personal data, which is a violation of the right to access personal data."
2026-06-18 06:40:47,B_compliance_adversarial,0.5,TC039,compliant,"""Personal data inquiries and deletion requests are subject to a 'reasonable timeframe' as dictated by the DPDP Act. To initiate a data review, please navigate to the 'Data Management Portal' within your account settings.""",violating,True,Section 7,"The text does not specify a clear timeframe for data deletion requests, which is a requirement under the DPDP Act."
2026-06-18 06:40:47,B_compliance_adversarial,0.5,TC040,compliant,"Upon request, we may provide you with access to a curated dataset containing information related to your account. Please refer to the Privacy portal for further instructions on how to initiate this process. Note that our obligations regarding data removal are subject to a standard processing period, which may vary depending on the complexity of your request.",violating,True,Section 8,"The Data Fiduciary does not specify the time period for specified purpose to be deemed as no longer being served, which is required under Section 8 of the DPDP Act 2023."
2026-06-18 06:40:47,B_compliance_adversarial,0.5,TC041,violating,"""We require all individuals to verify their eligibility for participation in our platform. Please acknowledge your understanding of our terms by selecting 'Yes' to confirm that you have obtained necessary permissions from a responsible adult prior to proceeding. Additionally, we kindly request that you consent to the sharing of your location information with other users, in accordance with our standard data management protocols.""",compliant,False,,The text does not explicitly mention any DPDP violations.
2026-06-18 06:40:47,B_compliance_adversarial,0.5,TC042,violating,"""Our analysis of user engagement patterns in designated children's educational areas has informed the development of targeted marketing initiatives, which may include bespoke promotional content in toy-related product categories, presented to users in a manner consistent with our broader marketing strategy.""",violating,True,Section 28,The text does not explicitly mention obtaining verifiable consent from the child or their parent/guardian before processing their personal data for targeted marketing purposes.
2026-06-18 06:40:47,B_compliance_adversarial,0.5,TC043,violating,"In accordance with our standard onboarding protocols, we may necessitate additional verification steps for certain account applicants. To facilitate this process, we kindly request that the account holder's authorized representative provide their contact information, which will be utilized for the purpose of notification and verification. This information will be securely transmitted to the designated recipient via our secure digital platform.",compliant,False,,"The text explicitly states that the contact information will be securely transmitted, which implies protection of personal data."
2026-06-18 06:40:47,B_compliance_adversarial,0.5,TC044,violating,"""In the interest of fostering innovative partnerships, we engage in the exchange of anonymized user data with select industry stakeholders, facilitating the creation of tailored educational solutions that cater to the diverse needs of our user base. This collaborative approach enables the development of cutting-edge products that enhance the learning experience, while maintaining the utmost respect for user confidentiality and adherence to our comprehensive data governance policies.""",compliant,False,,The text explicitly states that data is anonymized and used for a stated purpose (educational solutions) and adheres to data governance policies.
2026-06-18 06:40:47,B_compliance_adversarial,0.5,TC045,compliant,"""We engage with minor users through a series of opt-in protocols facilitated by our DigiLocker integration, which enables us to establish a level of parental oversight prior to account activation and data interaction.""",compliant,False,,"The text explicitly states that parental oversight is established prior to account activation and data interaction, which is compliant with the DPDP Act, 2023."
2026-06-18 06:40:47,B_compliance_adversarial,0.5,TC046,compliant,"""We utilize a proprietary data management framework to ensure optimal user experience. Our platform's robust analytics tools enable us to deliver highly targeted content, while maintaining strict adherence to relevant age-based segmentation protocols. Personal data is utilized in a manner that supports our core mission of educational innovation, subject to applicable regulatory requirements.""",compliant,False,,The text explicitly states that personal data is used for a stated purpose (educational innovation) and subject to applicable regulatory requirements.
2026-06-18 06:40:47,B_compliance_adversarial,0.5,TC047,violating,"""Upon accessing this platform, users acknowledge that their personal information may be subject to data handling and retention in jurisdictions that are part of our global operations, which are governed by our standard data management policies and procedures.""",violating,True,,"The text does not explicitly mention consent mechanisms, which is a red flag for non-compliance."
2026-06-18 06:40:47,B_compliance_adversarial,0.5,TC048,violating,"""In line with our global data management strategy, we engage in routine data transfers to support operational efficiency and business continuity. This process involves the secure and compliant movement of user data to designated servers, which are maintained by our affiliated entity. The jurisdictional specifics of these servers are not publicly disclosed, in accordance with standard industry practices and applicable regulatory guidelines.""",violating,True,,"The text does not explicitly state the purpose for which personal data is collected and used, nor does it explain how users can manage their permissions."
2026-06-18 06:40:47,B_compliance_adversarial,0.5,TC049,compliant,"""We utilize a geographically dispersed data storage strategy, which may involve the use of third-party infrastructure located in various jurisdictions, including India. As part of our data management practices, we maintain a global data residency framework that ensures our data storage practices are aligned with relevant regulatory requirements.""",compliant,False,,The text explicitly states data storage practices are aligned with relevant regulatory requirements.
2026-06-18 06:40:47,B_compliance_adversarial,0.5,TC050,compliant,"""We utilize a network of strategic partnerships to facilitate the international movement of personal data, ensuring seamless alignment with regulatory frameworks and optimal data flow management.""",violating,True,,"The text does not explicitly state the purpose for which personal data is collected and used, nor does it mention consent mechanisms."
2026-06-18 06:40:47,B_compliance_adversarial,0.5,TC051,violating,"We appreciate your cooperation in facilitating a multi-layered verification process. As part of our ongoing efforts to enhance user engagement, select third-party entities may utilize your provided contact information to deliver targeted communications.",violating,True,Section 7,"The text does not explicitly state the purpose for which personal data is collected and used, nor does it provide a clear and easy to understand consent notice as required by the DPDP Rules, 2025."
2026-06-18 06:40:47,B_compliance_adversarial,0.5,TC052,violating,"In accordance with our standard business practices, certain aggregated and anonymized health-related data collected through our fitness app will be utilized in a manner that supports the development of more accurate and differentiated risk assessments, which may subsequently be leveraged by our strategic partners to inform their underwriting decisions.",compliant,False,,The text explicitly states data is used for a stated lawful purpose (risk assessment and underwriting decisions) and does not mention any unlawful data collection or sharing.
2026-06-18 06:40:47,B_compliance_adversarial,0.5,TC053,compliant,"""We may utilize certain location-based information to optimize our logistics operations and facilitate real-time delivery tracking. Such data is subject to our standard data retention policies, which ensure compliance with relevant regulations.""",compliant,False,,The text explicitly states data is used for a stated purpose (logistics operations and real-time delivery tracking) and mentions compliance with relevant regulations.
2026-06-18 06:40:47,B_compliance_adversarial,0.5,TC054,compliant,"""We leverage your email address to facilitate seamless transactional communications, including order confirmations and high-priority security notifications. Utilizing industry-leading data management protocols, we ensure that your contact information is not exploited for unsolicited promotional activities, unless you have opted-in to receive targeted communications through our preference center.""",compliant,False,,The text explicitly states that data is not exploited for unsolicited promotional activities and provides a preference center for targeted communications.
2026-06-18 06:40:47,B_compliance_adversarial,0.5,TC055,violating,"""In accordance with our ongoing commitment to prudent data governance, a comprehensive review of our data handling practices has been undertaken as part of our regular risk management and strategic planning processes. This exercise has enabled us to maintain a high level of vigilance in respect of our data-related obligations, ensuring that our data management framework remains aligned with industry best practices and regulatory expectations.""",compliant,False,,The text describes a compliant data management framework aligned with industry best practices and regulatory expectations.
2026-06-18 06:40:47,B_compliance_adversarial,0.5,TC056,violating,"""Ongoing efforts to enhance the robustness of our data processing frameworks have not necessitated a comprehensive review of the intricacies surrounding the safeguarding of sensitive user information, encompassing a universe of over 10 crore individuals, to ensure alignment with evolving regulatory expectations.""",violating,True,,"The text does not explicitly state that data is deleted, not shared, or only used for a stated purpose, and mentions a universe of over 10 crore individuals without specifying consent mechanisms."
2026-06-18 06:40:47,B_compliance_adversarial,0.5,TC057,compliant,"""We periodically conduct high-level risk assessments and strategic reviews of our data handling practices to ensure alignment with industry standards and regulatory requirements. These evaluations are conducted in a manner that maintains confidentiality and are subject to a thorough review process. Outcomes are communicated to relevant stakeholders as necessary.""",compliant,False,,The text describes a compliant data handling practice by mentioning regular risk assessments and alignment with industry standards and regulatory requirements.
2026-06-18 06:40:47,B_compliance_adversarial,0.5,TC058,violating,"""Our Consent Manager platform is delivered through a strategic partnership with a global entity, facilitating seamless international operations. The platform's operational framework is aligned with the regulatory principles of the jurisdictions in which it operates, ensuring a cohesive and compliant experience for our customers.""",compliant,False,,"The text does not explicitly mention any violation of DPDP rules, and it appears to be describing a compliant operational framework."
2026-06-18 06:40:47,B_compliance_adversarial,0.5,TC059,compliant,"We leverage a Consent Manager solution that has established relationships with relevant regulatory bodies, including the Data Protection Board, and is a registered entity within our ecosystem. The platform facilitates a dynamic and adaptive consent management framework, ensuring seamless interoperability and alignment with evolving industry standards.",compliant,False,,"The text explicitly states that the Consent Manager is registered and has established relationships with regulatory bodies, indicating compliance with DPDP Act 2023."
2026-06-18 06:40:47,B_compliance_adversarial,0.5,TC060,compliant,"In order to facilitate the timely disbursement of compensation, we must obtain and securely store your banking information and proof of identity. This sensitive data will be utilized in accordance with our standard onboarding protocols and relevant provisions under the DPDP Act, specifically those governing employment-related activities.",compliant,False,,"The text explicitly states that the data will be used for a stated purpose (employment-related activities) and mentions the DPDP Act, which suggests compliance with the law."
2026-06-18 06:40:47,B_compliance_adversarial,0.5,TC061,compliant,"""We may utilize your Aadhaar number as part of our identity validation protocols, which are subject to the RBI's KYC framework, to facilitate the onboarding process.""",compliant,False,,"The text explicitly states that the Aadhaar number is used for identity validation protocols subject to the RBI's KYC framework, which is a lawful purpose."
2026-06-18 06:40:47,B_compliance_adversarial,0.5,TC062,violating,"""In alignment with our strategic partnership with the state health authority, we have implemented a streamlined data management protocol to facilitate seamless integration with existing health care frameworks. This collaborative initiative enables us to optimize our operational efficiency and enhance the overall patient experience, while ensuring that all necessary regulatory requirements are met through our robust compliance framework.""",compliant,False,,The text explicitly states that all necessary regulatory requirements are met through a robust compliance framework.
2026-06-18 06:40:47,B_compliance_adversarial,0.5,TC063,violating,"""We occasionally engage in strategic data utilization initiatives that may not be explicitly outlined in our existing data management protocols, but are designed to enhance the overall value proposition and user experience for our stakeholders.""",violating,True,,"The text does not explicitly state the purpose for which personal data is collected and used, nor does it mention consent mechanisms."
2026-06-18 06:40:47,B_compliance_adversarial,0.5,TC064,violating,"""In connection with our data management arrangements, certain third-party service providers are entrusted with the secure handling of user data, in accordance with our organization's established standards and protocols.""",compliant,False,,The text explicitly states that user data is handled securely in accordance with the organization's standards and protocols.
2026-06-18 06:40:47,B_compliance_adversarial,0.5,TC065,compliant,"""We have established a network of trusted partners who adhere to our proprietary security protocols, which are designed to meet the evolving needs of our organization. These partners are bound by non-disclosure agreements and are expected to operate within the scope of their designated roles.""",compliant,False,,"The text does not explicitly mention any DPDP Act 2023 violations, and it describes a compliant security protocol."
2026-06-18 06:40:47,B_compliance_adversarial,0.5,TC066,violating,"""We are committed to transparency and clarity in our communication with stakeholders. The disclosure of our privacy policy is consistent with industry best practices and regulatory requirements. The policy is readily accessible to all interested parties, and its content is in line with our organization's values of openness and accountability. The language used is standardized across all platforms to ensure consistency and ease of understanding. Our approach to notice provision is designed to minimize complexity and maximize awareness, thereby ensuring a seamless user experience.""",compliant,False,,"The text explicitly states that the disclosure of the privacy policy is consistent with regulatory requirements and industry best practices, indicating compliance with DPDP Act 2023."
2026-06-18 06:40:47,B_compliance_adversarial,0.5,TC067,violating,"""We have implemented a streamlined user onboarding process that involves a concise and comprehensive terms of service agreement, which includes a data management policy that is clearly outlined in a standardized format. The user experience is designed to facilitate a seamless and efficient registration process, with all necessary information and acknowledgments presented in an easily accessible manner.""",compliant,False,,"The text explicitly states that the data management policy is clearly outlined and presented in an easily accessible manner, indicating compliance with transparency requirements."
2026-06-18 06:40:47,B_compliance_adversarial,0.5,TC068,compliant,"""We may obtain personal data prior to which we will provide a notice outlining our data collection practices, subject to certain conditions and exceptions. This notice will be communicated in a manner that is consistent with applicable regulations, and individuals may be able to opt out of certain data collection activities, depending on their specific circumstances.""",compliant,False,,"The text explicitly states that a notice outlining data collection practices will be provided prior to data collection, which is compliant with DPDP Act 2023."
2026-06-18 06:40:47,B_compliance_adversarial,0.5,TC069,compliant,"""Consent protocols are embedded within our overarching terms and conditions framework, accessible through a multilingual portal featuring Hindi, Tamil, Bengali, and English language options.""",compliant,False,,"The text explicitly states that consent protocols are embedded within terms and conditions, accessible through a multilingual portal, which implies a clear mechanism for consent management."
2026-06-18 06:40:47,B_compliance_adversarial,0.5,TC070,violating,"""In order to ensure the integrity of our data handling processes, we have implemented a comprehensive framework that requires all individuals to personally engage with our data access and rectification procedures. This approach enables us to maintain the highest standards of transparency and accountability in our data management practices, while also ensuring that all interactions are conducted in a manner that is consistent with our commitment to data security and accuracy.""",compliant,False,,"The text explicitly states data is used for a stated purpose (data integrity) and mentions transparency, accountability, and data security, which are compliant with DPDP principles."
2026-06-18 06:40:47,B_compliance_adversarial,0.5,TC071,compliant,"You may designate a representative to facilitate your interaction with the DPDP system via the ""Authorized Agent"" module within your account preferences, provided you have enabled this feature and have executed any necessary documentation.",compliant,False,,"The text does not explicitly state any non-compliance with the DPDP Act, 2023."
2026-06-18 06:40:47,B_compliance_adversarial,0.5,TC072,violating,"""Through our strategic partnerships with select industry stakeholders, we facilitate the provision of anonymized, aggregated and de-identified data insights to support the development of targeted marketing initiatives. These data solutions enable our partners to refine their customer engagement strategies and optimize their business outcomes, while maintaining the highest standards of data stewardship and protection.""",compliant,False,,"The text explicitly states that data is anonymized, aggregated, and de-identified, which suggests that it is being used for a lawful purpose."
2026-06-18 06:40:47,B_compliance_adversarial,0.5,TC073,compliant,"""We engage in select data partnerships with research entities, facilitating the exchange of high-level usage metrics. All such exchanges are carefully managed to ensure compliance with relevant data protection protocols, while maintaining a robust framework for knowledge sharing and innovation.""",compliant,False,,The text explicitly states that data exchanges are carefully managed to ensure compliance with relevant data protection protocols.
2026-06-18 06:40:47,B_compliance_adversarial,0.5,TC074,violating,"""In order to enhance the overall customer experience and provide more comprehensive solutions, we may disclose certain personal information to affiliated entities within our corporate network, subject to our Group's overarching data governance policies and procedures. This approach enables us to leverage synergies and deliver a more streamlined and integrated service offering, while ensuring that all relevant data handling practices are in full alignment with our organizational standards.""",violating,True,,"The text does not explicitly mention consent mechanisms, which is a red flag for non-compliance."
2026-06-18 06:40:47,B_compliance_adversarial,0.5,TC075,violating,"""Our organization maintains a robust data governance framework that ensures the secure and transparent management of all sensitive information. While we cannot publicly disclose specific details regarding our data handling practices, we can assure our stakeholders that all necessary measures are in place to protect the confidentiality, integrity, and availability of our data assets. By leveraging our state-of-the-art data management systems and adhering to industry best practices, we are able to maintain a high degree of operational efficiency and minimize any potential risks associated with data disclosure.""",compliant,False,,"The text explicitly states that all necessary measures are in place to protect the confidentiality, integrity, and availability of data assets, indicating compliance with DPDP Act 2023."
2026-06-18 06:40:47,B_compliance_adversarial,0.5,TC076,compliant,"""Upon certain inquiries, we may furnish users with a condensed overview of the personal data in our possession, highlighting key processing objectives and certain third-party collaborations.""",violating,True,6,"The text does not explicitly mention the means by which a Data Principal may make a request for the exercise of their rights, as required by Section 6."
2026-06-18 06:40:47,B_compliance_adversarial,0.5,TC077,violating,"""Under normal operating procedures, our advanced decision-making platform employs complex algorithms to assess loan eligibility, utilizing a comprehensive set of data inputs. This process is designed to ensure the efficient allocation of resources and minimize potential risks. In certain instances, the system may generate a preliminary determination that necessitates further review, although this is not always the case. Our commitment to customer satisfaction and fair business practices is unwavering, and we continually strive to enhance our services to meet the evolving needs of our clients.""",compliant,False,,"The text does not explicitly mention any DPDP Act, 2023 violations, and instead focuses on the company's commitment to customer satisfaction and fair business practices."
2026-06-18 06:40:47,B_compliance_adversarial,0.5,TC078,compliant,"""In certain situations where our advanced analytics and machine learning models are utilized, you may opt-in to a supplementary review process, which may involve human oversight, subject to our discretion and the terms of our agreement.""",compliant,False,,"The text does not explicitly mention any DPDP violations, and it appears to be describing a supplementary review process that is subject to the terms of an agreement."
2026-06-18 06:40:47,B_compliance_adversarial,0.5,TC079,violating,"""In pursuit of optimal customer experience and data-driven insights, our organization has implemented a comprehensive data management framework that enables the secure and efficient processing and storage of user information. This approach is designed to facilitate the development of targeted marketing solutions and the enhancement of our product offerings. In accordance with our commitment to transparency and accountability, we maintain a robust data governance structure that ensures the responsible handling of user data, while also allowing for the retention of relevant information for extended periods. This strategy is aligned with our mission to deliver personalized experiences and drive business growth through data analytics and informed decision-making.""",compliant,False,,"The text explicitly states that data is used for lawful purposes such as customer experience, data-driven insights, and targeted marketing solutions."
2026-06-18 06:40:47,B_compliance_adversarial,0.5,TC080,compliant,"""We utilize anonymized research data in accordance with our proprietary analysis protocols, which may involve aggregating or de-identifying certain information. Published findings are presented in a manner that maintains the confidentiality of our research subjects. Data is periodically purged from our systems in compliance with our standard data lifecycle management procedures.""",compliant,False,,"The text explicitly states data is deleted, not shared, or only used for a stated purpose, which is compliant with DPDP."
2026-06-18 06:40:47,B_compliance_adversarial,0.5,TC081,compliant,"In order to provide you with a comprehensive transactional summary, we require your email address for communication purposes. Additionally, by selecting the checkbox, you will be enrolled in our regular digital updates, which will be transmitted on a periodic basis. Please note that you may terminate this service at any time, although we reserve the right to modify our communication protocols as necessary to ensure optimal user experience.",compliant,False,,The text explicitly states data is collected for a stated purpose (providing a transactional summary) and allows users to terminate the service at any time.
2026-06-18 06:40:47,B_compliance_adversarial,0.5,TC082,violating,"Our registration process involves the proactive management of user preferences, whereby certain default settings are applied to streamline the onboarding experience. In the event that a user fails to review or modify these default settings, it is assumed that they are in alignment with our standard terms and conditions.",violating,True,Section 7,"The text assumes consent from users who fail to review or modify default settings, which may not be in alignment with their actual preferences."
2026-06-18 06:40:47,B_compliance_adversarial,0.5,TC083,violating,"""Account access may be temporarily restricted or terminated in accordance with our data management policies, contingent upon the provision of necessary information. Failure to comply with our data requirements may necessitate the deletion of associated records and account closure.""",violating,True,Section 8,"The text does not explicitly state the time period for specified purpose to be deemed as no longer being served, as required by Section 8."
2026-06-18 06:40:47,B_compliance_adversarial,0.5,TC084,compliant,"The state government utilizes citizen personal data to facilitate the disbursement of subsidies in accordance with the National Food Security Act. Data utilization protocols are transparently disclosed through our proprietary online platform, subject to terms and conditions.",compliant,False,,The text explicitly states data is used for a stated lawful purpose (disbursement of subsidies) and data utilization protocols are transparently disclosed.
2026-06-18 06:40:47,B_compliance_adversarial,0.5,TC085,violating,"""In furtherance of our mission to promote economic growth and public well-being, we facilitate the exchange of certain citizen information with select private sector partners, thereby fostering mutually beneficial collaborations that align with our organizational objectives.""",compliant,False,,The text does not explicitly mention any unlawful data collection or processing.
2026-06-18 06:40:47,B_compliance_adversarial,0.5,TC086,violating,"""As part of our ongoing effort to enhance patient-centric services and foster collaborative relationships with key industry stakeholders, we engage in select information exchanges with pharmaceutical partners to facilitate mutual understanding of treatment outcomes and optimize patient care pathways. These exchanges are conducted in accordance with our data governance protocols, which prioritize patient confidentiality while promoting transparency and accountability across our ecosystem. All such interactions are carefully managed to ensure compliance with relevant regulatory requirements and industry standards, and are subject to regular audits and reviews to guarantee the highest standards of data stewardship.""",compliant,False,,The text explicitly states that data is used for lawful purposes (patient care and treatment outcomes) and mentions compliance with regulatory requirements and industry standards.
2026-06-18 06:40:47,B_compliance_adversarial,0.5,TC087,compliant,"""We may utilize patient health data to facilitate the delivery of healthcare services, while also exploring opportunities for strategic partnerships and collaborations that align with our organizational objectives. All data sharing activities are conducted in accordance with our data governance framework, which ensures compliance with relevant regulatory requirements and maintains the confidentiality of patient information, subject to certain exceptions as permitted by law.""",compliant,False,,The text explicitly states data is used for a stated lawful purpose (healthcare services) and mentions compliance with regulatory requirements.
2026-06-18 06:40:47,B_compliance_adversarial,0.5,TC088,compliant,"""We may utilize bank account and PAN card information to facilitate compensation transactions in accordance with pertinent labor regulations. This data is subject to restricted access and is not shared externally, except as necessary to maintain the integrity of our financial systems and ensure compliance with relevant statutes.""",compliant,False,,"The text explicitly states that the data is subject to restricted access and not shared externally, except for lawful purposes."
2026-06-18 06:40:47,B_compliance_adversarial,0.5,TC089,violating,"""In the interest of optimizing our business operations and enhancing the customer experience, we engage in strategic partnerships with select third-party entities to facilitate the exchange of certain financial information. This collaborative effort enables us to maintain accurate and up-to-date records, while also allowing us to provide our customers with tailored services and offerings that are informed by industry trends and best practices.""",compliant,False,,The text does not explicitly mention any unlawful data collection or use.
2026-06-18 06:40:47,B_compliance_adversarial,0.5,TC090,compliant,"""Initiate a Data Inquiry Protocol by clicking Submit Data Request. Our designated Data Management Representative will review and address your request in a timely manner, adhering to our internal operational guidelines and applicable regulatory frameworks.""",violating,True,Section 30,"The text does not explicitly mention the means using which a Data Principal may make a request for the exercise of such rights, as required by Section 30."
2026-06-18 06:40:47,B_compliance_adversarial,0.5,TC091,violating,"""In accordance with our established protocols, we strive to provide timely access to relevant information, subject to the constraints of our operational capacity and the complexity of the inquiry. Requests for data access are reviewed and processed in a manner that balances the need for transparency with the requirements of our business continuity. In certain instances, it may be necessary to defer or limit access to information due to exceptional circumstances or unforeseen operational challenges.""",compliant,False,,"The text does not explicitly mention any DPDP violations, but it does mention 'operational capacity' and 'business continuity' which could be interpreted as a potential red flag. However, the text does not provide clear evidence of non-compliance."
2026-06-18 06:40:47,B_compliance_adversarial,0.5,TC092,violating,"Our organisation has implemented a sophisticated user experience enhancement protocol, which relies on the strategic use of aggregated data analytics tools to provide a more tailored and engaging online environment for our users. This initiative involves the deployment of industry-standard cookies, which facilitate the collection of anonymised and de-identified user interactions, thereby enabling the delivery of a more personalised experience.",compliant,False,,The text does not explicitly mention any unlawful data collection or processing.
2026-06-18 06:40:47,B_compliance_adversarial,0.5,TC093,compliant,"""We utilize advanced data abstraction techniques to gain insights into user behavior and optimize our product experience. Individual identities are not explicitly linked to our analytics, but our sophisticated algorithms enable us to create a comprehensive user perspective.""",compliant,False,,"The text does not explicitly mention data collection or processing, and does not appear to violate any DPDP principles."
2026-06-18 06:40:47,B_compliance_adversarial,0.5,TC094,violating,"""As part of our ongoing efforts to maintain a secure and efficient work environment, we have implemented certain protocols to ensure the transparency and integrity of our organizational communications. These measures may involve the review of certain electronic communications that are transmitted or stored on company-provided devices or networks, in order to prevent unauthorized access or potential disruptions to our operations.",compliant,False,,The text explicitly states data is collected for a stated lawful purpose (preventing unauthorized access or potential disruptions to operations)
2026-06-18 06:40:47,B_compliance_adversarial,0.5,TC095,compliant,"""Optimized performance tracking is facilitated through strategic utilization of designated corporate assets, with specific focus on productivity optimization during core operating periods. Employee awareness of monitoring protocols is addressed through comprehensive onboarding processes and existing contractual agreements.""",compliant,False,,The text does not explicitly mention any DPDP sections or violate any DPDP rules.
2026-06-18 06:40:47,B_compliance_adversarial,0.5,TC096,compliant,"""Please be aware that our system requires access to certain information to facilitate the delivery of your order. A comprehensive data profile, including your delivery address and contact details, will be processed in accordance with our Data Management Guidelines. This data will be retained for an optimal period, not to exceed 30 days, following completion of the delivery process.""",compliant,False,,The text explicitly states that data will be retained for a stated purpose (delivery of order) and for a limited period (30 days).
2026-06-18 06:40:47,B_compliance_adversarial,0.5,TC097,compliant,"""Our platform employs advanced risk detection protocols to identify potential anomalies in user access patterns. In the event of a suspected security incident, your account may be temporarily restricted. We reserve the right to collect and store relevant system metadata, including but not limited to IP addresses and device identifiers, in order to maintain a secure environment.""",violating,True,Section 6,"The text does not explicitly mention the retention of logs and personal data for a period of one year, as required by Section 6(e) of the DPDP Act, 2023."
2026-06-18 06:40:47,B_compliance_adversarial,0.5,TC098,compliant,"""We leverage your browsing history to enhance your experience within our ecosystem. Data retention practices are aligned with industry standards, ensuring optimal user engagement. Upon deletion of your browsing history, associated metadata is securely anonymized and purged from our systems.""",violating,True,Section 8,"The text does not explicitly state the time period for specified purpose to be deemed as no longer being served, as required by Section 8 of the DPDP Act."
2026-06-18 06:40:47,B_compliance_adversarial,0.5,TC099,compliant,"""We maintain a comprehensive data repository for a period of one year or more, as deemed necessary for operational efficiency. The stored data is utilized to ensure adherence to regulatory frameworks and optimize our risk management strategies.""",violating,True,Section 7,"The text does not specify the purpose for which personal data is collected and used, and instead mentions 'operational efficiency' which may not be a lawful purpose."
2026-06-18 06:40:47,B_compliance_adversarial,0.5,TC100,compliant,"""In accordance with our advanced risk management protocols, we discreetly monitor and process your transactional information through proprietary algorithms. In the event of a potential anomaly, our internal review process is triggered, involving a designated subject matter expert who assesses the situation before any further action is taken.""",compliant,False,,"The text does not explicitly mention any DPDP Act 2023 violations, but it does not provide clear evidence of consent mechanisms either."
2026-06-19 08:14:12,B_compliance_adversarial,0.5,TC001,violating,"Upon selecting the designated checkbox, users acknowledge their understanding of our online Code of Conduct and opt-in to the sharing of aggregated, anonymized user data with select business associates for the purpose of enhancing our services and fostering strategic partnerships.",violating,True,Section 12,"The text does not explicitly state that the consent is verifiable, and the sharing of data is not limited to a stated purpose."
2026-06-19 08:14:12,B_compliance_adversarial,0.5,TC002,violating,"""In the normal course of conducting business, customer data may be utilized to refine our marketing strategies and enhance the overall shopping experience. This is a standard practice within the industry, and we operate in accordance with established principles of data utilization. Our goal is to provide personalized offerings that meet the evolving needs of our valued customers, all while maintaining the highest standards of data stewardship and responsible business practices.""",compliant,False,,The text explicitly states that data is used for a stated purpose (refining marketing strategies and enhancing the shopping experience) and mentions data stewardship and responsible business practices.
2026-06-19 08:14:12,B_compliance_adversarial,0.5,TC003,violating,"By utilizing our application, users implicitly acknowledge their understanding of and agreement to the comprehensive data management practices outlined in our detailed documentation, as periodically updated to reflect evolving industry standards and regulatory requirements.",violating,True,,"The text implies that users are agreeing to data management practices without explicitly stating consent mechanisms, which is a red flag for DPDP compliance."
2026-06-19 08:14:12,B_compliance_adversarial,0.5,TC004,violating,"""In order to facilitate a seamless and integrated user experience, we may engage in certain data sharing arrangements with select partners and affiliates, contingent upon our ongoing assessment of the data's relevance and appropriateness for such purposes. This process is subject to our data governance framework and is designed to balance the interests of all stakeholders involved. Users are notified of this potential data sharing through a clear and conspicuous disclosure, allowing them to exercise their right to opt-out if they so choose, albeit within a reasonable timeframe following account activation.""",compliant,False,,"The text explicitly states that users are notified of potential data sharing and given the right to opt-out, which is compliant with DPDP Act 2023."
2026-06-19 08:14:12,B_compliance_adversarial,0.5,TC005,violating,"Upon registering for our mobile application, users are deemed to have acknowledged and consented to the collection and utilisation of geospatial information for the purposes of enhancing their overall experience, which may involve the sharing of such data with select third-party entities for targeted promotional opportunities.",violating,True,"Section 7, clause (b)","The text does not explicitly state that the Data Principal is given an intimation in respect of the processing of her personal data, including the business contact information of a person who can answer questions about the processing."
2026-06-19 08:14:12,B_compliance_adversarial,0.5,TC006,compliant,"""We may capture electronic contact information to facilitate the processing and delivery of your order. You can choose to opt-out of future communications at any time, though we reserve the right to utilize your data in a manner consistent with our standard business practices and applicable laws.""",compliant,False,,"The text explicitly states that users can opt-out of future communications, which implies that their data will not be used without consent."
2026-06-19 08:14:12,B_compliance_adversarial,0.5,TC007,compliant,"""We may need to obtain certain information from you, which will be outlined in a comprehensive disclosure statement. This document will provide a general overview of our data collection practices, as well as certain... flexibility options available to you. Please note that our data management policies are subject to change, and we reserve the right to modify or update our procedures at any time.""",compliant,False,,"The text explicitly states that data collection practices will be outlined in a comprehensive disclosure statement, which is compliant with the DPDP Act's requirement for transparency."
2026-06-19 08:14:12,B_compliance_adversarial,0.5,TC008,compliant,"""By continuing to engage with our communications, you acknowledge our standard opt-out procedures. To discontinue receiving promotional materials, please navigate to the designated opt-out link. Timing of opt-out efficacy may vary, but rest assured our systems will accommodate your preferences in due course.""",violating,True,Section 3,"The notice does not give a fair account of the details necessary to enable the Data Principal to give specific and informed consent for the processing of her personal data, as it does not provide an itemised description of such personal data, the specified purpose or purposes of, and specific description of the goods or services to be provided or uses to be enabled by, such processing."
2026-06-19 08:14:12,B_compliance_adversarial,0.5,TC009,violating,"""We kindly request that participants in our online chess tournament submit their personal identification information, which will be used to facilitate a seamless and secure registration process. This may include, but is not limited to, name, contact details, and certain demographic data. All information will be treated with the utmost confidentiality and in accordance with our established data protection protocols. For the purposes of verifying participant identities and ensuring a fair and enjoyable experience, we may also request additional details, such as location information and familial associations. Please be assured that all submissions will be reviewed and processed in a manner consistent with our organization's commitment to transparency and accountability.""",compliant,False,,The text does not explicitly mention any unlawful data collection or processing.
2026-06-19 08:14:12,B_compliance_adversarial,0.5,TC010,violating,"In order to fully leverage the functionality of our flagship calculator application, users are required to provide consent for the app to access certain device features. This consent enables our system to optimize the user experience and facilitate seamless integration with other applications. Failure to provide the necessary permissions may result in limited functionality or an inability to utilize the application's full suite of features.",compliant,False,,"The text does not explicitly mention any DPDP violations, and it appears to be a legitimate request for user consent for device feature access."
2026-06-19 08:14:12,B_compliance_adversarial,0.5,TC011,violating,"""The company's mobile platform may, in certain circumstances, utilize geospatial data in order to optimize the user experience, provided that such data collection is in compliance with applicable laws and regulations. In the interest of delivering exceptional service, the application may, on occasion, request access to location services, even when the application is not actively engaged by the user.""",compliant,False,,"The text does not explicitly mention any DPDP violations, and it claims to comply with applicable laws and regulations."
2026-06-19 08:14:12,B_compliance_adversarial,0.5,TC012,violating,"""In order to facilitate access to our premium content and services, we may request certain personal information, including but not limited to, a unique identifier, financial account particulars, professional background information, and demographic data, in accordance with our established protocols for user verification and authentication.""",compliant,False,,"The text does not explicitly mention any DPDP violations, and it mentions user verification and authentication protocols, which implies a lawful purpose."
2026-06-19 08:14:12,B_compliance_adversarial,0.5,TC013,compliant,"""Our mobility platform may utilize geospatial data from your device to facilitate trip initiation and completion. Such data collection is subject to our proprietary 'trip lifecycle' management protocols, which automatically adjust data acquisition parameters based on system needs.""",violating,True,"Section 7, clause (b)","The text does not explicitly mention obtaining consent from the Data Principal before processing their personal data, which is required under clause (b) of section 7 of the Act."
2026-06-19 08:14:12,B_compliance_adversarial,0.5,TC014,compliant,"""To facilitate the onboarding process, we may require access to certain identifying data points, including but not limited to your name and email address. Additional information may be collected in accordance with our standard operating procedures, as necessary to ensure a seamless user experience.""",compliant,False,,The text does not explicitly mention any unlawful data collection or processing.
2026-06-19 08:14:12,B_compliance_adversarial,0.5,TC015,violating,"To ensure seamless access to the premises, please submit your unique identifier and undergo a secure authentication process, which includes a biometric verification step, for the purpose of facilitating a streamlined entry experience.",compliant,False,,The text does not explicitly mention any DPDP violations.
2026-06-19 08:14:12,B_compliance_adversarial,0.5,TC016,violating,"""We are committed to delivering a seamless and tailored shopping experience, which involves the strategic collection and utilisation of certain anonymous biometric information to enhance our customers' overall engagement and satisfaction with our brand offerings.""",compliant,False,,The text does not explicitly mention any unlawful data collection or processing.
2026-06-19 08:14:12,B_compliance_adversarial,0.5,TC017,violating,"""In connection with our ongoing efforts to enhance operational efficiency and streamline cross-functional workflows, certain biometric information may be disclosed to our parent entity for purposes of facilitating a more comprehensive and integrated organizational identity management framework.""",violating,True,,The text does not explicitly state the purpose of data collection or the consent mechanism for disclosing biometric information to the parent entity.
2026-06-19 08:14:12,B_compliance_adversarial,0.5,TC018,violating,"""In the event of a change in circumstances, individuals may opt-out of certain data-related activities by submitting a formal, authenticated notification to our global administrative center. The subsequent data management process will be facilitated in accordance with our standard operating procedures, which are designed to ensure a seamless transition and maintain data integrity.""",compliant,False,,"The text explicitly states that data is deleted, not shared, or only used for a stated purpose, which is compliant with the DPDP Act."
2026-06-19 08:14:12,B_compliance_adversarial,0.5,TC019,violating,"""In order to exercise your preference regarding data handling, please contact our dedicated support line during our designated operational hours, which are subject to change, to initiate a comprehensive verification procedure. This process involves a series of questions and confirmatory steps to ensure the accuracy of our records. We kindly request that you allow sufficient time to complete this process, which may take up to 30 minutes, and is only available during a specific period on Tuesdays. Our support team will be happy to guide you through this process and answer any questions you may have.""",compliant,False,,The text does not explicitly mention any DPDP Act 2023 violations.
2026-06-19 08:14:12,B_compliance_adversarial,0.5,TC020,violating,"""In connection with the review and evaluation of your withdrawal request, certain administrative costs may be incurred, which may be borne by the individual requesting the withdrawal. These costs are intended to support the efficient management of our processes and are subject to periodic review and adjustment to ensure alignment with industry standards and regulatory requirements.""",compliant,False,,The text does not explicitly mention any unlawful data collection or processing.
2026-06-19 08:14:12,B_compliance_adversarial,0.5,TC021,compliant,"""Consent revocation procedures are available upon request. Please navigate to the 'Preferences' section within our mobile application to initiate the opt-out process. Timing and efficacy of the revocation may vary depending on system availability.""",compliant,False,,"The text explicitly states that consent revocation procedures are available, which is compliant with the DPDP Act 2023."
2026-06-19 08:14:12,B_compliance_adversarial,0.5,TC022,violating,"""Pursuant to our Data Retention Policy, we may continue to store certain user information on our secure servers for analytical purposes, including the enhancement of our artificial intelligence capabilities, notwithstanding the cancellation of a user's account. This retention is intended to support the ongoing refinement of our systems and services, ensuring a seamless and personalized experience for our valued customers.""",violating,True,Section 6,"The text does not explicitly state the retention period for user information, which is a requirement under Section 6(e) of the DPDP Act, 2023."
2026-06-19 08:14:12,B_compliance_adversarial,0.5,TC023,violating,"""In line with our commitment to data-driven decision-making and operational excellence, we have implemented a comprehensive data management framework designed to preserve and leverage valuable insights derived from user interactions. This approach enables the continuous refinement of our products and services, while also facilitating a deeper understanding of evolving market trends and consumer behaviors. As an integral component of our long-term strategic planning, we will maintain and utilize this data repository in a manner that aligns with our organizational goals and objectives, ensuring seamless and informed business operations.""",compliant,False,,The text does not explicitly mention any unlawful data collection or use.
2026-06-19 08:14:12,B_compliance_adversarial,0.5,TC024,compliant,"""We maintain a secure data repository for a period of seven years, aligning with relevant regulatory standards. Following account closure, a data optimization process is initiated, ensuring all non-essential information is efficiently purged from our systems.""",compliant,False,,The text explicitly states data is deleted after a stated purpose (account closure) and only used for a stated purpose (data optimization).
2026-06-19 08:14:12,B_compliance_adversarial,0.5,TC025,compliant,"""We reserve the right to purge certain customer data from our systems following a period of inactivity. This process is subject to our standard retention policies and may be adjusted as necessary to ensure compliance with relevant regulations. You will be notified in accordance with our standard communication protocols prior to any data removal.""",compliant,False,,"The text explicitly states data is deleted after a period of inactivity, which is a stated purpose."
2026-06-19 08:14:12,B_compliance_adversarial,0.5,TC026,violating,"In order to provide exceptional customer service, our organization has implemented a centralized repository for sensitive customer information, utilizing a widely accepted data format for streamlined access and management by authorized personnel. This secure, easily accessible platform enables our dedicated support team to promptly address customer inquiries and resolve issues in a timely manner, thereby enhancing overall customer satisfaction and trust.",violating,True,6,"The text does not explicitly mention consent mechanisms, which is a requirement for lawful data collection under the DPDP Act, 2023."
2026-06-19 08:14:12,B_compliance_adversarial,0.5,TC027,violating,"In order to facilitate seamless integration and enhance the overall user experience, our centralized data repository, housing a substantial volume of user information, is made available through a dedicated interface accessible to authorized personnel and select third-party stakeholders, in accordance with established protocols governing data sharing and collaboration.",violating,True,Section 14,"The text does not explicitly mention consent mechanisms, which is a requirement for lawful data processing under the DPDP Act, 2023."
2026-06-19 08:14:12,B_compliance_adversarial,0.5,TC028,compliant,"""We employ advanced data protection protocols to safeguard sensitive information. Our proprietary encryption methodologies ensure confidentiality and integrity, utilising industry-standardised algorithms. Data is processed in a secure environment, with access limited to select stakeholders with requisite clearance. Compliance with regulatory requirements is assured through our robust risk management framework.""",compliant,False,,"The text explicitly states data is processed in a secure environment with access limited to select stakeholders, indicating compliance with DPDP Section 6."
2026-06-19 08:14:12,B_compliance_adversarial,0.5,TC029,compliant,"""Data is housed on a secure infrastructure that meets the minimum standards for our industry, with access protocols in place to restrict sensitive information to select personnel. Advanced threat detection and monitoring tools are utilized to mitigate potential security risks.""",compliant,False,,"The text explicitly states that data is housed on a secure infrastructure with access protocols in place to restrict sensitive information, indicating compliance with DPDP's security safeguards."
2026-06-19 08:14:12,B_compliance_adversarial,0.5,TC030,violating,"Confidential Executive Briefing: A recent incident involving unauthorized access to certain sensitive information has necessitated a comprehensive review of our data security protocols. In the interests of minimizing potential disruption to our operations, it has been decided to expedite the implementation of targeted remedial measures. These measures will be executed in a phased manner, with a focus on ensuring the integrity and confidentiality of our systems.",compliant,False,,"The text does not explicitly mention any DPDP Act 2023 violations, and it appears to be discussing a legitimate review and improvement of data security protocols."
2026-06-19 08:14:12,B_compliance_adversarial,0.5,TC031,violating,"In a routine review of incident response protocols, certain circumstances were identified that warrant further analysis. As part of our ongoing efforts to ensure business continuity, we are currently conducting a comprehensive assessment of the situation to determine the most effective course of action. This involves evaluating various factors to inform our decision-making process, including the potential consequences of disclosure on our stakeholders.",compliant,False,,The text does not explicitly mention any DPDP sections or violations.
2026-06-19 08:14:12,B_compliance_adversarial,0.5,TC032,compliant,"""During a routine system review, we encountered an incident involving unauthorized access to user email information. We promptly notified a relevant authority and initiated a comprehensive notification process, which included targeted communications to affected users.""",compliant,False,,"The text explicitly states that the data breach was reported to a relevant authority and affected users were notified, which is compliant with the DPDP Act 2023."
2026-06-19 08:14:12,B_compliance_adversarial,0.5,TC033,violating,"""In the event of any concerns regarding the handling of sensitive information, we encourage stakeholders to engage in open dialogue within our designated online community platform, where matters can be discussed and addressed in a transparent manner. The organization maintains a robust framework for managing and responding to inquiries and feedback, ensuring that all issues are thoroughly examined and addressed in a timely and satisfactory manner.""",compliant,False,,"The text explicitly states that data is handled in a transparent manner and that all issues are thoroughly examined and addressed in a timely and satisfactory manner, indicating compliance with the DPDP Act."
2026-06-19 08:14:12,B_compliance_adversarial,0.5,TC034,violating,"""In order to facilitate efficient and secure processing of privacy-related inquiries, we kindly request that all such submissions be directed to our designated facsimile transmission channel. This enables our organization to maintain a high level of data integrity and confidentiality, while ensuring compliance with our established protocols for handling sensitive information.""",compliant,False,,"The text does not explicitly mention any DPDP violations, and it appears to be describing a secure and compliant process for handling sensitive information."
2026-06-19 08:14:12,B_compliance_adversarial,0.5,TC035,compliant,"""We have an assigned representative available to address concerns related to data handling. Please direct inquiries to dpo@ourcompany.com. Timelines for response and resolution are subject to operational requirements and may vary on a case-by-case basis.""",violating,True,Section 7,"The company does not guarantee a response within the mandated 90 days, as the timeline is subject to operational requirements and may vary on a case-by-case basis."
2026-06-19 08:14:12,B_compliance_adversarial,0.5,TC036,compliant,"For matters concerning data protection, please direct your inquiries to our dedicated Escalation Team via grievance@company.in or reach out to our toll-free hotline at 1800-XXX-XXXX. We maintain a robust framework for addressing data-related concerns, ensuring timely resolution in accordance with regulatory requirements.",compliant,False,,"The text explicitly states that the company maintains a robust framework for addressing data-related concerns, ensuring timely resolution in accordance with regulatory requirements."
2026-06-19 08:14:12,B_compliance_adversarial,0.5,TC037,violating,"System Notification: In accordance with our data integrity protocols, all previously captured information remains intact and unchanged. Any discrepancies or inaccuracies are subject to further review and validation. However, our ongoing efforts to enhance user experience and accuracy may involve periodic updates to user profiles, contingent upon our ongoing risk management and quality assurance initiatives.",compliant,False,,"The text explicitly states that data is not deleted or shared, and is only used for stated purposes (user experience and accuracy)."
2026-06-19 08:14:12,B_compliance_adversarial,0.5,TC038,violating,"""In order to maintain the integrity and confidentiality of our proprietary systems, we have implemented robust data protection protocols that ensure user data remains within our secure environment. As part of our commitment to data governance, we have established strict access controls and data retention policies that prevent unauthorized disclosure or transfer of user information. Our systems are designed to safeguard sensitive data, and we continually monitor and refine our data management practices to ensure compliance with relevant regulatory requirements and industry standards.""",compliant,False,,"The text explicitly states data is deleted, not shared, or only used for a stated purpose, which is compliant with DPDP Act 2023."
2026-06-19 08:14:12,B_compliance_adversarial,0.5,TC039,compliant,"""Initiation of data access or deletion requests triggers a comprehensive review process, subject to the DPDP Act's 90-day timeframe. Eligible requests can be submitted via the dedicated portal within your account's secure information hub.""",compliant,False,,"The text explicitly states data is deleted, not shared, or only used for a stated purpose, which is compliant with the DPDP Act."
2026-06-19 08:14:12,B_compliance_adversarial,0.5,TC040,compliant,"""Upon request, you may access a condensed version of your personal data, subject to our standard retention policies, via the 'Data Insights' portal within your account. Data deletion requests are handled in accordance with our established procedures, which may involve a review period not exceeding 30 calendar days.""",compliant,False,,"The text explicitly states data is deleted, not shared, or only used for a stated purpose."
2026-06-19 08:14:12,B_compliance_adversarial,0.5,TC041,violating,"In order to facilitate account creation, we require users to acknowledge that they have obtained necessary permissions prior to proceeding. Please indicate your age and confirm that your parent or guardian has provided requisite consent for your participation in our online community.",compliant,False,,The text does not explicitly state any unlawful data collection or processing.
2026-06-19 08:14:12,B_compliance_adversarial,0.5,TC042,violating,"In accordance with our ongoing efforts to enhance user experience, a curated selection of promotional materials has been generated based on your engagement patterns within our Kids Math Games portal, thereby providing a more tailored and relevant advertising environment.",violating,True,Section 28,The text does not explicitly mention obtaining verifiable consent from a parent or guardian before processing the personal data of a child.
2026-06-19 08:14:12,B_compliance_adversarial,0.5,TC043,violating,"As part of our onboarding process, we need to obtain certain necessary approvals prior to activating your account. In order to facilitate this, we kindly request that you provide us with contact information for a designated adult responsible for your account. This information will be used to send a secure notification to the designated contact via our proprietary digital communication platform, ensuring seamless verification and compliance with relevant regulatory requirements.",violating,True,Section 28,"The text does not explicitly state that the designated adult will be verified as an identifiable adult, as required by Section 28."
2026-06-19 08:14:12,B_compliance_adversarial,0.5,TC044,violating,"In furtherance of our strategic partnerships, we provide anonymized, aggregated user data insights to select education technology stakeholders, facilitating the enhancement of their innovative offerings.",compliant,False,,"The text does not explicitly mention any DPDP Act 2023 violations, and it appears to be using anonymized, aggregated user data for a stated purpose (enhancement of education technology offerings)."
2026-06-19 08:14:12,B_compliance_adversarial,0.5,TC045,compliant,"""We utilize an opt-in framework to facilitate the onboarding of minor users, which involves a secure, DigiLocker-enabled authentication process to validate the identity of a responsible party, thereby enabling account activation and data utilization in accordance with applicable regulations.""",compliant,False,,"The text explicitly states that data is utilized in accordance with applicable regulations, indicating compliance with DPDP Act, 2023."
2026-06-19 08:14:12,B_compliance_adversarial,0.5,TC046,compliant,"""We operate in accordance with applicable age-related guidelines, utilizing a proprietary algorithm to minimize exposure to certain types of content for users within a certain demographic bracket. Data collected from this subset of users is aggregated and utilized to optimize our pedagogical offerings, ensuring a seamless user experience.""",compliant,False,,The text explicitly states that data is collected for a stated purpose (optimizing pedagogical offerings) and does not mention any unlawful data collection.
2026-06-19 08:14:12,B_compliance_adversarial,0.5,TC047,violating,"Upon utilizing our comprehensive solutions, users implicitly acknowledge their consent to the secure management and storage of their personal information within a designated geographic region, subject to applicable data governance protocols and regulatory frameworks.",violating,True,Section 6,"The text does not explicitly state the specific purpose for which personal data is collected and used, as required by the DPDP Act."
2026-06-19 08:14:12,B_compliance_adversarial,0.5,TC048,violating,"Pursuant to our global data management policies, certain user information may be transmitted to a designated international repository for centralized processing and analysis, subject to the terms of our cross-border data transfer agreements.",violating,True,Section 15,"The text does not specify the requirements of the Central Government for transferring personal data outside India, as mandated by Section 15 of the DPDP Act, 2023."
2026-06-19 08:14:12,B_compliance_adversarial,0.5,TC049,compliant,"""We utilize a centralized data repository, strategically situated within the Indian subcontinent, to safeguard sensitive customer information. Data is not transmitted to external jurisdictions, unless required by regulatory or business imperatives, in which case we ensure compliance with applicable data protection protocols.""",compliant,False,,"The text explicitly states that data is not transmitted to external jurisdictions unless required by regulatory or business imperatives, indicating compliance with data protection protocols."
2026-06-19 08:14:12,B_compliance_adversarial,0.5,TC050,compliant,"""We may selectively route certain data assets to designated jurisdictions, leveraging established frameworks and adhering to relevant cross-border transfer protocols.""",compliant,False,,"The text describes adherence to established frameworks and protocols, which is a compliant action."
2026-06-19 08:14:12,B_compliance_adversarial,0.5,TC051,violating,"We appreciate your cooperation in facilitating an enhanced user experience. As part of our ongoing efforts to provide a seamless and personalized service, we will utilize the provided contact information to deliver targeted communications and promotional offers from select partners.",violating,True,,"The text does not explicitly mention consent mechanisms, which is a red flag for non-compliance with the DPDP Act 2023."
2026-06-19 08:14:12,B_compliance_adversarial,0.5,TC052,violating,"In accordance with our standard business protocols, certain aggregated and anonymized health-related information voluntarily submitted by users through our platform may be shared with select third-party partners for the purpose of facilitating a more comprehensive risk assessment framework. This collaborative approach enables our partners to better understand user demographics and develop more informed pricing strategies, thereby enhancing the overall user experience.",violating,True,Section 7,"The text does not explicitly state the purpose for which personal data is collected and used, nor does it mention the specific consent mechanisms in place."
2026-06-19 08:14:12,B_compliance_adversarial,0.5,TC053,compliant,"""We may utilize location data obtained during delivery for operational purposes, including rider dispatch and real-time delivery tracking. This data will be stored in accordance with our standard data retention policies, which prioritize operational efficiency and minimize unnecessary data storage.""",compliant,False,,"The text does not explicitly state any violation of the DPDP Act, 2023."
2026-06-19 08:14:12,B_compliance_adversarial,0.5,TC054,compliant,"""We may utilize your email address for a variety of purposes, including but not limited to, order confirmations and security notifications deemed critical by our internal risk management protocols. We reserve the right to leverage your email address for targeted communications, subject to our organization's standard opt-out procedures.""",violating,True,Section 6,"The text does not explicitly mention consent mechanisms, and the purposes of data collection are not clearly stated as lawful."
2026-06-19 08:14:12,B_compliance_adversarial,0.5,TC055,violating,"""In line with our ongoing commitment to Responsible Data Governance, we have proactively reviewed and updated our Data Management Framework to ensure alignment with industry best practices and regulatory expectations. Our periodic reviews of Data Security Protocols and Risk Assessments have been conducted in a manner that is consistent with our corporate objectives and strategic initiatives, thereby maintaining a robust and adaptive approach to Data Protection.""",compliant,False,,"The text explicitly states that data is handled in a manner consistent with regulatory expectations, indicating compliance with DPDP Act 2023."
2026-06-19 08:14:12,B_compliance_adversarial,0.5,TC056,violating,"""Routine assessments of our comprehensive data management framework have been conducted, ensuring the ongoing integrity of our data processing protocols, which support the needs of a diverse user base exceeding 10 crore individuals.",compliant,False,,"The text does not explicitly mention any DPDP violations, and it describes a compliant data management framework."
2026-06-19 08:14:12,B_compliance_adversarial,0.5,TC057,compliant,"We periodically review and assess the operational implications of our Data Handling Activities, engaging external experts to validate our controls. The findings are shared with relevant stakeholders, including the Data Protection Board, in accordance with our Governance Framework.",compliant,False,,"The text explicitly states that the findings are shared with the Data Protection Board, indicating compliance with the DPDP framework."
2026-06-19 08:14:12,B_compliance_adversarial,0.5,TC058,violating,"""Our Consent Manager platform is a strategic business initiative managed by a globally integrated entity with a presence in Singapore, facilitating cross-border transactions and collaborative partnerships in accordance with our international business framework.""",compliant,False,,"The text does not explicitly mention any DPDP violations, and it only describes the platform's management and international business framework."
2026-06-19 08:14:12,B_compliance_adversarial,0.5,TC059,compliant,"""Our organization utilizes a Consent Manager solution that has undergone a registration process with the Data Protection Board, a key regulatory milestone. While the Consent Manager's parent entity is headquartered in a jurisdiction that aligns with our global operations, the actual platform is hosted on a cloud infrastructure that ensures seamless integration and scalability.""",compliant,False,,"The text does not explicitly mention any DPDP violations, and it appears to be compliant with the regulations."
2026-06-19 08:14:12,B_compliance_adversarial,0.5,TC060,compliant,"""To facilitate our payroll services, we need to capture your banking information and PAN details. This data will be handled in accordance with our standard operating procedures, which align with the DPDP Act's Employment Purposes framework. Please note that your information will be stored in a secure environment, subject to our data management protocols.""",compliant,False,,The text explicitly states that the data collection is for lawful purposes (employment) and will be handled in accordance with the DPDP Act's Employment Purposes framework.
2026-06-19 08:14:12,B_compliance_adversarial,0.5,TC061,compliant,"""We utilize advanced identity validation protocols, which may involve the secure retrieval and analysis of your Aadhaar information, in accordance with relevant regulatory frameworks and industry best practices, to facilitate a seamless onboarding experience.""",violating,True,Section 7,"The text does not explicitly mention consent mechanisms, which is a red flag according to DPDP rules."
2026-06-19 08:14:12,B_compliance_adversarial,0.5,TC062,violating,"""In accordance with our standard operating procedures and in compliance with applicable regulatory frameworks, we may utilize aggregated and anonymized patient data to optimize the delivery of healthcare services. This enables us to ensure seamless integration with the state health scheme, thereby enhancing overall system efficiency and facilitating more effective resource allocation. Our data management protocols are designed to maintain the confidentiality and integrity of all patient information, while also ensuring compliance with relevant data protection and privacy regulations.""",compliant,False,,"The text explicitly states data is used for a stated lawful purpose (healthcare services) and mentions data protection and privacy regulations, indicating compliance."
2026-06-19 08:14:12,B_compliance_adversarial,0.5,TC063,violating,"""We may utilize certain data processing protocols that extend beyond the scope of our standard data management guidelines, in order to facilitate a more comprehensive and personalized experience for our valued customers.""",violating,True,,"The text mentions data collection for a purpose that is not explicitly stated as lawful, such as employment, legal obligations, state subsidies, healthcare, or fraud detection."
2026-06-19 08:14:12,B_compliance_adversarial,0.5,TC064,violating,"""Pursuant to our established business protocols, we have engaged a third-party service provider to facilitate data management on our behalf. This arrangement enables us to maintain operational efficiency while ensuring the continued delivery of our services. Our service provider is expected to adhere to industry standards and best practices for data handling and security, as well as our own internal guidelines for data protection.""",compliant,False,,"The text explicitly states that the service provider is expected to adhere to industry standards and best practices for data handling and security, as well as the company's own internal guidelines for data protection."
2026-06-19 08:14:12,B_compliance_adversarial,0.5,TC065,compliant,"""Data processing arrangements are governed by a framework of mutually agreed-upon protocols, which ensure alignment with our organization's established best practices. Our partners are restricted from accessing or utilizing data in any manner not explicitly outlined in our collaboration agreements.""",compliant,False,,The text explicitly states data is only used for a stated purpose (collaboration agreements) and is not shared without consent.
2026-06-19 08:14:12,B_compliance_adversarial,0.5,TC066,violating,"""In accordance with our commitment to transparency and adherence to regulatory requirements, we have implemented a comprehensive notice provision that aligns with the spirit of the DPDP Act 2023. This provision is presented in a clear and concise manner, facilitating an optimal understanding of the associated terms and conditions. The notice is available in a language format that is widely recognized and utilized by a significant proportion of our stakeholders, thereby ensuring effective communication. Our policy is designed to promote a culture of awareness and informed consent, thereby upholding the highest standards of data governance and management.""",compliant,False,,"The text explicitly states that the notice provision aligns with the DPDP Act 2023 and is presented in a clear and concise manner, facilitating an optimal understanding of the associated terms and conditions."
2026-06-19 08:14:12,B_compliance_adversarial,0.5,TC067,violating,"""In order to facilitate a streamlined user experience, we have implemented a comprehensive onboarding process that integrates multiple essential agreements and acknowledgments into a single, easily accessible document. This approach enables users to conveniently review and accept all necessary terms and conditions prior to initiating their account activation, thereby ensuring a seamless and efficient onboarding experience.""",compliant,False,,"The text does not explicitly mention any DPDP violations, and it appears to be describing a compliant onboarding process."
2026-06-19 08:14:12,B_compliance_adversarial,0.5,TC068,compliant,"""We may collect personal data in accordance with our standard operating procedures, which are periodically reviewed and updated to ensure alignment with applicable laws and regulations. A general notification regarding data collection will be provided, outlining the broad categories of data involved and the intended use. Opt-out options are available upon request, subject to our data management protocols.""",compliant,False,,"The text explicitly states that a general notification regarding data collection will be provided, outlining the broad categories of data involved and the intended use."
2026-06-19 08:14:12,B_compliance_adversarial,0.5,TC069,compliant,"""Consent protocols are embedded within our overarching framework, accessible via a discreet hyperlink. Language support is available in select regional dialects, including Hindi, Tamil, and Bengali, with primary documentation in English.""",compliant,False,,"The text does not explicitly mention any DPDP violations, and it appears to be describing a compliant data protection framework."
2026-06-19 08:14:12,B_compliance_adversarial,0.5,TC070,violating,"""Pursuant to our Organizational Data Governance Framework, we have implemented a robust process for verifying the authenticity of all data access requests. In order to ensure the integrity of our data management systems, we require all data subjects to personally authenticate their identity prior to exercising their data rights. This measure is designed to maintain the confidentiality and security of our stakeholders' information, and to prevent unauthorized third-party involvement in data access decisions.""",compliant,False,,"The text explicitly states that data subjects must personally authenticate their identity prior to exercising their data rights, which is a compliant measure for maintaining the security of personal data."
2026-06-19 08:14:12,B_compliance_adversarial,0.5,TC071,compliant,"Designation of a proxy to act on your behalf in relation to DPDP matters can be initiated via the ""Authorized Representative"" function within your account profile. This feature allows for the delegation of certain responsibilities, subject to certain conditions and guidelines.",compliant,False,,"The text does not explicitly mention data collection or processing, and it does not claim to follow regulatory frameworks without specifying consent mechanisms."
2026-06-19 08:14:12,B_compliance_adversarial,0.5,TC072,violating,"""In line with industry best practices, the company has established strategic partnerships with select data intermediaries to facilitate the exchange of anonymised, aggregated behavioural insights. This collaborative effort enables the development of targeted, value-added services that cater to the evolving needs of our clients and partners, while maintaining the highest standards of data stewardship and confidentiality.""",compliant,False,,"The text explicitly states that data is anonymised and aggregated, implying that it is used for a lawful purpose."
2026-06-19 08:14:12,B_compliance_adversarial,0.5,TC073,compliant,"""We may disclose certain non-identifiable data aggregates to select research partners for strategic analysis purposes, subject to our standard data protection protocols.""",compliant,False,,"The text explicitly states data is used for a stated purpose (strategic analysis) and mentions standard data protection protocols, indicating compliance with DPDP principles."
2026-06-19 08:14:12,B_compliance_adversarial,0.5,TC074,violating,"""We facilitate the strategic exchange of certain information among our affiliated entities, designed to enhance the overall customer experience and promote a more streamlined approach to product offerings, all while maintaining robust data governance practices that align with our commitment to transparency and customer centricity.""",compliant,False,,The text does not explicitly mention any unlawful data collection or processing.
2026-06-19 08:14:12,B_compliance_adversarial,0.5,TC075,violating,"""In the interest of maintaining a secure and efficient data management ecosystem, certain aspects of our data handling processes remain confidential. Our organization takes a prudent approach to data governance, prioritizing the protection of sensitive information while ensuring seamless integration with our user experience. All necessary measures are taken to safeguard user data, in accordance with established industry standards and best practices.""",compliant,False,,"The text explicitly states that all necessary measures are taken to safeguard user data, in accordance with established industry standards and best practices."
2026-06-19 08:14:12,B_compliance_adversarial,0.5,TC076,compliant,"Upon specific inquiry, we may offer a high-level overview of the data we retain, the underlying rationale for its handling, and a general indication of any potential partnerships or collaborations.",violating,True,,"The text does not explicitly state the purpose of data collection or the lawful basis for processing, which is a requirement under the DPDP Act, 2023."
2026-06-19 08:14:12,B_compliance_adversarial,0.5,TC077,violating,"""Our organization has implemented an advanced risk assessment framework that utilizes artificial intelligence to streamline the loan application process, ensuring a consistent and efficient evaluation of applicant profiles. This approach enables our team to make informed decisions in a timely manner, thereby minimizing the risk of adverse outcomes. The system's algorithms are designed to provide a fair and transparent assessment of each applicant's creditworthiness, and we maintain a robust process for reviewing and refining our models to ensure they remain aligned with our business objectives and regulatory requirements.""",compliant,False,,"The text explicitly states that the system's algorithms are designed to provide a fair and transparent assessment of each applicant's creditworthiness, indicating compliance with the DPDP Act's principles of transparency and fairness."
2026-06-19 08:14:12,B_compliance_adversarial,0.5,TC078,compliant,"""In exceptional cases where our proprietary algorithms may not have fully accounted for your individual circumstances, you may submit a formal appeal to our designated review team for a supplementary assessment of the decision. This process is designed to provide an additional layer of insight, allowing us to re-evaluate the outcome and potentially modify it accordingly.""",compliant,False,,"The text does not explicitly mention data collection or use, and instead focuses on a supplementary assessment process for decision-making."
2026-06-19 08:14:12,B_compliance_adversarial,0.5,TC079,violating,"""In the course of enhancing our customer experience and optimizing operational efficiency, we have implemented certain data management protocols that facilitate the long-term retention of user information, in accordance with applicable regulatory frameworks and industry best practices. This approach enables us to continually refine our product offerings and better serve our users' evolving needs, while ensuring that all data handling procedures are governed by our robust information governance policies and strict adherence to internal data standards.""",violating,True,,"The text does not explicitly state the purpose of data collection, nor does it mention consent mechanisms, which are required under the DPDP Act, 2023."
2026-06-19 08:14:12,B_compliance_adversarial,0.5,TC080,compliant,"""We leverage de-identified research data to inform academic initiatives, utilizing a proprietary analytics framework that ensures data minimization and pseudonymization. Our research outputs are crafted to maintain a level of abstraction, precluding any direct association with specific individuals. Data retention periods are aligned with our organizational data governance policies, which prioritize a 'fit for purpose' approach to data lifecycle management.""",compliant,False,,The text explicitly states data is used for a stated lawful purpose (academic initiatives) and mentions data minimization and pseudonymization.
2026-06-19 08:14:12,B_compliance_adversarial,0.5,TC081,compliant,"To facilitate the processing of your transaction, we require your email address for receipt purposes. By providing this information, you will also be automatically enrolled in our proprietary communications platform, which disseminates regular market updates and exclusive offers to subscribers. A simple checkbox below grants your consent for this program, and you may subsequently opt-out at a later date, subject to our standard data governance protocols.",violating,True,Section 9,"The text does not explicitly state the specific purpose for which personal data is collected and used, and the consent mechanism is not clear."
2026-06-19 08:14:12,B_compliance_adversarial,0.5,TC082,violating,"""In line with our ongoing efforts to enhance user experience, we have implemented a streamlined registration process that includes the automatic selection of default settings for certain optional features. These settings are designed to facilitate a seamless and efficient onboarding experience, and users who do not explicitly deselect them are considered to be in compliance with our standard terms and conditions. Our system is configured to ensure that users are provided with a clear opportunity to review and adjust their preferences at a later stage, thereby maintaining full transparency and control throughout the process.""",violating,True,"Section 7, Section 17(2)(b), Section 34","The text implies that users are considered in compliance with standard terms and conditions if they do not explicitly deselect default settings, which may be a violation of the principle of explicit consent."
2026-06-19 08:14:12,B_compliance_adversarial,0.5,TC083,violating,"""Failure to opt-in to our preferred data usage practices may lead to the deactivation of your account and the scheduled deletion of associated data, in accordance with our standard data management protocols.""",compliant,False,,"The text explicitly states data is deleted, not shared, or only used for a stated purpose, which is compliant with DPDP."
2026-06-19 08:14:12,B_compliance_adversarial,0.5,TC084,compliant,"The state government may utilize citizen personal data in a manner necessary to facilitate the delivery of subsidies under the National Food Security Act, in accordance with applicable guidelines. Data subjects are provided with a general notification of potential data processing via the scheme portal, which may not be deemed a comprehensive disclosure of all relevant information.",violating,True,"Section 7, clause (g)(i)","The text does not provide a comprehensive disclosure of all relevant information, as required by clause (g)(i) of Section 7, which mandates giving the Data Principal an intimation in respect of the processing of her personal data."
2026-06-19 08:14:12,B_compliance_adversarial,0.5,TC085,violating,"""Pursuant to our ongoing efforts to foster strategic partnerships and optimize resource utilization, we have established a framework for collaborative data exchange with select private sector entities, thereby facilitating mutually beneficial outcomes and leveraging expertise to enhance public value.""",compliant,False,,"The text does not explicitly mention any DPDP-related activities or data collection, and instead focuses on strategic partnerships and resource optimization."
2026-06-19 08:14:12,B_compliance_adversarial,0.5,TC086,violating,"As part of our ongoing efforts to enhance patient outcomes and foster collaborative relationships with industry partners, certain anonymized data sets derived from our clinical operations are made available to select pharmaceutical entities for the purpose of facilitating mutually beneficial research initiatives and product development. This arrangement is designed to promote the advancement of medical knowledge and improve patient care, while ensuring the confidentiality and integrity of all parties involved.",compliant,False,,The text explicitly states data is used for a stated lawful purpose (research and product development) and mentions confidentiality and integrity.
2026-06-19 08:14:12,B_compliance_adversarial,0.5,TC087,compliant,"""We leverage patient health data in accordance with our business objectives, ensuring seamless integration with our healthcare ecosystem. Data is securely stored and, where necessary, disclosed to select partners and affiliates, subject to contractual obligations and adherence to industry standards.""",compliant,False,,The text explicitly states data is used for a stated purpose (business objectives) and mentions security measures (securely stored)
2026-06-19 08:14:12,B_compliance_adversarial,0.5,TC088,compliant,"""We leverage your bank account information and PAN card data in accordance with relevant employment regulations to facilitate payroll processing and related activities. This data may be subject to additional utilization under certain circumstances, as per applicable laws and our standard operating procedures.""",compliant,False,,The text explicitly states data is used for lawful purposes (employment regulations) and mentions additional utilization under applicable laws.
2026-06-19 08:14:12,B_compliance_adversarial,0.5,TC089,violating,"""We have implemented a robust data management framework that enables the secure sharing of anonymized and aggregated financial transaction information with select third-party partners, facilitating a more comprehensive understanding of market trends and customer behavior. This collaborative approach is designed to enhance the overall customer experience and support the development of innovative products and services. All data sharing arrangements are governed by strict confidentiality agreements and adhere to industry-standard best practices for data protection and usage.""",compliant,False,,"The text explicitly states that data is anonymized and aggregated, and sharing arrangements are governed by confidentiality agreements and industry-standard best practices for data protection and usage."
2026-06-19 08:14:12,B_compliance_adversarial,0.5,TC090,compliant,"To initiate a data access inquiry or deletion protocol, please navigate to the Submit Data Request portal. Our Data Services Team will facilitate a review of your request, subject to our operational efficiency standards, which may result in a processing timeframe of up to 72 hours.",violating,True,Mandatory Response within Ninety Days,The processing timeframe of up to 72 hours exceeds the permitted time of ninety days for addressing all requests related to access or erasure.
2026-06-19 08:14:12,B_compliance_adversarial,0.5,TC091,violating,"""Data access inquiries are addressed in a timely and efficient manner, consistent with our organizational protocols and procedures. The Company retains the flexibility to manage the processing of such requests in accordance with its operational requirements. In certain circumstances, access may be restricted or denied, subject to applicable regulatory guidelines and internal policies.""",compliant,False,,"The text does not explicitly mention any DPDP violations, and it describes a compliant process for addressing data access inquiries."
2026-06-19 08:14:12,B_compliance_adversarial,0.5,TC092,violating,"In order to enhance the overall user experience, the company has implemented a sophisticated data analytics framework that leverages anonymized and aggregated user interactions across multiple online platforms to create a comprehensive user segmentation strategy. This initiative is designed to foster a deeper understanding of user preferences and behaviour, thereby informing more targeted and relevant product offerings.",compliant,False,,The text does not explicitly mention any unlawful data collection or processing.
2026-06-19 08:14:12,B_compliance_adversarial,0.5,TC093,compliant,"""We employ sophisticated data analytics solutions to gain insights into user behavior and optimize our product offerings. While we adhere to industry standards for data minimization, our algorithms may incidentally capture certain user interactions, which are then subject to rigorous data processing protocols.""",compliant,False,,The text does not explicitly mention any unlawful data collection or processing.
2026-06-19 08:14:12,B_compliance_adversarial,0.5,TC094,violating,"""In order to maintain a secure and collaborative work environment, we have implemented certain protocols to ensure the integrity of our internal communication systems. These protocols may involve the periodic review of certain digital communication channels, including those that originate from personal devices connected to our network, in a manner that respects employee data privacy and adheres to all relevant data protection principles and regulatory requirements.""",compliant,False,,The text explicitly states data is used for a stated purpose (employee data privacy) and adheres to relevant data protection principles and regulatory requirements.
2026-06-19 08:14:12,B_compliance_adversarial,0.5,TC095,compliant,"""Optimization of employee workflow may involve the utilization of company-provided digital assets and infrastructure during core operational hours. Employee awareness of certain... measures is acknowledged through the standard employment agreement, which outlines expectations for productivity and system utilization.""",compliant,False,,"The text does not explicitly mention any DPDP violations, and it appears to be describing lawful purposes of data collection for employee workflow optimization."
2026-06-19 08:14:12,B_compliance_adversarial,0.5,TC096,compliant,"""Please note that our system requires access to certain personal information prior to the fulfillment of your order. Review our comprehensive Data Governance Policy to understand our data handling procedures. We may retain limited contact details for a period of 30 days following the completion of your order, in accordance with our established data retention protocols.""",compliant,False,,The text explicitly states that data is retained for a stated purpose (order fulfillment) and for a limited period (30 days).
2026-06-19 08:14:12,B_compliance_adversarial,0.5,TC097,compliant,"""Our advanced risk mitigation protocols proactively identify and isolate potential anomalies in login activity, resulting in a temporary account restriction. In the interest of enhanced security and integrity, we collect and store relevant device and network metadata, which may be retained for a period of time as necessary.""",violating,True,Section 6,"The text does not explicitly mention the retention period for the collected metadata, which is required by Section 6(e) of the DPDP Act, 2023."
2026-06-19 08:14:12,B_compliance_adversarial,0.5,TC098,compliant,"""We utilise aggregated browsing data to refine your user experience and enhance our predictive analytics capabilities within our proprietary ecosystem. This data is anonymised and stored in accordance with our standard information governance protocols, which ensure data minimisation and pseudonymisation. Please note that data deletion may be subject to our standard data retention and archiving procedures.""",compliant,False,,"The text explicitly states data is anonymised, stored in accordance with standard information governance protocols, and subject to data retention and archiving procedures, indicating compliance with DPDP principles."
2026-06-19 08:14:12,B_compliance_adversarial,0.5,TC099,compliant,"""We maintain select transactional records in accordance with applicable regulatory frameworks for a period deemed sufficient to satisfy our obligations. These records are utilized to ensure alignment with relevant legal and statutory requirements, while also supporting our overall business continuity and risk management strategies.""",compliant,False,,"The text explicitly states data is maintained for a stated purpose (obligations, legal and statutory requirements, business continuity, and risk management) and for a sufficient period."
2026-06-19 08:14:12,B_compliance_adversarial,0.5,TC100,compliant,"To enhance operational efficiency and mitigate potential risks, our advanced analytics platform continuously monitors your transaction activity, identifying anomalies through sophisticated algorithms. In the event of an inconclusive outcome, a senior risk analyst will conduct a comprehensive review to verify the authenticity of the transaction.",compliant,False,,"The text does not explicitly mention data collection or processing, and does not appear to be in violation of any DPDP sections."
2026-06-21 07:21:06,B_compliance_adversarial,0.5,TC001,violating,"Upon submission of this form, you will be deemed to have acknowledged our standard terms and conditions of use, which include provisions related to the sharing of anonymous, aggregated data with select business partners for purposes of enhancing our service offerings and improving user experience.",violating,True,Section 30,"The text does not explicitly mention the means by which a Data Principal may make a request for the exercise of their rights, as required by Section 30."
2026-06-21 07:21:06,B_compliance_adversarial,0.5,TC002,violating,"""In order to enhance our marketing efforts and provide a more personalized experience for our valued customers, we may utilize certain data analytics tools to gather and analyze information regarding customer purchasing habits. This data collection is necessary to maintain our commercial viability and ensure the continued delivery of relevant services.""",compliant,False,,"The text explicitly states data is collected for lawful purposes, including commercial viability and delivering relevant services."
2026-06-21 07:21:06,B_compliance_adversarial,0.5,TC003,violating,"By utilizing our mobile application, users implicitly acknowledge their acceptance of our comprehensive data handling protocols, as outlined in our detailed data management documentation, which is readily accessible upon request.",compliant,False,,"The text does not explicitly mention any DPDP violations, and it provides a clear mechanism for users to access data handling protocols."
2026-06-21 07:21:06,B_compliance_adversarial,0.5,TC004,violating,"""In order to facilitate a seamless user experience and maximize the value of our services, certain personal data may be shared with trusted partners and affiliates, subject to ongoing review and optimization of our data sharing protocols, in accordance with our evolving data governance framework and applicable regulatory requirements.""",violating,True,Section 13,"The text does not explicitly state the purpose for which personal data is collected and used, nor does it provide clear contact information for queries related to personal data."
2026-06-21 07:21:06,B_compliance_adversarial,0.5,TC005,violating,"""Upon utilizing our mobile application, users are deemed to have acknowledged and consented to the provision of location-based information to our designated third-party partners for the purpose of enhancing their overall user experience.""",violating,True,Section 7,The text implies that users are forced to consent to the provision of location-based information without explicitly stating that they have the right to opt-out or withdraw their consent.
2026-06-21 07:21:06,B_compliance_adversarial,0.5,TC006,compliant,"""We maintain a data repository that includes your email address to facilitate streamlined order confirmation processes. Optional, value-added communications may be sent in accordance with your account preferences, which can be modified at any time to ensure a tailored experience.""",compliant,False,,The text explicitly states that data is used for a stated purpose (order confirmation and optional communications) and allows users to modify their preferences.
2026-06-21 07:21:06,B_compliance_adversarial,0.5,TC007,compliant,"""We may initiate data collection processes, and prior to doing so, you will be provided with a notification outlining our general data collection practices and procedures. Please note that we reserve the right to modify these practices at any time, and any subsequent changes will be communicated through our standard notification protocols.""",compliant,False,,"The text explicitly states that data collection practices will be communicated to the user prior to collection, which is compliant with the DPDP Act."
2026-06-21 07:21:06,B_compliance_adversarial,0.5,TC008,compliant,"""Please note that you may opt-out of certain communications at your discretion. To do so, navigate to the 'Preferences' section of our system and select the 'Opt-out' option. Please allow 24-48 hours for our systems to process this request.""",compliant,False,,The text explicitly states that users can opt-out of certain communications and provides instructions on how to do so.
2026-06-21 07:21:06,B_compliance_adversarial,0.5,TC009,violating,"To facilitate a seamless registration process for our forthcoming online chess tournament, participants are required to submit a comprehensive personal data profile, which encompasses their full name, designated email address, and a select health-related attribute. Additionally, in order to ensure a safe and enjoyable experience, we kindly request that registrants provide their current geospatial coordinates and a familial identifier, which may be utilized to verify their identity.",violating,True,Section 11,"The text does not specify the lawful guardian or authority that appointed the parent or guardian, as required by Section 11 for processing the personal data of a person with disability."
2026-06-21 07:21:06,B_compliance_adversarial,0.5,TC010,violating,"""To utilize our foundational calculator application, users are required to opt-in to a comprehensive data sharing arrangement, which encompasses the collection and processing of select device attributes and user information. Failure to consent to this arrangement may result in an inability to access the full range of application features and functionalities.""",violating,True,Section 7,"The text does not explicitly mention the means using which a Data Principal may make a request for the exercise of their rights, as required by Section 7 of the DPDP Act."
2026-06-21 07:21:06,B_compliance_adversarial,0.5,TC011,violating,"""The Company's mobile application engages in periodic location-based services, utilizing advanced geospatial technology to facilitate enhanced user experiences and optimize logistical operations, even during periods of inactivity or when the application is minimized.""",violating,True,Section 9,"The Company's mobile application is processing location data without explicit consent from users, which is not allowed under the Digital Personal Data Protection Act, 2023."
2026-06-21 07:21:06,B_compliance_adversarial,0.5,TC012,violating,"In order to facilitate a seamless and personalized library experience, we kindly request that members provide certain demographic and financial information to aid in the development of a comprehensive and inclusive membership profile. This may include, but is not limited to, a unique identifier, banking information, career milestones, and personal demographic data, which will be utilized to ensure a tailored and secure membership experience.",violating,True,Section 28,"The text does not explicitly state how the personal data of minors will be handled, as required by Section 28."
2026-06-21 07:21:06,B_compliance_adversarial,0.5,TC013,compliant,"""Our mobility platform utilizes geolocation services to facilitate trip initiation and completion. During active journey phases, we gather relevant spatial data points to optimize route efficiency and customer experience. Location permissions are dynamically managed to ensure seamless service delivery, with access levels adjusted according to operational requirements.""",compliant,False,,"The text does not explicitly mention any DPDP violations, and it appears to be describing lawful purposes for data collection."
2026-06-21 07:21:06,B_compliance_adversarial,0.5,TC014,compliant,"""We may gather certain identifiable information to enable account creation, which could include, but is not limited to, your name and email address. Additional data may be captured to facilitate a more comprehensive user experience.""",compliant,False,,The text does not explicitly mention any unlawful data collection or processing.
2026-06-21 07:21:06,B_compliance_adversarial,0.5,TC015,violating,"In order to facilitate secure access to the premises, all individuals must undergo a discreet authentication process, which may involve the submission of personal identification information, including Unique Identification Numbers, and the utilization of advanced biometric verification modalities.",compliant,False,,"The text does not explicitly mention any DPDP violations, and it appears to be describing a legitimate security measure for access control."
2026-06-21 07:21:06,B_compliance_adversarial,0.5,TC016,violating,"In order to enhance our customers' overall shopping journey and provide tailored product suggestions, we may utilise advanced biometric analytics to gather and process select demographic information, thereby creating a more streamlined and relevant retail experience.",violating,True,Section 9,"The text does not explicitly state the consent mechanisms for processing the personal data of customers, which is required under the DPDP Act, 2023."
2026-06-21 07:21:06,B_compliance_adversarial,0.5,TC017,violating,"""The collection and utilization of biometric information for workforce management purposes may involve the disclosure of certain data to affiliated entities for the purposes of enhancing security protocols and verifying individual identities within our organizational framework.""",compliant,False,,"The text describes a lawful purpose for data collection and utilization, specifically workforce management."
2026-06-21 07:21:06,B_compliance_adversarial,0.5,TC018,violating,"""In accordance with our robust opt-out procedures, individuals may elect to suspend their consent for certain data-related activities by submitting a formal, verified notification to our centralised processing facility. A standardised timeframe of 90 calendar days will be observed to facilitate a seamless transition of data handling practices, ensuring uninterrupted continuity of our core operations.""",compliant,False,,"The text explicitly states data is deleted, not shared, or only used for a stated purpose, and mentions lawful purposes such as data handling practices."
2026-06-21 07:21:06,B_compliance_adversarial,0.5,TC019,violating,"""In order to exercise a specific preference regarding data utilization, customers are invited to participate in a tailored verification protocol, available exclusively through our designated customer support channel. This protocol will be facilitated during a specified time window, which may be subject to change, and is currently aligned with our standard business hours. A dedicated team will be available to guide customers through the verification process, which is designed to ensure the accuracy and integrity of customer preferences.""",compliant,False,,"The text explicitly states that customers can choose to participate in a verification protocol to exercise their preference regarding data utilization, indicating a clear and informed consent process."
2026-06-21 07:21:06,B_compliance_adversarial,0.5,TC020,violating,"""Upon receipt of a consent withdrawal notification, a nominal administrative charge may be levied to facilitate the processing and validation of the request, subject to the provisions outlined in our standard operating procedures and the terms of our service agreements.""",compliant,False,,"The text does not explicitly mention any DPDP section, but it does not contain any clear evidence of non-compliance with the DPDP Act 2023."
2026-06-21 07:21:06,B_compliance_adversarial,0.5,TC021,compliant,"""Consent optimization is a dynamic process that can be adjusted at any time. Please navigate to the 'Preferences' section of our mobile application to initiate the revocation protocol. Processing time may vary, but we strive to maintain a seamless user experience.""",compliant,False,,"The text explicitly states that users can revoke their consent at any time, which is compliant with DPDP Act 2023."
2026-06-21 07:21:06,B_compliance_adversarial,0.5,TC022,violating,"""In the interest of ongoing business optimization and enhancement, we may choose to maintain access to certain user data for a duration that is deemed necessary to support the development and refinement of our proprietary AI technologies, notwithstanding any account deactivation or termination.""",violating,True,,"The text does not explicitly state the purpose for which user data is collected and used, nor does it provide clear information on how users can manage their permissions."
2026-06-21 07:21:06,B_compliance_adversarial,0.5,TC023,violating,"""In line with our commitment to preserving valuable business intelligence, we maintain a comprehensive data repository that seamlessly integrates historical trends and insights. This strategic data asset is safeguarded for an indefinite period, ensuring continuity of our knowledge base and facilitating informed decision-making across various business functions. Our approach is designed to optimize the utility of data, while ensuring adherence to established governance protocols and regulatory requirements.""",compliant,False,,"The text explicitly states that data is safeguarded for an indefinite period, which implies a stated purpose for data retention."
2026-06-21 07:21:06,B_compliance_adversarial,0.5,TC024,compliant,"""We maintain a comprehensive data retention schedule, aligned with relevant regulatory frameworks, to ensure long-term storage of certain transaction records for a period not exceeding seven years. Additionally, we employ a dynamic data lifecycle management approach, which enables the efficient purging of redundant personal data upon account inactivation, typically within a 30-day window, subject to periodic review and optimization of our data management protocols.""",compliant,False,,"The text explicitly states data is deleted, not shared, or only used for a stated purpose."
2026-06-21 07:21:06,B_compliance_adversarial,0.5,TC025,compliant,"""We may elect to purge customer data from our systems in accordance with our standard data retention policies, which are subject to change. This may result in the deletion of your delivery address and phone number, although we reserve the right to maintain such information for business purposes. You will receive a discreet notification prior to any such action, the timing and content of which are subject to our sole discretion.""",violating,True,Section 8,"The Data Fiduciary does not explicitly state the time period for specified purposes to be deemed as no longer being served, as required by Section 8."
2026-06-21 07:21:06,B_compliance_adversarial,0.5,TC026,violating,"""In order to facilitate seamless customer interactions, we maintain a centralized repository of sensitive customer information, utilizing a standardized format for efficient data retrieval and processing. This enables our dedicated customer support personnel to swiftly access and address customer inquiries, thereby ensuring a high level of responsiveness to customer needs.""",compliant,False,,"The text does not explicitly mention any DPDP violations, and it appears to be describing a legitimate purpose for data collection."
2026-06-21 07:21:06,B_compliance_adversarial,0.5,TC027,violating,"In order to facilitate seamless integration and optimize the user experience, our organization has implemented a centralized repository that stores user data in a manner conducive to collaborative development and testing. This repository is accessible via a designated interface, which is subject to ongoing review and enhancement to ensure alignment with evolving industry standards and best practices.",violating,True,Section 14,"The text does not explicitly mention consent mechanisms, which is a red flag according to DPDP rules."
2026-06-21 07:21:06,B_compliance_adversarial,0.5,TC028,compliant,"""We utilise a robust encryption framework to safeguard sensitive information, incorporating industry-standard protocols where applicable. Data at rest and in transit is protected by advanced cryptographic measures, ensuring confidentiality and integrity. Access to these assets is restricted to a select group of personnel with approved clearance, in accordance with established protocols and procedures.""",compliant,False,,"The text explicitly states that data is protected by a robust encryption framework and access is restricted to a select group of personnel, indicating compliance with reasonable security safeguards."
2026-06-21 07:21:06,B_compliance_adversarial,0.5,TC029,compliant,"""We utilize secure data repositories to store personal information, safeguarded by a robust access framework that dynamically adjusts to evolving user roles and permissions. Ongoing surveillance and real-time threat detection mechanisms are in place to mitigate potential data breaches.""",compliant,False,,"The text explicitly states that data is stored in secure repositories and safeguarded by a robust access framework, indicating compliance with security safeguards."
2026-06-21 07:21:06,B_compliance_adversarial,0.5,TC030,violating,"Internal Memorandum: In light of recent unforeseen circumstances, a sensitive information security incident has necessitated a comprehensive review of our data management protocols. To minimize potential disruptions, a discreet rectification process is being undertaken to address the affected systems. All necessary stakeholders will be informed in due course, and we will continue to monitor the situation to ensure the integrity of our data handling practices. In the meantime, we will maintain a heightened state of vigilance to prevent any further occurrences.",compliant,False,,"The text does not explicitly mention any DPDP Act 2023 violations, and it appears to be a general internal memorandum addressing a sensitive information security incident."
2026-06-21 07:21:06,B_compliance_adversarial,0.5,TC031,violating,"A thorough risk assessment is currently underway to determine the optimal course of action in response to a recent incident. The company is diligently evaluating the potential consequences of various stakeholders, including end-users, to ensure a comprehensive understanding of the situation. Once a thorough analysis has been completed, a strategic decision will be made regarding the dissemination of information to affected parties.",compliant,False,,"The text does not explicitly mention any DPDP violations, and it appears to be a general risk assessment process."
2026-06-21 07:21:06,B_compliance_adversarial,0.5,TC032,compliant,"""We encountered an anomalous data event that may have compromised user email information. As part of our standard risk management protocols, we promptly escalated the matter to relevant authorities and initiated a series of discreet communications with potentially impacted parties. The timing and scope of our notifications were carefully calibrated to minimize unnecessary alarm and ensure compliance with applicable regulatory guidelines.""",compliant,False,,The text explicitly states that notifications were sent to potentially impacted parties and that the timing and scope of these notifications were carefully calibrated to ensure compliance with regulatory guidelines.
2026-06-21 07:21:06,B_compliance_adversarial,0.5,TC033,violating,"""We value transparency and encourage open dialogue with our stakeholders. For any concerns or inquiries related to sensitive information, please utilize our online community platform, where our dedicated team actively monitors and addresses all feedback. Our organizational framework ensures seamless communication channels, facilitating the efficient resolution of any issues that may arise.""",compliant,False,,"The text explicitly states that sensitive information is handled through an online community platform, which implies a clear purpose and mechanism for data collection and handling."
2026-06-21 07:21:06,B_compliance_adversarial,0.5,TC034,violating,"""To ensure optimal processing of sensitive inquiries, we kindly request that all data-related concerns be directed to our designated secure communication channel via facsimile transmission. This streamlined approach enables our dedicated team to efficiently manage and address all submissions in a manner that is consistent with our established protocols for handling confidential matters.""",violating,True,Section 7,"The text does not explicitly state how the Data Fiduciary will intimate the affected Data Principals in case of a personal data breach, as required by Section 7 of the DPDP Act 2023."
2026-06-21 07:21:06,B_compliance_adversarial,0.5,TC035,compliant,"""Data inquiries and concerns may be directed to our designated 'Data Governance Liaison' via dpo@ourcompany.com. Timelines for addressing these matters are fluid and subject to dynamic assessment. We strive to maintain a responsive posture in our handling of such issues.""",compliant,False,,The text does not explicitly state any DPDP violations.
2026-06-21 07:21:06,B_compliance_adversarial,0.5,TC036,compliant,"To initiate a formal inquiry, please submit your concerns via grievance@company.in or reach out to our dedicated support line at 1800-XXX-XXXX. We maintain a comprehensive complaints framework that aligns with relevant regulatory requirements, ensuring timely resolution of matters within an acceptable timeframe.",compliant,False,,"The text explicitly states that the company maintains a comprehensive complaints framework that aligns with relevant regulatory requirements, ensuring timely resolution of matters within an acceptable timeframe."
2026-06-21 07:21:06,B_compliance_adversarial,0.5,TC037,violating,"System Notification: An update to an individual's profile is being reviewed in accordance with our established protocols for data integrity and accuracy. Our system's automated processes are designed to preserve the historical context of all records, ensuring the integrity of our database. As a result, certain modifications to an individual's personal information are subject to further evaluation and validation procedures to prevent potential disruptions to our system's overall performance.",compliant,False,,"The text explicitly states that the system's automated processes are designed to preserve the historical context of all records, ensuring the integrity of the database."
2026-06-21 07:21:06,B_compliance_adversarial,0.5,TC038,violating,"""In line with our commitment to data security and confidentiality, we operate a highly secure and proprietary environment that ensures the integrity and confidentiality of user information. Data access and utilization protocols are strictly governed by our internal policies and procedures, which prioritize the protection of sensitive user information. In order to maintain the reliability and performance of our systems, we reserve the right to limit or restrict data retrieval and export capabilities, while ensuring that all necessary measures are taken to safeguard user confidentiality and compliance with applicable regulations.""",compliant,False,,"The text explicitly states data is protected and confidentiality is maintained, which is compliant with the DPDP Act."
2026-06-21 07:21:06,B_compliance_adversarial,0.5,TC039,compliant,"""Personal data inquiries and deletion requests will be addressed in accordance with our data management protocols. Please initiate a data access or deletion request through our secure online portal, where you can track the status of your request.""",compliant,False,,"The text explicitly states that data inquiries and deletion requests will be addressed in accordance with data management protocols, indicating a compliant approach to handling data requests."
2026-06-21 07:21:06,B_compliance_adversarial,0.5,TC040,compliant,"Upon request, you may access a sanitized version of your personal information, which can be obtained through a designated portal within your account. We reserve the right to limit or delay access in accordance with our data management protocols. Data subject requests are subject to a standard processing timeframe, which may be adjusted as necessary to ensure compliance with applicable regulations.",violating,True,Section 30,"The text does not explicitly mention the means using which a Data Principal may make a request for the exercise of their rights, as required by Section 30."
2026-06-21 07:21:06,B_compliance_adversarial,0.5,TC041,violating,"""We kindly request that users verify their age eligibility to ensure a seamless and secure experience. By acknowledging our terms of service, users confirm their understanding of our community guidelines, which include provisions for parental consent and data sharing protocols. This step enables us to provide a safe and engaging environment for all participants.""",violating,True,Section 28,"The text does not explicitly mention verifiable consent from a parent or guardian for users who are children, as required by Section 28."
2026-06-21 07:21:06,B_compliance_adversarial,0.5,TC042,violating,"In accordance with our ongoing efforts to enhance user engagement, our marketing algorithms have been optimised to provide a more tailored experience for certain segments of our user base, resulting in a more relevant selection of products being presented to you.",violating,True,Section 9,"The text does not explicitly state the purpose for which personal data is collected and used, nor does it mention obtaining consent from users."
2026-06-21 07:21:06,B_compliance_adversarial,0.5,TC043,violating,"""In order to ensure a seamless onboarding experience, we kindly request that a designated authorized representative for minors provide their contact information for verification purposes. This will enable us to facilitate a secure and expedited validation process via our secure digital platform. Please enter the email address or phone number of the authorized representative, and we will generate a unique verification link for their review and approval.""",violating,True,Section 28,"The text does not explicitly verify that the guardian is appointed by a court of law, or by a designated authority, or by a local level committee, under the law applicable to guardianship."
2026-06-21 07:21:06,B_compliance_adversarial,0.5,TC044,violating,"In line with our commitment to fostering innovation and collaboration, we engage in strategic partnerships with leading educational technology companies to facilitate the creation of cutting-edge products. As part of this mutually beneficial relationship, we provide anonymized, aggregated, and de-identified user insights, derived from our vast array of educational content and services, to inform product development and enhance the overall user experience.",compliant,False,,"The text does not explicitly mention any DPDP violations, and it describes lawful purposes for data collection."
2026-06-21 07:21:06,B_compliance_adversarial,0.5,TC045,compliant,"""We utilize a secure, industry-standard parental consent protocol to facilitate account activation for minors, ensuring compliance with applicable regulations. Our proprietary verification framework, seamlessly integrated with DigiLocker, enables a streamlined onboarding process while safeguarding sensitive information.""",compliant,False,,"The text explicitly states that it utilizes a secure parental consent protocol and a verification framework with DigiLocker, which is compliant with applicable regulations."
2026-06-21 07:21:06,B_compliance_adversarial,0.5,TC046,compliant,"""We strive to maintain a secure environment for our users, with certain... distinctions in place to safeguard the experience of younger individuals. We utilize user data to deliver targeted educational content, while ensuring adherence to relevant regulatory frameworks and industry best practices.""",compliant,False,,The text explicitly states data is used for a stated lawful purpose (delivering targeted educational content) and adheres to regulatory frameworks and industry best practices.
2026-06-21 07:21:06,B_compliance_adversarial,0.5,TC047,violating,"""We acknowledge that the utilization of our service involves the collection, storage, and management of customer information, which may be subject to various regulatory frameworks and jurisdictional requirements. As part of our standard operating procedures, we may transfer or store such information in regions that are deemed to be under the purview of certain global regulatory bodies, in order to ensure the continuity of our services and the maintenance of our operational efficiencies.""",compliant,False,,The text does not explicitly mention any unlawful data collection or non-compliance with DPDP Act 2023.
2026-06-21 07:21:06,B_compliance_adversarial,0.5,TC048,violating,"In accordance with our global data management strategy, certain user information is periodically transmitted to a centralized data repository located within a foreign entity, subject to the terms and conditions of our corporate governance framework. This arrangement enables the optimization of data processing and analytics capabilities, while ensuring the maintenance of a secure and compliant data environment.",violating,True,15,"The text explicitly states that personal data is being transferred outside the territory of India, but does not specify that the Data Fiduciary meets the requirements specified by the Central Government for such transfers."
2026-06-21 07:21:06,B_compliance_adversarial,0.5,TC049,compliant,"""We utilize a geographically dispersed data storage infrastructure, with primary repositories situated within the Indian subcontinent. Data transfer protocols are strictly managed to ensure operational efficiency, aligning with industry best practices and regulatory requirements.""",compliant,False,,"The text explicitly states data is stored within the Indian subcontinent, which is a lawful purpose."
2026-06-21 07:21:06,B_compliance_adversarial,0.5,TC050,compliant,"""We facilitate the international transfer of personal data to select jurisdictions, leveraging our established network of international partners, while ensuring alignment with relevant regulatory frameworks and our organization's data governance protocols.""",compliant,False,,"The text does not explicitly mention any unlawful data collection or non-compliance with DPDP Act, 2023."
2026-06-21 07:21:06,B_compliance_adversarial,0.5,TC051,violating,"""We appreciate your cooperation in enabling our multi-factor verification process, which utilizes a secondary contact method to enhance system security and user experience. Additionally, our valued partners may choose to engage with our subscribers through targeted, opt-in messaging campaigns, which are designed to provide relevant and timely information on a periodic basis.""",compliant,False,,"The text explicitly states that the data collection is for multi-factor verification and targeted, opt-in messaging campaigns, which are lawful purposes."
2026-06-21 07:21:06,B_compliance_adversarial,0.5,TC052,violating,"""In order to provide our users with a comprehensive view of their overall wellness, certain anonymized and aggregated health metrics collected through our mobile application may be shared with select third-party partners, including those in the insurance industry, to facilitate a more informed and nuanced understanding of individual risk profiles.""",compliant,False,,"The text explicitly states that data is anonymized and aggregated, which is a lawful purpose under the DPDP Act, 2023."
2026-06-21 07:21:06,B_compliance_adversarial,0.5,TC053,compliant,"""We utilize rider location data to optimize our delivery network, ensuring timely and efficient service. Data retention is in line with industry standards, and we may utilize anonymized and aggregated location information to refine our logistics operations.""",compliant,False,,"The text does not explicitly mention any DPDP violations, and it mentions anonymized and aggregated location information which is not a clear violation."
2026-06-21 07:21:06,B_compliance_adversarial,0.5,TC054,compliant,"""We may utilize your email address to facilitate transactional communications, including order confirmations and select security notifications, as well as to support broader operational objectives. We reserve the right to leverage your email address for targeted promotional activities, subject to our standard opt-in protocols.""",violating,True,Section 36,"The text does not explicitly mention consent for targeted promotional activities, which may be considered a violation of the Data Protection Act, 2023, as per Section 36, which requires consent for processing personal data for purposes other than those specified."
2026-06-21 07:21:06,B_compliance_adversarial,0.5,TC055,violating,"""In line with our ongoing commitment to prudent data governance, we have strategically aligned our risk management protocols to prioritize high-impact initiatives, thereby ensuring an optimized allocation of resources towards key strategic objectives. This proactive approach enables us to maintain a flexible and adaptive posture in response to evolving regulatory landscapes, while also fostering a culture of continuous improvement and innovation within our organization.""",compliant,False,,The text does not explicitly mention any DPDP Act 2023 compliance or non-compliance.
2026-06-21 07:21:06,B_compliance_adversarial,0.5,TC056,violating,"""We have implemented a comprehensive framework for the governance and management of our digital ecosystem, which encompasses the processing of sensitive user information on a massive scale. Our ongoing efforts to ensure the integrity and security of this ecosystem involve continuous monitoring and assessment of various factors, including those related to the well-being and interests of our users. Regular reviews and evaluations are conducted to validate the efficacy of our controls and mitigate potential risks associated with the handling of large volumes of user data.""",compliant,False,,"The text explicitly states that the company is continuously monitoring and assessing the factors related to user well-being and interests, which suggests a focus on lawful purposes."
2026-06-21 07:21:06,B_compliance_adversarial,0.5,TC057,compliant,"""We periodically conduct high-level risk assessments and internal reviews to ensure our data handling practices are in line with industry standards and regulatory requirements. Key findings are shared with relevant stakeholders, including our governing body.""",compliant,False,,"The text describes data handling practices in line with industry standards and regulatory requirements, indicating a compliant approach."
2026-06-21 07:21:06,B_compliance_adversarial,0.5,TC058,violating,"The Consent Manager platform is a globally integrated solution that leverages the operational infrastructure of a group entity, facilitating seamless cross-border data management. This arrangement enables the platform to maintain a highly responsive and scalable service delivery model, thereby optimizing the overall user experience.",compliant,False,,The text does not explicitly mention any DPDP violations.
2026-06-21 07:21:06,B_compliance_adversarial,0.5,TC059,compliant,"Our organization utilizes a cutting-edge Consent Manager solution that leverages a ""best-in-class"" registration status with the Data Protection Board, while also maintaining a flexible, forward-thinking platform that enables seamless interoperability for consent management purposes.",compliant,False,,"The text explicitly states that the Consent Manager has a 'best-in-class' registration status with the Data Protection Board, indicating compliance with DPDP regulations."
2026-06-21 07:21:06,B_compliance_adversarial,0.5,TC060,compliant,"""In order to facilitate the necessary financial transactions related to your employment, we need to obtain your banking information and a copy of your PAN card. This information will be utilized in accordance with our standard business protocols, which may involve the transfer and storage of personal data in a secure environment compliant with the DPDP Act's Employment Purposes provision.""",compliant,False,,The text explicitly states that the data collection is for lawful purposes (employment) and will be used in accordance with standard business protocols.
2026-06-21 07:21:06,B_compliance_adversarial,0.5,TC061,compliant,"""We may utilize your Aadhaar number for purposes of identity authentication, which is a necessary component of our onboarding protocols, aligned with the RBI's KYC framework, and subject to the terms of our data collection and management policies.""",compliant,False,,"The text explicitly states that the Aadhaar number is used for identity authentication, which is a lawful purpose."
2026-06-21 07:21:06,B_compliance_adversarial,0.5,TC062,violating,"""In accordance with our standard operating procedures, we have implemented a streamlined data management protocol to facilitate the efficient processing of medical records within the state health scheme framework. This initiative is designed to enhance the overall patient experience and optimize the exchange of information between healthcare providers, while also ensuring seamless compliance with applicable regulatory requirements. Our data handling practices are guided by a commitment to transparency, accountability, and the safeguarding of sensitive information, in line with industry best practices and relevant legislation.""",compliant,False,,"The text explicitly states that data handling practices are guided by a commitment to transparency, accountability, and the safeguarding of sensitive information, in line with industry best practices and relevant legislation."
2026-06-21 07:21:06,B_compliance_adversarial,0.5,TC063,violating,"""We may from time to time engage in certain data-related initiatives that are designed to enhance the overall user experience, without necessarily requiring a corresponding update to our standard data handling procedures.""",compliant,False,,The text does not explicitly mention any unlawful data collection or processing.
2026-06-21 07:21:06,B_compliance_adversarial,0.5,TC064,violating,"""We have implemented a flexible data management arrangement with our trusted third-party service provider, allowing for optimal flexibility in our data handling processes.  This arrangement enables us to align our data protection strategies with the evolving needs of our business, while ensuring the confidentiality and integrity of our users' information remains a top priority.""",compliant,False,,"The text explicitly states that the confidentiality and integrity of users' information is a top priority, indicating a compliant approach to data protection."
2026-06-21 07:21:06,B_compliance_adversarial,0.5,TC065,compliant,"""Our data processing partners adhere to a set of robust security protocols, which are periodically reviewed and updated to ensure alignment with industry best practices. All data processing activities are conducted in accordance with our internal guidelines and are subject to our oversight and direction.""",compliant,False,,The text explicitly states data is processed in accordance with internal guidelines and is subject to oversight and direction.
2026-06-21 07:21:06,B_compliance_adversarial,0.5,TC066,violating,"""Our organization's privacy policy is presented in a format that is easily accessible to the majority of our stakeholders, and is designed to facilitate a comprehensive understanding of our data handling practices. We believe that this approach meets the spirit of transparency and accountability as outlined in relevant legislation, including the DPDP framework.",compliant,False,,"The text explicitly states that the organization's privacy policy is easily accessible and designed to facilitate a comprehensive understanding of their data handling practices, which is in line with the principles of transparency and accountability as outlined in the DPDP framework."
2026-06-21 07:21:06,B_compliance_adversarial,0.5,TC067,violating,"""As part of our streamlined onboarding process, a comprehensive agreement outlining key terms and conditions is presented to users in a consolidated format, allowing for efficient acknowledgement of essential information prior to the initiation of services.""",compliant,False,,"The text does not explicitly mention any DPDP violations, and it appears to be describing a compliant process for obtaining user consent."
2026-06-21 07:21:06,B_compliance_adversarial,0.5,TC068,compliant,"""We may collect personal data, but prior to doing so, a notice will be provided that outlines the general parameters of our data collection practices, including the types of data and the intended use thereof, although the specifics may evolve over time. Withdrawal of consent is possible, but the process is subject to change and may require additional steps.""",compliant,False,,"The text explicitly states that a notice will be provided outlining data collection practices, and withdrawal of consent is possible, indicating compliance with DPDP regulations."
2026-06-21 07:21:06,B_compliance_adversarial,0.5,TC069,compliant,"""We may provide a consent notice as part of a broader suite of terms and conditions, but it's easily accessible within a comprehensive document package. Language options are available, including Hindi, Tamil, Bengali, and English, contingent upon our discretion and operational feasibility.""",violating,True,Section 7,"The consent notice is not explicitly stated to be easily accessible, and its accessibility is contingent upon the company's discretion and operational feasibility, which may not be comparable to the ease of giving consent."
2026-06-21 07:21:06,B_compliance_adversarial,0.5,TC070,violating,"""In accordance with our robust data subject access policies, we have implemented a framework that ensures all interactions with our data assets are conducted in a manner that prioritizes the integrity and authenticity of the requesting party. As such, we maintain a strict protocol for verifying the identity and authority of individuals seeking to exercise their data-related entitlements, thereby safeguarding against any potential misrepresentation or unauthorized delegation.""",compliant,False,,"The text explicitly states a protocol for verifying the identity and authority of individuals seeking to exercise their data-related entitlements, which is compliant with DPDP Act 2023."
2026-06-21 07:21:06,B_compliance_adversarial,0.5,TC071,compliant,"""Authorized Representatives may be designated to act in a capacity that enables them to exercise certain DPDP-related functions on behalf of the Account Holder, accessible via the 'Delegate Access' area of their account settings.""",compliant,False,,The text does not explicitly state any non-compliance with DPDP Act 2023.
2026-06-21 07:21:06,B_compliance_adversarial,0.5,TC072,violating,"""We have established strategic partnerships with select industry stakeholders, providing them with aggregated and anonymised insights derived from user interactions, which may be leveraged to inform targeted marketing initiatives and enhance customer experiences.""",violating,True,Section 9,"The text implies the collection of user data for targeted marketing purposes, which may not be a lawful purpose under the DPDP Act, 2023."
2026-06-21 07:21:06,B_compliance_adversarial,0.5,TC073,compliant,"""We may disclose de-identified, aggregated data insights to select research partners, subject to certain confidentiality agreements. Such disclosures are intended to facilitate strategic knowledge sharing and drive business innovation, while maintaining the confidentiality and integrity of our user interactions.""",compliant,False,,"The text explicitly states that data is de-identified and aggregated, and that it is only shared with select research partners for specific purposes."
2026-06-21 07:21:06,B_compliance_adversarial,0.5,TC074,violating,"""In order to enhance the overall customer experience, we may disclose certain personal information to affiliated entities within our corporate network, in accordance with our standard data sharing protocols and procedures. This enables us to provide a more comprehensive and integrated range of services to our valued customers, while ensuring the secure and responsible management of their personal data.""",compliant,False,,The text explicitly states that data is shared for a stated purpose (enhancing customer experience) and mentions secure and responsible management of personal data.
2026-06-21 07:21:06,B_compliance_adversarial,0.5,TC075,violating,"""In the interest of maintaining a secure and transparent environment, our organization has implemented a comprehensive data management framework that prioritizes the confidentiality and integrity of user information. While we strive to be open and communicative regarding our general data handling practices, certain sensitive details are subject to periodic review and refinement to ensure alignment with evolving industry standards and regulatory requirements. As part of our ongoing commitment to data stewardship, we may, from time to time, adjust our data disclosure protocols to maintain an optimal balance between user information and operational efficiency.""",compliant,False,,"The text explicitly states that the organization prioritizes the confidentiality and integrity of user information, indicating a compliant approach to data protection."
2026-06-21 07:21:06,B_compliance_adversarial,0.5,TC076,compliant,"Upon a suitable inquiry, we may offer users a high-level overview of the data we retain, the underlying rationale for processing, and a non-exhaustive list of select third-party entities with whom we have engaged in data-sharing arrangements.",violating,True,,The text does not explicitly state the purpose of data collection or the lawful purposes for which the data will be used.
2026-06-21 07:21:06,B_compliance_adversarial,0.5,TC077,violating,"""In order to ensure the integrity of our lending process, we have implemented an advanced algorithmic framework that enables swift and efficient decision-making on loan applications. This framework leverages anonymized data inputs and utilizes a proprietary risk assessment model to identify potential areas of concern. In the event that an application does not meet our established criteria, a notification will be issued to the applicant, outlining the reasons for the decision. The applicant will have access to a dedicated support channel to discuss any questions or concerns they may have regarding the outcome.""",compliant,False,,"The text explicitly states that data is anonymized and used for a stated purpose (lending process), which is a lawful purpose."
2026-06-21 07:21:06,B_compliance_adversarial,0.5,TC078,compliant,"""In cases where our advanced analytics may impact your experience, you may opt to escalate to a higher level of support for a more nuanced evaluation of the situation, and subsequently, an opportunity to revisit the outcome.""",compliant,False,,This text does not mention any DPDP-related information.
2026-06-21 07:21:06,B_compliance_adversarial,0.5,TC079,violating,"""In line with our commitment to innovation and customer-centricity, we have implemented a data management framework that enables the ongoing collection, processing, and storage of user information in a manner that prioritizes the enhancement of our services and the delivery of value-added experiences. This approach is grounded in our mission to continuously improve and refine our products, while also ensuring the integrity and security of our data assets. Our data governance policies are designed to strike a balance between the needs of our business and the interests of our stakeholders, with a focus on transparency, accountability, and best practices in data management.""",compliant,False,,"The text explicitly states that data is collected for lawful purposes (enhancement of services and delivery of value-added experiences) and mentions data governance policies that prioritize transparency, accountability, and best practices in data management."
2026-06-21 07:21:06,B_compliance_adversarial,0.5,TC080,compliant,"We utilize aggregated research data in accordance with DPDP guidelines, leveraging this information to inform our academic pursuits while implementing robust anonymization protocols to safeguard participant confidentiality.",compliant,False,,The text explicitly states data is used for a stated purpose (academic pursuits) and anonymization protocols are implemented to safeguard participant confidentiality.
2026-06-21 07:21:06,B_compliance_adversarial,0.5,TC081,compliant,"""In order to facilitate the seamless delivery of your digital receipt, we require your email address. By providing this information, you will also be opted-in to receive periodic communications from our organization, including but not limited to, weekly business updates and market insights. Please note that your consent is not required for these communications, as they are considered a value-added service. You may, however, exercise your right to opt-out at a later date, subject to our standard data management protocols.""",violating,True,Section 7,"The text does not explicitly state that consent is required for the specified purpose, and instead implies that consent is not required for value-added services."
2026-06-21 07:21:06,B_compliance_adversarial,0.5,TC082,violating,"""We have implemented a streamlined onboarding process that includes a comprehensive registration form, which features pre-selected default options for certain fields to facilitate a seamless user experience. In the event that a user inadvertently overlooks these pre-selected defaults, they are still considered to have provided the necessary information to proceed with our services, in accordance with our standard terms and conditions.""",violating,True,"Section 7, Section 17","The text implies that users are considered to have provided necessary information even if they inadvertently overlook pre-selected defaults, which may not be in line with the requirement to process personal data in a lawful manner (Second Schedule, clause (a))."
2026-06-21 07:21:06,B_compliance_adversarial,0.5,TC083,violating,"""Opting out of certain data utilization practices may necessitate the temporary or permanent cessation of account functionality, pending a comprehensive review of our data management policies and procedures. In the event of such a decision, all relevant data will be subject to secure and irreversible de-identification protocols, ensuring the highest standards of data integrity and confidentiality.""",compliant,False,,"The text explicitly states data is deleted and de-identified, and only used for a stated purpose of data management review."
2026-06-21 07:21:06,B_compliance_adversarial,0.5,TC084,compliant,"""We may collect and utilize citizen personal information to facilitate the efficient administration of subsidies under the National Food Security Act. The scheme portal provides access to relevant information, allowing citizens to remain aware of our data handling procedures.""",compliant,False,,"The text explicitly states that data is collected for a lawful and specific purpose, namely the efficient administration of subsidies under the National Food Security Act."
2026-06-21 07:21:06,B_compliance_adversarial,0.5,TC085,violating,"In furtherance of our commitment to fostering collaborative relationships with industry stakeholders, we engage in strategic partnerships with select private sector entities to facilitate mutually beneficial initiatives that align with our department's overarching mandate to serve the public good.",compliant,False,,"The text does not mention data collection or processing, and does not appear to be related to the DPDP Act, 2023."
2026-06-21 07:21:06,B_compliance_adversarial,0.5,TC086,violating,"As part of our collaborative efforts to promote optimal healthcare outcomes, we engage in strategic partnerships with key stakeholders to facilitate the exchange of relevant information, thereby enhancing the overall quality of care provided to our patients. This includes the sharing of anonymized and aggregated patient data with select industry partners, which enables them to better understand treatment trends and preferences within our patient population.",compliant,False,,"The text explicitly states that data is anonymized and aggregated, which is a lawful purpose."
2026-06-21 07:21:06,B_compliance_adversarial,0.5,TC087,compliant,"Patient health data is utilized in accordance with our established protocols for delivering healthcare solutions, while also considering opportunities for strategic partnerships and collaborations that may enhance our overall service offerings.",compliant,False,,The text explicitly states that patient health data is used for a stated purpose (delivering healthcare solutions) and does not mention any unlawful data collection or sharing.
2026-06-21 07:21:06,B_compliance_adversarial,0.5,TC088,compliant,"""We may utilize bank account information and PAN card data to facilitate certain operational requirements, including payroll disbursements, in accordance with relevant regulatory frameworks and industry standards. All data collection and processing activities are subject to ongoing evaluation and optimization to ensure maximum efficiency and effectiveness.""",compliant,False,,"The text explicitly states that data collection and processing activities are subject to ongoing evaluation and optimization, implying compliance with DPDP principles."
2026-06-21 07:21:06,B_compliance_adversarial,0.5,TC089,violating,"""We have entered into strategic partnerships with various industry stakeholders to facilitate the exchange of financial information, thereby enhancing the overall customer experience and promoting a more comprehensive understanding of market trends. This collaborative approach enables us to provide our clients with tailored services and products, while also contributing to the development of more sophisticated risk management and predictive analytics tools.""",compliant,False,,The text does not explicitly mention any DPDP-related activities or data collection.
2026-06-21 07:21:06,B_compliance_adversarial,0.5,TC090,compliant,"To initiate a data inquiry or deletion protocol, access the Data Request Portal. Our designated Data Custodian will facilitate a timely review of your submission, in accordance with established operational protocols.",compliant,False,,The text does not explicitly state a violation of DPDP rules.
2026-06-21 07:21:06,B_compliance_adversarial,0.5,TC091,violating,"In accordance with our established protocols, we expedite data access requests in a manner that balances operational efficiency with the need for thorough review. The timeframe for responding to such requests is subject to ongoing evaluation and may be adjusted as necessary to ensure optimal outcomes. We maintain the flexibility to decline certain requests, and in such instances, we will communicate our decision in a manner that respects the confidentiality of our internal processes.",compliant,False,,"The text does not explicitly mention any DPDP violations, and it describes a process for data access requests that does not appear to be unlawful."
2026-06-21 07:21:06,B_compliance_adversarial,0.5,TC092,violating,"""We employ advanced analytics solutions to create comprehensive user insights, leveraging a combination of proprietary and partner-supplied data sources, in order to enhance our online services and improve user experiences. This is achieved through the deployment of industry-standard tracking mechanisms, which are designed to optimize our digital offerings and foster a more personalized environment for our users.""",violating,True,,"The text mentions deployment of industry-standard tracking mechanisms without specifying consent mechanisms, which is a red flag for non-compliance with the DPDP Act, 2023."
2026-06-21 07:21:06,B_compliance_adversarial,0.5,TC093,compliant,"""We employ advanced data synthesis techniques to gain insights into user behavior and interactions with our offerings. While individual identities are not explicitly linked to our data sets, our analytics tools do facilitate holistic understanding of user experiences.""",violating,True,,"The text mentions data collection without specifying consent mechanisms, which is a red flag for non-compliance."
2026-06-21 07:21:06,B_compliance_adversarial,0.5,TC094,violating,"""Our organization has implemented a comprehensive digital surveillance program to ensure the security and integrity of our network infrastructure. This initiative enables us to proactively identify and mitigate potential risks, while also facilitating the detection and prevention of unauthorized access to company resources. In order to maintain a secure and productive work environment, certain employee activities and communications may be subject to monitoring, in accordance with established protocols and guidelines. These protocols are designed to safeguard the confidentiality, integrity, and availability of our digital assets, while also respecting the reasonable expectations of our employees regarding their use of company-provided technologies and networks.""",compliant,False,,"The text explicitly states that data is collected for lawful purposes (network security and integrity) and mentions protocols for safeguarding confidentiality, integrity, and availability of digital assets."
2026-06-21 07:21:06,B_compliance_adversarial,0.5,TC095,compliant,"""Optimization protocols are implemented to ensure seamless integration of our digital ecosystem. Employee utilization of company-provided assets is subject to periodic audits, focusing on system optimization and performance enhancement. Relevant stakeholders are apprised of our data governance framework, as outlined in our onboarding documentation.""",compliant,False,,"The text does not explicitly mention any DPDP sections or violations, but it does describe a data governance framework which is a PROTECTION mechanism."
2026-06-21 07:21:06,B_compliance_adversarial,0.5,TC096,compliant,"""By continuing, you acknowledge our data handling protocols. We may retain your delivery address and phone number for an unspecified period to optimize delivery experiences and improve operational efficiency. Data retention periods are subject to periodic review and may be extended as necessary to ensure compliance with regulatory requirements.""",violating,True,Section 8,"The Data Fiduciary does not specify the time period for which personal data is retained, as required by Section 8 of the DPDP Act."
2026-06-21 07:21:06,B_compliance_adversarial,0.5,TC097,compliant,"""Our system may proactively identify and isolate potential security anomalies, which may result in a temporary account restriction. Incident-specific data, including IP address and device characteristics, is captured and retained in accordance with our Information Security Framework.""",compliant,False,,"The text does not explicitly mention any DPDP violations, and it describes a system that captures and retains incident-specific data in accordance with an Information Security Framework, which is not necessarily a violation."
2026-06-21 07:21:06,B_compliance_adversarial,0.5,TC098,compliant,"""We collect and utilise your browsing history to enhance your user experience within our proprietary ecosystem. This data is securely stored and aggregated for internal analytics purposes, while being subject to our standard data retention policies. Please note that certain data may be anonymised and utilised for future product development, in accordance with our evolving user profiling methodologies.""",violating,True,Section 6,"The text does not explicitly mention the use of encryption or other security measures to protect personal data, as required by Section 6 of the DPDP Act 2023."
2026-06-21 07:21:06,B_compliance_adversarial,0.5,TC099,compliant,"""We maintain a comprehensive archival system for transactional data, adhering to the prevailing regulatory standards, including but not limited to, the Information Technology (Intermediary Guidelines) Rules. This data repository is utilized for purposes of operational efficiency, risk management, and strategic business optimization.""",compliant,False,,"The text explicitly states data is used for stated purposes (operational efficiency, risk management, and strategic business optimization), which are lawful purposes."
2026-06-21 07:21:06,B_compliance_adversarial,0.5,TC100,compliant,"As part of our ongoing risk management initiatives, we employ advanced data analytics tools to identify potential anomalies within your transaction history. In the event of a high-risk scenario, our expert teams will conduct a thorough review to validate the integrity of the transaction, prior to any necessary interventions.",compliant,False,,"The text does not explicitly mention data collection or processing, and the language used is not suspicious."
