kind,temperature,run,case_id,category,true_label,gold_section,pred_A,pred_B_no_judge,pred_C_blind_judge,checker_section,judge_section,judge_confidence,adv_leak_flag,rewrite,checker_reason,judge_reasoning
A,,1,TC001,Consent,violating,Section 6,violating,,,Section 6(1),,,,,"The text states consent is given by checking a box, which is not specific and informed consent as required by the DPDP Act.",
A,,1,TC002,Consent,violating,Section 6,violating,,,Section 7(2),,,,,"The text states they do not require consent for targeted advertising, which is prohibited under Section 7(2) for children.",
A,,1,TC003,Consent,violating,Section 6,violating,,,Section 6(1),,,,,"The text states consent is given by continued use, not a 'clear affirmative action' as required by the DPDP Act.",
A,,1,TC004,Consent,violating,Section 6,violating,,,null,,,,,"The text states data is shared with third parties by default unless the user opts out, which is not compliant with the principle of user consent.",
A,,1,TC005,Consent,violating,Section 6,violating,,,Section 7,,,,,The text states automatic agreement to data sharing without specifying the purpose or obtaining explicit consent.,
A,,1,TC006,Consent,compliant,,compliant,,,,,,,,The text states a specific purpose for data collection (sending order receipts) and provides an opt-out mechanism.,
A,,1,TC007,Consent,compliant,,compliant,,,Section 3(3),,,,,The text states that a clear notice will be provided explaining data collection and consent withdrawal.,
A,,1,TC008,Consent,compliant,,compliant,,,Section 4(4),,,,,"The text provides a clear and easy method for withdrawing consent, comparable to how it was given.",
A,,1,TC009,Data Minimisation,violating,Section 4,violating,,,null,,,,,"Collecting blood group, exact GPS location, and mother's maiden name is not a lawful purpose for registering for an online chess tournament.",
A,,1,TC010,Data Minimisation,violating,Section 4,violating,,,Section 6(1),,,,,"The app requires access to the contact list, which is not necessary for basic calculator functionality, making the consent not limited to what is necessary.",
A,,1,TC011,Data Minimisation,violating,Section 4,violating,,,Section 4,,,,,"The app collects real-time location continuously even when not in use, exceeding the scope of 'tracking real-time location of a child, in the interest of her safety and protection or security'.",
A,,1,TC012,Data Minimisation,violating,Section 4,violating,,,Section 7,,,,,"The text collects personal data like Aadhaar number, bank account details, employment history, and marital status without specifying a lawful purpose.",
A,,1,TC013,Data Minimisation,compliant,,compliant,,,,,,,,The text states that location data is only collected during active trips and disabled otherwise.,
A,,1,TC014,Data Minimisation,compliant,,compliant,,,,,,,,The text states the data collected and its purpose: account creation.,
A,,1,TC015,Sensitive Data,violating,Section 4,violating,,,Section 15,,,,,The text mentions transferring personal data (Aadhaar number and biometric scan) outside of India without specifying requirements set by the Central Government.,
A,,1,TC016,Sensitive Data,violating,Section 4,violating,,,Section 7,,,,,"The text does not specify the purpose of collecting facial recognition data, only that it is used to personalize the shopping experience and recommend products.",
A,,1,TC017,Sensitive Data,violating,Section 6,violating,,,null,,,,,The text states data will be shared with a third party for a purpose not stated as a lawful purpose.,
A,,1,TC018,Consent Withdrawal,violating,Rule 3,violating,,,Section 4(4),,,,,"The text states consent withdrawal must be done by a physical, notarized letter, which is not comparable to the ease of giving consent.",
A,,1,TC019,Consent Withdrawal,violating,Rule 3,violating,,,Section 6,,,,,"The text restricts the right to withdraw consent to specific hours and a lengthy verification process, which is not in line with the Act's requirement for reasonable and accessible means of withdrawal.",
A,,1,TC020,Consent Withdrawal,violating,Rule 3,violating,,,Section 4(4),,,,,"The text states a fee for consent withdrawal, which must be as easy as providing consent.",
A,,1,TC021,Consent Withdrawal,compliant,,compliant,,,Section 4(4),,,,,The text states the withdrawal of consent is easy and comparable to giving consent.,
A,,1,TC022,Data Retention,violating,Section 8,violating,,,Right to Erase Personal Data,,,,,"The text states the company will retain data indefinitely, contradicting the right to erase personal data.",
A,,1,TC023,Data Retention,violating,Section 8,violating,,,null,,,,,"The text states user data is retained indefinitely, contradicting the requirement to erase data after a specified period unless legally required.",
A,,1,TC024,Data Retention,compliant,,compliant,,,,,,,,"The text states data is deleted within 30 days of account closure and retained for seven years due to the Income Tax Act, 1961.",
A,,1,TC025,Data Retention,compliant,,compliant,,,,,,,,The text states that data is deleted after 30 days and a notification is sent before deletion.,
A,,1,TC026,Security,violating,Rule 6,violating,,,null,,,,,Storing sensitive data like passwords and credit card details in plain text violates basic security principles.,
A,,1,TC027,Security,violating,Rule 6,violating,,,Section 6,,,,,"The text states the database is publicly accessible via an unsecured API, lacking reasonable security safeguards.",
A,,1,TC028,Security,compliant,,compliant,,,,,,,,The text describes security measures used to protect personal data.,
A,,1,TC029,Security,compliant,,compliant,,,,,,,,"The text describes security measures compliant with ISO 27001, not a violation.",
A,,1,TC030,Breach Notification,violating,Rule 7,violating,,,Section 10(2)(a),,,,,The text states the Data Fiduciary will not notify the Data Protection Board of the breach within 72 hours.,
A,,1,TC031,Breach Notification,violating,Rule 7,violating,,,Section 2(b),,,,,"The Data Fiduciary is delaying notification of a breach to users, exceeding the 72-hour limit.",
A,,1,TC032,Breach Notification,compliant,,compliant,,,Protection During Personal Data Breaches,,,,,The text describes timely notification to the Data Protection Board and affected users.,
A,,1,TC033,Grievance Redressal,violating,Rule 9,violating,,,null,,,,,"The text states there is no dedicated Data Protection Officer or grievance email, violating the requirement for clear contact information.",
A,,1,TC034,Grievance Redressal,violating,Rule 9,violating,,,Section 30,,,,,"The text states that privacy complaints can only be submitted via fax, contradicting the requirement for digital grievance redressal systems.",
A,,1,TC035,Grievance Redressal,compliant,,compliant,,,Clear Contact for Queries and Complaints,,,,,The text provides a clear point of contact for data-related queries and complaints.,
A,,1,TC036,Grievance Redressal,compliant,,compliant,,,null,,,,,"The text states a response time for complaints within 30 days, which is shorter than the 90 day requirement.",
A,,1,TC037,Data Principal Rights,violating,Section 14,violating,,,Section 12(2),,,,,"The system denied a request to correct inaccurate personal data, violating the Data Fiduciary's obligation to correct inaccurate information.",
A,,1,TC038,Data Principal Rights,violating,Section 14,compliant,,,,,,,,"The text states that user data cannot be extracted or exported, indicating a control over data access.",
A,,1,TC039,Data Principal Rights,compliant,,compliant,,,Section 7,,,,,"The text states that requests are processed within 90 days, complying with the DPDP Act.",
A,,1,TC040,Data Principal Rights,compliant,,compliant,,,,,,,,"The text states erasure requests are processed within 30 days, which is a timeframe.",
A,,1,TC041,Children's Data,violating,Section 9,violating,,,Section 11,,,,,The text asks for consent without specifying how the consent of the parent will be verified.,
A,,1,TC042,Children's Data,violating,Section 9,violating,,,Section 7,,,,,"The text personalizes advertisements based on a child's activity, which may not be restricted to the extent necessary for the stated purpose.",
A,,1,TC043,Children's Data,violating,Rule 10,violating,,,Section 11,,,,,The text requests a parent's email address for verification via DigiLocker without explicitly stating how verifiable consent will be obtained.,
A,,1,TC044,Children's Data,violating,Section 9,violating,,,Section 3(3),,,,,"The text states the company sells behavioral profiles of child users, which constitutes targeted advertising directed at children.",
A,,1,TC045,Children's Data,compliant,,compliant,,,Section 11,,,,,The text states verifiable consent is obtained from a parent or guardian via DigiLocker before processing data.,
A,,1,TC046,Children's Data,compliant,,compliant,,,null,,,,,The text states that the platform does not serve ads to children and only uses their data for educational services.,
A,,1,TC047,Cross-Border Transfer,violating,Section 15,violating,,,Section 7,,,,,The text states consent to data processing and storage in a restricted nation without specifying the legal basis for such processing.,
A,,1,TC048,Cross-Border Transfer,violating,Section 15,violating,,,Section 15,,,,,"The text states data is transferred outside India without restriction, violating Section 15's requirement for compliance with Central Government orders.",
A,,1,TC049,Cross-Border Transfer,compliant,,compliant,,,Section 15,,,,,The text states that personal data is stored in India and not transferred outside the country.,
A,,1,TC050,Cross-Border Transfer,compliant,,compliant,,,Section 15,,,,,The text states compliance with transfer requirements set by the Central Government.,
A,,1,TC051,Purpose Limitation,violating,Section 6,violating,,,null,,,,,The text states use of the phone number for promotional SMS without explicit consent for that purpose.,
A,,1,TC052,Purpose Limitation,violating,Section 6,violating,,,Section 8(2),,,,,"The text states that health data will be sold to insurance companies, which is not a specified legitimate purpose for data processing under the DPDP Act.",
A,,1,TC053,Purpose Limitation,compliant,,compliant,,,,,,,,The text states that location data is deleted once delivery is confirmed.,
A,,1,TC054,Purpose Limitation,compliant,,compliant,,,null,,,,,"The text states that email addresses are only used for order confirmations and security alerts, and marketing requires separate explicit consent.",
A,,1,TC055,SDF Obligations,violating,Rule 13,violating,,,Section 7(1),,,,,The text states the Significant Data Fiduciary has not conducted a Data Protection Impact Assessment annually as required.,
A,,1,TC056,SDF Obligations,violating,Rule 13,violating,,,null,,,,,"The text states that algorithmic systems processing personal data have not been audited for risks to data principal rights, which is a violation of the Act's emphasis on data protection.",
A,,1,TC057,SDF Obligations,compliant,,compliant,,,Section 7(1),,,,,The text states the organization conducts annual Data Protection Impact Assessments and audits as required by the Act.,
A,,1,TC058,Consent Manager,violating,Rule 4,violating,,,"Part A of First Schedule, Condition 1",,,,,"The Consent Manager platform is operated by a company incorporated in Singapore, not India, violating the incorporation requirement.",
A,,1,TC059,Consent Manager,compliant,,compliant,,,Section 9,,,,,The text states the Consent Manager is registered with the Data Protection Board and maintains an interoperable platform.,
A,,1,TC060,Lawful Processing,compliant,,compliant,,,Section 8(1)(i),,,,,"The text states the data is processed for employment purposes, a lawful purpose under the DPDP Act.",
A,,1,TC061,Lawful Processing,compliant,,compliant,,,,,,,,The text states a lawful purpose for data processing (RBI KYC guidelines) and a specific use (identity verification).,
A,,1,TC062,Lawful Processing,violating,Section 7,violating,,,Section 6(1),,,,,"The text states processing occurs without consent, contradicting the requirement for free and specific consent.",
A,,1,TC063,Lawful Processing,violating,Section 6,violating,,,null,,,,,"The text states data is processed for unspecified purposes, which violates the requirement for transparency and specific consent.",
A,,1,TC064,Data Processor,violating,Rule 6,violating,,,Section 8(2),,,,,The text states the data processor does not have a contractual obligation to maintain security safeguards.,
A,,1,TC065,Data Processor,compliant,,compliant,,,,,,,,The text states that data processors are bound by contract to follow security standards and process data only as instructed.,
A,,1,TC066,Notice,violating,Rule 3,violating,,,Section 6(3),,,,,"The privacy policy is not offered in a language specified in the Eighth Schedule to the Constitution, violating the requirement for accessibility.",
A,,1,TC067,Notice,violating,Rule 3,violating,,,Section 3(b),,,,,"The consent notice is not presented independently of other information, violating Section 3(b) which mandates a clear and plain language notice for informed consent.",
A,,1,TC068,Notice,compliant,,compliant,,,Section 3(3),,,,,The text states the consent notice is in plain language and explains the purpose of data collection and how to withdraw consent.,
A,,1,TC069,Notice,compliant,,compliant,,,null,,,,,The text states the consent notice is presented separately and in multiple languages.,
A,,1,TC070,Nomination Rights,violating,Section 14,violating,,,Section 14(1),,,,,"The text explicitly states users cannot nominate another person to exercise their data rights, contradicting Section 14(1) of the DPDP Act.",
A,,1,TC071,Nomination Rights,compliant,,compliant,,,,,,,,"The text describes a mechanism for exercising DPDP rights, not a violation.",
A,,1,TC072,Data Sharing / Disclosure,violating,Section 6,violating,,,null,,,,,"The text states the sale of anonymised user behaviour profiles to third parties for commercial profiling, which may not be considered lawful under the DPDP Act.",
A,,1,TC073,Data Sharing / Disclosure,compliant,,compliant,,,,,,,,The text states that no personally identifiable information is included in the data transfers.,
A,,1,TC074,Data Sharing / Disclosure,violating,Section 6,violating,,,Section 7,,,,,The text states data is shared with group companies for cross-selling without obtaining separate consent for each company.,
A,,1,TC075,Transparency,violating,Section 14,violating,,,Section 7,,,,,"The organization states it does not disclose how personal data is used or with whom it is shared, violating the Data Principal's right to know.",
A,,1,TC076,Transparency,compliant,,compliant,,,,,,,,"The text states the company will provide a summary of data held, purpose of processing, and shared parties upon request.",
A,,1,TC077,Automated Decisions,violating,Section 6,violating,,,Right to Erase Personal Data,,,,,"The text states that loan applications are automatically denied based on personal data without any right of appeal for the applicant, potentially violating the right to erasure.",
A,,1,TC078,Automated Decisions,compliant,,compliant,,,,,,,,"The text describes a right to human review in automated decision-making, which is not explicitly prohibited.",
A,,1,TC079,Exemptions,violating,Section 7,violating,,,Section 10,,,,,The text states processing of user data indefinitely without consent for a purpose not explicitly allowed under the Act.,
A,,1,TC080,Exemptions,compliant,,compliant,,,,,,,,"The text states the data is deleted after the study, indicating compliance.",
A,,1,TC081,Consent,compliant,,violating,,,Section 6(1),,,,,"The text states consent for newsletters is optional but does not specify if consent is free, specific, informed, and unambiguous.",
A,,1,TC082,Consent,violating,Section 6,violating,,,null,,,,,"The organization assumes consent based on pre-ticked boxes, which is not explicit and informed consent.",
A,,1,TC083,Consent,violating,Section 6,violating,,,Section 4(4),,,,,"The text states that refusing consent will result in account suspension and data deletion, which does not provide the ease of withdrawal comparable to the ease of consent.",
A,,1,TC084,State Processing,compliant,,compliant,,,,,,,,The text states the processing is for delivering subsidies under a legal framework and citizens are informed.,
A,,1,TC085,State Processing,violating,Section 7,violating,,,Section 14,,,,,"The text states the government department shares citizen data with private companies for commercial use, which is not a legitimate purpose under the DPDP Act.",
A,,1,TC086,Healthcare,violating,Section 6,violating,,,Right to Give or Refuse Consent,,,,,The text states that patient medical records are shared with pharmaceutical companies without patient consent.,
A,,1,TC087,Healthcare,compliant,,compliant,,,Section 6(1),,,,,The text states that patient data is only used for healthcare and shared with third parties only with explicit consent.,
A,,1,TC088,Financial,compliant,,compliant,,,,,,,,"The text states data is used for payroll disbursement as required by employment law, a lawful purpose.",
A,,1,TC089,Financial,violating,Section 6,violating,,,null,,,,,"The text states that financial transaction data is shared without consent, which violates the DPDP Act's principles of consent.",
A,,1,TC090,Response Time,compliant,,compliant,,,null,,,,,The text provides a method for data access and erasure requests and states a timeframe for processing.,
A,,1,TC091,Response Time,violating,Rule 14,violating,,,Mandatory Response within Ninety Days,,,,,"The text states a response time of 180 days and the right to deny requests without reason, exceeding the DPDP Act's 90-day limit and lacking transparency.",
A,,1,TC092,Profiling / Behavioral Advertising,violating,Section 6,violating,,,Section 7,,,,,"The text states that behavioural profiles are built without users' knowledge, violating the requirement for specific and informed consent.",
A,,1,TC093,Profiling / Behavioral Advertising,compliant,,compliant,,,,,,,,"The text states that anonymised and aggregated analytics are used, and no individual profiling is performed.",
A,,1,TC094,Employee Data,violating,Section 6,violating,,,Section 6(1)(a),,,,,"The text states that employee communications are monitored without their knowledge, violating the requirement for reasonable security safeguards and transparency.",
A,,1,TC095,Employee Data,compliant,,compliant,,,,,,,,"The text describes employee monitoring limited to company property during work hours, which is a lawful purpose.",
A,,1,TC096,Edge Case Compliant,compliant,,compliant,,,,,,,,"The text states data is deleted 30 days after delivery, indicating compliance with data retention limitations.",
A,,1,TC097,Edge Case Compliant,compliant,,compliant,,,Section 6(1)(c),,,,,"The text states logging of IP address and device fingerprint for security purposes only, which aligns with the requirement for visibility on data access.",
A,,1,TC098,Edge Case Compliant,compliant,,compliant,,,,,,,,"The text states the data is deleted when the user clears their history, indicating compliance.",
A,,1,TC099,Edge Case Compliant,compliant,,compliant,,,null,,,,,The text states logs are retained for legal compliance as required by a legal framework.,
A,,1,TC100,Edge Case Compliant,compliant,,compliant,,,,,,,,The text states a lawful purpose for data processing (fraud detection) and includes human review.,
A,,1,TC101,Data Minimisation,compliant,,compliant,,,,,,,,The text describes a company implementing a 'privacy by design' process and conducting a Data Privacy Impact Assessment.,
A,,1,TC102,Data Minimisation,violating,Section 8,violating,,,Section 12,,,,,"The deployment of the HR analytics tool lacks a privacy impact assessment and review of data collection, violating Section 12's requirement for such assessments.",
A,,1,TC103,Data Sharing / Disclosure,compliant,,compliant,,,,,,,,The text describes contractual requirements for vendors to meet data protection obligations.,
A,,1,TC104,Data Sharing / Disclosure,violating,Section 8,violating,,,Section 5(4),,,,,The company has not implemented appropriate technical and organisational measures to ensure effective observance of the Act.,
A,,1,TC105,Breach Notification,compliant,,compliant,,,,,,,,"The text describes a process for handling data privacy incidents, which aligns with responsible data handling practices.",
A,,1,TC106,Breach Notification,violating,Rule 7,violating,,,Section 12(1)(b),,,,,"The IT team failed to notify the Board within 72 hours of becoming aware of a data breach, contrary to the DPDP Act.",
A,,1,TC107,Data Principal Rights,compliant,,compliant,,,,,,,,The text states compliance with data privacy laws regarding data subject rights requests.,
A,,1,TC108,Data Principal Rights,violating,Section 12,violating,,,Mandatory Response within Ninety Days,,,,,The company failed to respond to a customer's data correction request within the required 90 days.,
A,,1,TC109,Governance / Accountability,compliant,,compliant,,,,,,,,"The text describes independent audits and oversight mechanisms, which are protective measures.",
A,,1,TC110,Governance / Accountability,violating,Section 8,violating,,,Section 6,,,,,"The company lacks reasonable security safeguards, including appropriate data security measures and access controls, as required by Section 6.",
A,,1,TC111,Breach Notification,compliant,,compliant,,,,,,,,"The text describes a breach notification process, not a violation.",
A,,1,TC112,Governance / Accountability,violating,Section 8,violating,,,Section 12(1),,,,,"The text states that employees handling PII receive no mandatory data privacy training, violating the requirement for organizations to provide training on data protection obligations.",
A,,1,TC113,Consent,compliant,,compliant,,,Section 6(1),,,,,"The text states HMD relies on consent as a legal ground only when obtained through a clear affirmative action, aligning with Section 6(1) of the DPDPA.",
A,,1,TC114,Consent,violating,Section 6,violating,,,Section 7,,,,,"The device manufacturer is implying consent through continued use of a pre-installed app, which is not valid consent under Section 7.",
A,,1,TC115,Grievance Redressal,violating,Section 13,violating,,,Section 10,,,,,"The company lacks a designated Grievance Officer and a published contact channel for privacy complaints, as mandated by Section 10.",
A,,1,TC116,Grievance Redressal,compliant,,compliant,,,,,,,,"The text states a commitment to responding to grievances within a month, aligning with DPDPA requirements.",
A,,1,TC117,Children's Data,compliant,,compliant,,,Section 11,,,,,HMD states it obtains verifiable consent from parents or guardians for children's data and does not engage in tracking or targeted advertising.,
A,,1,TC118,Children's Data,violating,Section 9,violating,,,Section 3(3),,,,,The app undertakes targeted advertising directed at a child without parental consent.,
A,,1,TC119,Consent,compliant,,violating,,,Section 11,,,,,"The text states a requirement for verifiable consent from a guardian for individuals with disabilities, aligning with Section 11.",
A,,1,TC120,Consent,violating,Section 6,violating,,,Section 7,,,,,"The newsletter sign-up form uses a pre-ticked checkbox for data sharing, which is not explicit consent as per Section 7.",
A,,1,TC121,Data Minimisation,compliant,,compliant,,,,,,,,"The text states the purpose of data collection for site access and security, fulfilling the requirement of transparency.",
A,,1,TC122,Data Minimisation,violating,Section 4,violating,,,Section 3(i),,,,,"The text states that Aadhaar, PAN, driving licence, and vehicle insurance details are required to register for a one-time event, which is not explicitly stated as necessary for a short facility visit.",
A,,1,TC123,Breach Notification,compliant,,compliant,,,,,,,,"The text describes a plan to report breaches to Data Principals and the Data Protection Board, which aligns with legal requirements.",
A,,1,TC124,Breach Notification,violating,Rule 7,violating,,,Section 10(2),,,,,The text states a data breach occurred but the organization decided not to inform affected individuals or log it as required.,
A,,1,TC125,Data Retention,compliant,,compliant,,,,,,,,The text states data is deleted after a limited period and compliance with law.,
A,,1,TC126,Data Retention,violating,Section 8,violating,,,null,,,,,"The text states data is kept for eight years after the recruitment process ended with no legal basis cited, indicating potential unlawful retention.",
A,,1,TC127,Data Principal Rights,compliant,,compliant,,,Section 9,,,,,"The DPO acknowledged the request and promised a response within 30 days, adhering to the Data Fiduciary's obligation to address requests promptly.",
A,,1,TC128,Data Principal Rights,violating,Section 12,violating,,,Section 12(2),,,,,"The company explicitly refuses to process correction requests for personal data, violating the Data Fiduciary's obligation to correct inaccurate data.",
A,,1,TC129,Grievance Redressal,compliant,,compliant,,,,,,,,"The text describes a grievance escalation process, not a violation of the DPDP Act.",
A,,1,TC130,Grievance Redressal,violating,Section 13,violating,,,Section 10(1),,,,,The company lacks a defined grievance process as required by Section 10(1) of the DPDP Act.,
A,,1,TC131,Consent,compliant,,compliant,,,null,,,,,The text states that consent for data collection is separate from the general consent to the Privacy Notice.,
A,,1,TC132,Consent,violating,Section 6,violating,,,Section 7,,,,,The text states that browsing the website constitutes consent for collecting sensitive personal data without a separate consent step.,
A,,1,TC133,Breach Notification,compliant,,compliant,,,,,,,,"The text states Dabur will notify affected users in case of a breach, aligning with responsible data handling practices.",
A,,1,TC134,Breach Notification,violating,Rule 7,violating,,,Section 10(2)(a),,,,,The text states that a data breach occurred but no notification was sent to the Data Protection Board within 72 hours.,
A,,1,TC135,Data Retention,compliant,,compliant,,,,,,,,"Dabur states it deletes data when no longer needed, except when required by law, aligning with DPDP principles.",
A,,1,TC136,Data Retention,violating,Section 8,violating,,,null,,,,,"The text states that behavioral profiles are actively used without periodic review, deletion, or anonymisation, indicating a potential violation of data retention principles.",
A,,1,TC137,Data Principal Rights,compliant,,compliant,,,Section 12(2),,,,,The text describes a Data Fiduciary processing a user's request for data access and correction.,
A,,1,TC138,Data Principal Rights,violating,Section 12,violating,,,Section 8,,,,,"Dabur states deletion requests are not accepted and all profiling data is kept permanently, contradicting the requirement to erase data upon request.",
A,,1,TC139,Grievance Redressal,compliant,,compliant,,,,,,,,The text states complaints are addressed without undue delay following due process as required by law.,
A,,1,TC140,Grievance Redressal,violating,Section 13,violating,,,Section 9,,,,,Dabur does not have a designated contact or process for handling privacy grievances as required by Section 9.,
A,,1,TC141,Consent,compliant,,compliant,,,null,,,,,The text describes a process for obtaining informed consent before data processing.,
A,,1,TC142,Consent,violating,Section 6,violating,,,Section 7,,,,,The text states consent is implied by continued use and does not specify how the Data Principal can withdraw consent.,
A,,1,TC143,Breach Notification,compliant,,compliant,,,Section 10(2),,,,,The text describes reporting a breach to CERT-In and notifying affected users within the required timeframe.,
A,,1,TC144,Breach Notification,violating,Rule 7,violating,,,Section 10(2)(a),,,,,The text states the Data Fiduciary is delaying notification of a breach to CERT-In and the Data Protection Board for over 72 hours.,
A,,1,TC145,Data Retention,compliant,,compliant,,,,,,,,"The text states data is purged after the session ends, except for brief retention for fraud detection, a lawful purpose.",
A,,1,TC146,Data Retention,violating,Section 8,violating,,,Section 9,,,,,"The text states that chat logs, including personal data, are kept indefinitely, violating the requirement to erase data after one year unless required by law.",
A,,1,TC147,Data Principal Rights,compliant,,compliant,,,,,,,,"The text describes a process for data access requests, which is compliant.",
A,,1,TC148,Data Principal Rights,violating,Section 12,violating,,,Section 9,,,,,"PEGS states it does not process erasure requests and will retain data forever, disregarding applicable law.",
A,,1,TC149,Children's Data,compliant,,compliant,,,null,,,,,The text describes age confirmation measures compliant with the DPDP Act.,
A,,1,TC150,Grievance Redressal,compliant,,compliant,,,Section 30,,,,,"The text describes a grievance redressal system, outlining escalation paths for unsatisfied Data Principals.",
A,,1,TC151,Grievance Redressal,violating,Section 13,violating,,,Section 10,,,,,"PEGS lacks a designated Grievance Officer and a published process for complaints, violating Section 10's requirement for accessible grievance redressal.",
A,,1,TC152,Consent,compliant,,compliant,,,null,,,,,The text describes FinEdge providing transparency about data usage and consent mechanisms.,
A,,1,TC153,Consent,violating,Section 6,violating,,,Section 7,,,,,"The text describes a 'master consent' that is non-negotiable, potentially violating the principle of granular consent.",
A,,1,TC154,Sensitive Data,compliant,,compliant,,,null,,,,,The text states data is only used for KYC verification and not cross-selling without consent.,
A,,1,TC155,Data Retention,violating,Section 8,violating,,,,,,,,"FinEdge retains data indefinitely, exceeding the retention period required by financial regulations.",
A,,1,TC156,Breach Notification,compliant,,compliant,,,null,,,,,The text states compliance with legal timelines for breach notification.,
A,,1,TC157,Data Principal Rights,violating,Section 12,violating,,,Mandatory Response within Ninety Days,,,,,"The Data Fiduciary ignored the customer's request for correction for four months, exceeding the ninety-day response limit.",
A,,1,TC158,Sensitive Data,compliant,,compliant,,,,,,,,The text states that data is only shared with explicit consent and through a secure portal.,
A,,1,TC159,Consent,violating,Section 6,violating,,,Section 6(1),,,,,MedCare shares patient data for a purpose (targeted drug promotions) without obtaining consent from the patients.,
A,,1,TC160,Breach Notification,violating,Rule 7,violating,,,Section 7(1),,,,,The Data Fiduciary failed to inform affected Data Principals of the breach within a reasonable time frame as required by Section 7(1).,
A,,1,TC161,Children's Data,compliant,,compliant,,,null,,,,,"The text states verifiable consent is required from a parent or guardian for minors, aligning with DPDP guidelines.",
A,,1,TC162,Data Retention,compliant,,compliant,,,,,,,,"The text states data is purged after mandated retention periods, aligning with legal requirements.",
A,,1,TC163,Grievance Redressal,violating,Section 13,violating,,,Section 8(2),,,,,"The text states patients have no way to file a complaint, violating the requirement for a grievance redressal mechanism.",
A,,1,TC164,Data Minimisation,compliant,,compliant,,,,,,,,The text describes data collection limited to fulfilling an order.,
A,,1,TC165,Data Minimisation,violating,Section 4,violating,,,Section 6(1),,,,,"ShopSphere collects data (date of birth, gender, income, marital status) that is not necessary for fulfilling the order, violating the requirement for consent to be limited to data necessary for the specified purpose.",
A,,1,TC166,Profiling / Behavioral Advertising,violating,Section 6,violating,,,Section 7,,,,,ShopSphere collects and uses personal data for personalized ads without providing users with the ability to opt out or access the data used.,
A,,1,TC167,Data Sharing / Disclosure,compliant,,compliant,,,,,,,,The text states the data is only shared with a logistics partner for a specific purpose and that partner is contractually restricted from other uses.,
A,,1,TC168,Data Principal Rights,compliant,,compliant,,,,,,,,"The text describes a customer's ability to control their data, which aligns with DPDP principles.",
A,,1,TC169,Cross-Border Transfer,violating,Section 16,violating,,,Section 15,,,,,"The text states data is transferred to an overseas partner without assessing their data protection standards, violating Section 15's requirement for compliance with Central Government orders.",
A,,1,TC170,Children's Data,compliant,,compliant,,,Section 11,,,,,"EduLearn requires verifiable consent from a parent or school administrator before processing student data, aligning with Section 11.",
A,,1,TC171,Children's Data,violating,Section 9,violating,,,Section 4,,,,,"EduLearn collects students' location and device usage patterns for targeted advertising without parental consent, violating the requirement for consent in Section 4.",
A,,1,TC172,Consent,compliant,,compliant,,,null,,,,,The text describes EduLearn obtaining explicit opt-in consent from students and parents before video recording.,
A,,1,TC173,Data Retention,violating,Section 8,violating,,,,,,,,"EduLearn stores data indefinitely, contradicting the requirement to erase data after a specified period.",
A,,1,TC174,Grievance Redressal,compliant,,compliant,,,Section 9,,,,,EduLearn provides a contact point for data privacy grievances and commits to a response time.,
A,,1,TC175,Data Minimisation,violating,Section 4,violating,,,Section 6(1),,,,,"TravelWise requests access to contacts and call logs, which are not necessary for browsing flight prices, exceeding the scope of consent required.",
A,,1,TC176,Consent,compliant,,compliant,,,,,,,,The text describes a clear opt-in process for sharing sensitive data.,
A,,1,TC177,Breach Notification,compliant,,compliant,,,null,,,,,The text describes TravelWise taking appropriate actions after a data breach.,
A,,1,TC178,Cross-Border Transfer,compliant,,compliant,,,,,,,,The text states data sharing is done under agreements with equivalent safeguards.,
A,,1,TC179,Data Principal Rights,violating,Section 11,violating,,,Right to access information about personal data,,,,,"The organization refused to disclose which third parties received the customer's passport data, violating their right to access this information.",
A,,1,TC180,Data Minimisation,compliant,,compliant,,,,,,,,The text states the data collected is limited to what is needed for enrollment in a supply program.,
A,,1,TC181,Consent,violating,Section 6,violating,,,null,,,,,"The text states that farmers are enrolled into a data-sharing scheme by default with no option to decline, indicating a lack of explicit consent.",
A,,1,TC182,Data Retention,compliant,,compliant,,,,,,,,The text states data retention is limited to the supply relationship and legal requirements.,
A,,1,TC183,Grievance Redressal,violating,Section 13,violating,,,Section 7,,,,,GreenAgro fails to provide contact information for complaint filing as mandated by Section 7.,
A,,1,TC184,Data Minimisation,compliant,,compliant,,,,,,,,"The text states the data collected is used for specific, legitimate purposes.",
A,,1,TC185,Profiling / Behavioral Advertising,violating,Section 6,violating,,,Section 7,,,,,CityCab tracks riders' locations without consent and sells the data to third parties.,
A,,1,TC186,Breach Notification,violating,Rule 7,violating,,,Protection During Personal Data Breaches,,,,,CityCab did not inform affected riders or the Data Protection Board about the data breach within a timely manner.,
A,,1,TC187,Data Principal Rights,compliant,,compliant,,,null,,,,,"The text describes a process for riders to access their data, which aligns with the right to access personal data.",
A,,1,TC188,Consent,compliant,,compliant,,,null,,,,,The text describes explicit consent being sought for a specific purpose.,
A,,1,TC189,Data Sharing / Disclosure,violating,Section 8,violating,,,Section 7,,,,,StreamFlix shares subscriber data with third parties for resale without a contract governing their use of the data.,
A,,1,TC190,Children's Data,compliant,,compliant,,,Section 9(3),,,,,"The text states StreamFlix avoids targeted advertising to children, complying with Section 9(3).",
A,,1,TC191,Grievance Redressal,compliant,,compliant,,,,,,,,"The text describes a process for escalating privacy complaints, not a violation.",
A,,1,TC192,Data Minimisation,violating,Section 4,violating,,,null,,,,,"The camera records and stores data beyond what is needed for the stated purpose, potentially violating the principle of data minimization.",
A,,1,TC193,Breach Notification,compliant,,compliant,,,null,,,,,"The text describes HomeSecure's plan to notify affected customers and report to the Data Protection Board, which aligns with regulatory requirements.",
A,,1,TC194,Consent,violating,Section 6,violating,,,Section 9,,,,,HomeSecure collects camera footage without obtaining verifiable consent from the customer.,
A,,1,TC195,Data Principal Rights,compliant,,compliant,,,,,,,,The text states data deletion is possible within 30 days upon customer request.,
A,,1,TC196,Data Minimisation,compliant,,compliant,,,,,,,,The text states data collection is for identity verification and payout processing under applicable regulations.,
A,,1,TC197,Data Sharing / Disclosure,violating,Section 8,violating,,,Section 7,,,,,"QuickBite shares personal data without consent, as delivery partners are not informed.",
A,,1,TC198,Governance / Accountability,compliant,,compliant,,,Section 2(1)(b),,,,,"The text states QuickBite conducts periodic data privacy audits, which is a requirement for Significant Data Fiduciaries.",
A,,1,TC199,Data Principal Rights,violating,Section 11,violating,,,Section 12(1)(h),,,,,"The Data Fiduciary denied the Data Principal's request to access their personal data, violating the requirement for Data Fiduciaries to provide mechanisms for Data Principals to exercise their rights.",
A,,1,TC200,Consent,compliant,,compliant,,,null,,,,,The text describes explicit permission being sought and the purpose of data use.,
BC,0.5,1,TC001,Consent,violating,Section 6,,violating,violating,Section 7,Section 7,8,False,"By completing this form, you acknowledge your acceptance of the Privacy and Usage Terms and permit us to collaborate with our marketing partners to share aggregated usage data.",The text states data will be shared with marketing partners without specifying the purpose or obtaining explicit consent.,"The text lacks specific details about the purpose of data sharing and whether explicit consent was obtained, potentially violating Section 7's requirement for specific and informed consent."
BC,0.5,1,TC002,Consent,violating,Section 6,,violating,violating,Section 7,Section 7,9,False,"Your purchase history may be processed for targeted advertising purposes, aligned with our broader business objectives and compliance with relevant data processing frameworks.",The text states data processing for targeted advertising without specifying the 'specific purpose or purposes' and 'specific description of the goods or services' as required by Section 7.,The text lacks the specific purpose and description of goods or services required by Section 7 for consent to be valid.
BC,0.5,1,TC003,Consent,violating,Section 6,,violating,violating,null,Section 11,9,False,Your ongoing engagement with this application is deemed to imply consent to all specified data management practices outlined in our comprehensive Terms and Conditions document.,"The text claims consent is implied by continued use, which is not compliant with the DPDP Act's requirement for explicit consent.","This implies consent based on continued use rather than explicit, informed consent as required by the DPDP Act."
BC,0.5,1,TC004,Consent,violating,Section 6,,violating,compliant,null,Section 6(5),7,False,"Personal data may be disclosed to third parties following account creation, subject to withdrawal of consent within 24 hours of registration.","The text allows for data disclosure to third parties contingent on consent withdrawal, which is not compliant with the DPDP Act's emphasis on explicit and informed consent.","While the text allows for data disclosure contingent on consent withdrawal, it also specifies a 24-hour window for withdrawal, potentially meeting the requirement for informed consent."
BC,0.5,1,TC005,Consent,violating,Section 6,,violating,violating,Section 7,Section 6,9,False,"By downloading our app, users are provided with the option to consent to the sharing of their location data with our advertising partners for enhanced service personalization.",The text states users consent to data sharing without explicitly detailing the 'specified purpose or purposes' of the processing.,"The text lacks a detailed description of the 'specified purpose or purposes' of processing location data, as required by Section 6(1)(ii) of the DPDP Act 2023."
BC,0.5,1,TC006,Consent,compliant,,,compliant,compliant,,Section 6(4),8,False,"We retain your email address for the purpose of facilitating communication related to your account, including, but not limited to, order confirmations. Should you wish to manage your communication preferences, please adjust your settings through your account dashboard.",The text states the purpose of data retention and provides a mechanism for users to manage their preferences.,"This practice appears to align with the DPDP's principles of transparency and user control over their data, as it clearly states the purpose of data retention and provides a mechanism for users to adjust their preferences."
BC,0.5,1,TC007,Consent,compliant,,,compliant,compliant,Section 3(b),Section 3(b),9,False,"Prior to the collection of any personal data, we will provide a comprehensive notice detailing the specific data points collected, the rationale for collection, and the mechanisms available for consent withdrawal, should they change.",The text states a comprehensive notice will be provided detailing the rationale for data collection and consent withdrawal mechanisms.,This practice aligns with Section 3(b) of the DPDP Rules 2025 by ensuring a clear and plain language notice providing details necessary for informed consent.
BC,0.5,1,TC008,Consent,compliant,,,violating,violating,Section 4(4),Section 4(4),8,False,You have the option to revoke your consent for promotional communications at any time through the unsubscribe process. The revocation is subject to our standard processing timeline.,The text states consent can be revoked but does not guarantee the ease of revocation matches the ease of giving consent.,"While the text mentions the ability to revoke consent, it doesn't explicitly guarantee the ease of revocation matches the ease of giving consent as required by Section 4(4)."
BC,0.5,1,TC009,Data Minimisation,violating,Section 4,,violating,violating,Section 11,Section 11,8,False,"To register for our online chess tournament, participants are requested to share their full name, contact email address, and the relevant demographic information, including their mother's maiden name for verification purposes. The exact GPS location and blood group details will be collected for administrative and security reference.",The text requests 'exact GPS location' and 'blood group details' without specifying a lawful purpose for processing this sensitive information.,"The text requests sensitive personal data (GPS location, blood group) without a clear and legitimate purpose beyond vague 'administrative and security' references, potentially violating the principle of data minimization and purpose limitation."
BC,0.5,1,TC010,Data Minimisation,violating,Section 4,,violating,violating,Section 6(1),Section 6(1),9,False,"To utilize our standard calculator application, it may be necessary for us to request access to your device's audio functionality and contact information. Should you choose not to provide this consent, continued access to the application may be restricted.","The text states consent is required for continued application access, implying consent is a condition for service.",Requiring consent for app functionality as a condition of service use violates Section 6(1) by making consent not freely given.
BC,0.5,1,TC011,Data Minimisation,violating,Section 4,,violating,violating,Section 4,Section 4,9,False,"Your real-time location is passively monitored by our food delivery application, both when the application is open and in the background.","The app passively monitors a user's real-time location in the background, exceeding the scope of 'tracking' for safety and protection as outlined in Section 4.",Passive location monitoring in the background exceeds the 'tracking' purpose for safety and protection outlined in Section 4.
BC,0.5,1,TC012,Data Minimisation,violating,Section 4,,violating,compliant,Section 7,,6,False,"To establish a library membership, we may require documentation that includes personal identifiers, financial information, employment background, and marital status for verification purposes.",The text states data collection for 'employment background' and 'marital status' without specifying a lawful purpose under the DPDP Act.,"While the text mentions collecting 'employment background' and 'marital status', it does not specify how this data is used for verification purposes, which could be a legitimate purpose for library membership."
BC,0.5,1,TC013,Data Minimisation,compliant,,,compliant,violating,,Section 5,7,False,"Our mobility solution gathers essential data points, including pickup and drop-off coordinates, during operational sessions. Access to location services is managed dynamically to ensure optimal performance and security.","The text describes data collection for operational purposes, not explicitly unlawful uses.","While the text mentions 'operational purposes', it lacks clarity on the necessity of collecting these data points and the safeguards in place to protect user privacy."
BC,0.5,1,TC014,Data Minimisation,compliant,,,compliant,violating,,Section 6(1)(i) and (ii),7,False,"We may gather certain details, including your name and email address, for account creation purposes. Additional personal information may be requested in the future to enhance your experience.","The text states data collection for account creation and experience enhancement, which are lawful purposes.","While the stated purposes are generally lawful, the text lacks specifics about the nature of the 'additional personal information' and how it will be used, potentially violating the requirement for specific and informed consent under Section 6(1)(i) and (ii)."
BC,0.5,1,TC015,Sensitive Data,violating,Section 4,,violating,violating,Section 7,Section 7,9,False,Please provide your Aadhaar credential and consent to biometric verification for premises access.,The text requests Aadhaar credential and biometric verification for premises access without specifying the purpose of data collection.,"The text lacks a clear and specific purpose for data collection, potentially violating the requirement for transparency and informed consent under Section 7."
BC,0.5,1,TC016,Sensitive Data,violating,Section 4,,violating,violating,Section 7(1)(i),Section 6(1)(i),8,False,Facial recognition data is collected to enhance personalisation and product recommendations for our esteemed customers.,The text lacks an itemized description of the facial recognition data being collected.,"The text lacks a specific description of the facial recognition data collected and its purpose, potentially violating Section 6(1)(i) which mandates an itemized description of personal data and its purpose."
BC,0.5,1,TC017,Sensitive Data,violating,Section 6,,violating,violating,null,Section 6(1),8,False,Fingerprint data collected for attendance purposes may also be shared with our corporate affiliates for enhanced identity verification services.,"The text states that fingerprint data will be shared with corporate affiliates for a purpose beyond attendance tracking, which may not be explicitly consented to.","Sharing fingerprint data for a purpose beyond attendance tracking without explicit consent may violate Section 6(1) of the DPDP Act, which requires lawful basis for processing personal data."
BC,0.5,1,TC018,Consent Withdrawal,violating,Rule 3,,violating,violating,Section 3(4),Section 3(4),9,False,"Withdrawal of consent for data processing may be effected by mailing a physical, notarized letter to our corporate office. The processing review period will be conducted within ninety days of receipt.","The text states withdrawal of consent must be done by a physical, notarized letter, which is not comparable to the ease of giving consent.","Requiring a notarized letter for consent withdrawal is likely not comparable to the ease of giving consent, potentially violating Section 3(4)."
BC,0.5,1,TC019,Consent Withdrawal,violating,Rule 3,,violating,violating,Section 3(4),Section 3(4),9,False,"To request withdrawal from data processing activities, individuals are required to engage with our dedicated verification team between 09:00 and 11:00 on Tuesdays exclusively, and successfully complete the specified verification procedure.","The text restricts withdrawal of consent to specific hours and days, making it not as easy as providing consent.","This restriction on the time and day for withdrawing consent makes it less easy than providing consent, violating Section 3(4)."
BC,0.5,1,TC020,Consent Withdrawal,violating,Rule 3,,violating,violating,Section 3(i),Section 3(i),10,False,A fee of Rs. 500 may be invoiced to facilitate the processing of your consent withdrawal request.,"The text states a fee is charged for withdrawing consent, violating the requirement for withdrawal to be as easy as providing consent.","Charging a fee for withdrawing consent makes it more difficult than providing consent, violating Section 3(i) which mandates ease of withdrawal comparable to consent provision."
BC,0.5,1,TC021,Consent Withdrawal,compliant,,,compliant,violating,Section 4(4),Section 4(4),7,False,The option to revoke consent is available within the application's administrative preferences section. Please note that the deactivation process may require a series of confirmations and is designed to ensure a comprehensive review of the request.,"The text states the revocation process requires confirmations and a comprehensive review, aligning with the ease of withdrawal requirement.","While the text mentions a review process, it doesn't explicitly state that it's more difficult than giving consent, potentially violating Section 4(4)."
BC,0.5,1,TC022,Data Retention,violating,Section 8,,violating,violating,null,Section 6(3),9,False,"We may continue to retain your personal data for an indefinite period on our servers to enhance the development and refinement of our artificial intelligence models, following your account deletion.","The text states indefinite data retention after account deletion, contradicting the requirement for erasure upon completion of purpose.",This indefinite retention after purpose completion contradicts the requirement to erase data unless further retention is legally required.
BC,0.5,1,TC023,Data Retention,violating,Section 8,,compliant,violating,,Rule 3(3),7,False,User data will continue to be maintained for an extended period to support comprehensive historical analysis and enhance product development initiatives.,The text states a purpose for data retention: historical analysis and product development.,"While a purpose is stated, the text lacks specifics on the duration of retention and whether it aligns with the minimum retention periods outlined in the DPDP Rules."
BC,0.5,1,TC024,Data Retention,compliant,,,compliant,violating,,Rule 9,7,False,"We maintain your transaction records in accordance with regulatory guidelines for an extended period, ensuring compliance with relevant financial management standards. Other personal data is systematically purged within the stipulated timeframe post-account termination.","The text states data is purged within a timeframe after account termination, implying compliance.","While the text mentions purging data, it doesn't specify a timeframe or if it aligns with the DPDP's one-year minimum retention requirement for certain purposes."
BC,0.5,1,TC025,Data Retention,compliant,,,compliant,compliant,,,8,False,"Your personal delivery address and contact information will be processed and subsequently managed in accordance with our standard data lifecycle policies, which include periodic review and deletion. You will be notified prior to any such actions being taken.",The text states data will be deleted periodically and the user will be notified.,"The text describes a lawful data lifecycle management process with user notification, aligning with the principles of transparency and data minimization."
BC,0.5,1,TC026,Security,violating,Rule 6,,violating,violating,null,null,10,False,We maintain user password and credit card detail records in a clear-text formatted document for the facilitation of expedient assistance to our customer support team.,Storing passwords and credit card details in clear text is a security risk and violates best practices for data protection.,Storing sensitive personal data like passwords and credit card details in clear text poses a significant security risk and violates the principle of data security under the DPDP Act.
BC,0.5,1,TC027,Security,violating,Rule 6,,compliant,violating,,Section 6,7,False,"Access to the database housing 2 million user records is provided through an API endpoint for the facilitation of developer convenience, ensuring secure and controlled data interaction.",The text describes secure and controlled data interaction through an API endpoint.,"While the text mentions 'secure and controlled' access, it lacks specifics on the security measures employed, leaving room for potential violation of Section 6 regarding reasonable security safeguards."
BC,0.5,1,TC028,Security,compliant,,,compliant,compliant,Section 6,Section 6,9,False,"We employ robust encryption methodologies for personal data both at rest and in transit, ensuring comprehensive security measures are in place. Access to such data is strictly controlled and limited to designated personnel.","The text describes the implementation of encryption and access controls, fulfilling the requirements of Section 6.","The text describes security measures consistent with the requirements of Section 6, which mandates reasonable security safeguards."
BC,0.5,1,TC029,Security,compliant,,,compliant,compliant,Section 6,Section 6,9,False,"All personal data is securely managed on infrastructure deemed compliant by external audits, featuring role-based access controls and ongoing monitoring to ensure data integrity and availability.","The text describes security measures like role-based access controls and monitoring, fulfilling the requirements of Section 6.",The text describes security measures consistent with Section 6's requirements for protecting personal data.
BC,0.5,1,TC030,Breach Notification,violating,Rule 7,,compliant,violating,,Section 6,6,False,"Internal Communication: Following an incident yesterday, we have identified potential data access anomalies affecting a subset of user records. To ensure a thorough resolution, we are implementing a comprehensive review process. Notification protocols are being evaluated to align with our standard operating procedures.","The text describes an incident response process, not unlawful data handling.","While the text describes an incident response, it doesn't explicitly state how personal data is being handled, leaving room for potential violations during the review process."
BC,0.5,1,TC031,Breach Notification,violating,Rule 7,,compliant,violating,,Section 12(1),7,False,We identified a potential discrepancy 6 days ago and are currently in the process of evaluating its potential implications before making a determination regarding user notification.,The text describes an ongoing investigation and does not explicitly violate any DPDP Act provisions.,"While the text doesn't explicitly violate any DPDP provisions, the delay in notifying users about a potential data breach could be problematic under Section 12(1) which mandates prompt notification."
BC,0.5,1,TC032,Breach Notification,compliant,,,compliant,compliant,Protection During Personal Data Breaches,Protection During Personal Data Breaches,9,False,"We encountered an incident that potentially impacted user data, including email addresses. We promptly reported this matter to the Data Protection Authority within the stipulated timeframe and are in the process of communicating with affected parties.",The text states they reported the breach to the Data Protection Authority and are communicating with affected parties.,"The text describes timely reporting to the authority and communication with affected parties, fulfilling the requirements of the DPDP Rules regarding breach notification."
BC,0.5,1,TC033,Grievance Redressal,violating,Rule 9,,violating,violating,null,null,7,False,"If concerns regarding privacy arise, they should be shared through our designated feedback portal. Please note, we do not currently have a specific mechanism in place for direct privacy complaints.","The text states there is no specific mechanism for direct privacy complaints, which contradicts the DPDP's emphasis on clear complaint channels.","While the text doesn't explicitly violate a specific section, it raises concerns about accessibility to complaint channels as mandated by the DPDP framework."
BC,0.5,1,TC034,Grievance Redressal,violating,Rule 9,,violating,violating,Section 9,Section 9,8,False,"Data protection inquiries must be received through authorized channels, which include fax submissions only. Unauthorized digital communications for privacy concerns will not be processed.","The text restricts data protection inquiries to fax submissions only, potentially hindering access for Data Principals.","Restricting data protection inquiries to fax submissions only may hinder timely and accessible communication for Data Principals, potentially violating their right to access information about their personal data."
BC,0.5,1,TC035,Grievance Redressal,compliant,,,compliant,compliant,,,8,False,"Our Designated Data Protection Authority contact point is available at dpa@ourorganisation.com. We assure the prompt acknowledgment of all concerns within the stipulated timeframe, followed by comprehensive resolution processes.",The text only provides contact information and assurances regarding concern resolution.,"This statement describes a process for handling data principal concerns, which is a positive step towards compliance, but does not reveal any specific data processing practices."
BC,0.5,1,TC036,Grievance Redressal,compliant,,,compliant,compliant,,Rule 4(4),7,False,Engage our Data Protection Ombudsman through grievance@company.in or 1800-XXX-XXXX. Compliance with legal mandates for addressing data protection concerns is ensured within the stipulated timeframe.,The text states contact information for grievances and claims compliance with legal mandates.,"While the text mentions compliance, it doesn't specify how grievances are addressed within the 90-day timeframe mandated by the DPDP Rules."
BC,0.5,1,TC037,Data Principal Rights,violating,Section 14,,violating,compliant,Section 12(2),Section 12(2),7,False,"User Request: There appears to be an inconsistency with my recorded surname. System Response: Following our standard procedures, we are unable to make changes to existing records. Your request for data modification is being reviewed in accordance with our policies.","The system states it will review the request according to its policies, not explicitly stating it will correct the inaccurate data as required by the section.","While the system doesn't explicitly state it will correct the data, it indicates a review process which could lead to the correction as required by Section 12(2)."
BC,0.5,1,TC038,Data Principal Rights,violating,Section 14,,compliant,violating,,Section 6,7,False,"Personal data access requests are managed through our proprietary systems, which are designed to ensure data integrity and security, thereby preventing the extraction or export of user information.",The text describes security measures taken to protect user data.,"While the text mentions security measures, it doesn't explicitly state how access requests are handled in line with data principal rights (Section 6)."
BC,0.5,1,TC039,Data Principal Rights,compliant,,,compliant,compliant,,Section 9,7,False,Requests for access to or deletion of personal data will be managed in accordance with the prescribed timelines as outlined by the DPDP Act. Please utilize the account management portal to submit such requests.,The text states compliance with DPDP Act timelines for data access and deletion requests.,"While stating compliance is a good start, it doesn't guarantee adherence to the Act's specifics, such as the 90-day response limit."
BC,0.5,1,TC040,Data Principal Rights,compliant,,,compliant,violating,null,Section 9,9,False,"The organization reserves the right to provide access to your personal data upon request through the designated Privacy module within your account. The timeline for processing erasure requests is generally within a standard timeframe, which is currently set at 30 days from the receipt of the request.","The text states a timeframe for erasure requests, aligning with the DPDP Act's requirement for a response within 90 days.","While the organization states a timeframe for erasure requests, it is shorter than the DPDP Act's mandated 90 days."
BC,0.5,1,TC041,Children's Data,violating,Section 9,,violating,violating,Section 10(1),Section 10(1),8,False,Is it confirmed that the individual is accompanied by a parent or guardian? Please proceed by clicking 'Yes' to acknowledge the necessary consent for account creation and location sharing within the platform.,The text requests confirmation of parental consent but does not specify how the consent was obtained.,"While the text requests confirmation of parental consent, it does not specify how the consent was obtained, leaving room for potential non-compliant practices."
BC,0.5,1,TC042,Children's Data,violating,Section 9,,violating,violating,Section 7,Section 7,8,False,"Based on the engagement observed within the Kids Math Games segment, these toy advertisements have been tailored to align with your interests.","The text states that advertisements are tailored to a child's interests based on their engagement, suggesting processing of personal data beyond what is necessary for stated purposes.","This practice could potentially process personal data beyond what is necessary for the stated purpose of the Kids Math Games segment, raising concerns under Section 7 of the DPDP Act."
BC,0.5,1,TC043,Children's Data,violating,Rule 10,,violating,compliant,Section 11,,7,False,"Given that the individual is below the age of 18, it is necessary to obtain authorization from a parent or guardian for this account. Kindly provide the email address associated with the guardian's DigiLocker account, so that we may proceed with the verification process.","The text requests a DigiLocker email address for verification of a parent's identity, implying consent is obtained through this platform.","While the text mentions DigiLocker, it doesn't explicitly state consent is obtained through the platform, leaving room for other verification methods."
BC,0.5,1,TC044,Children's Data,violating,Section 9,,compliant,violating,,Section 9(1),8,False,We provide anonymized insights derived from user interactions to partnering organizations engaged in educational technology for the purpose of enhancing product development initiatives.,"The text states anonymized insights are provided, suggesting data is not directly shared.","While anonymized, the text implies processing of user interactions for a purpose beyond the user's initial consent, potentially violating Section 9(1) regarding purpose limitation."
BC,0.5,1,TC045,Children's Data,compliant,,,compliant,compliant,Section 11,Section 11,10,False,"For users below the age of 18, we ensure the acquisition of verifiable consent from a parent or guardian through our integrated DigiLocker verification system prior to account establishment and data processing.",The text states verifiable consent is obtained from a parent or guardian through DigiLocker before processing data.,"This practice aligns with Section 11 of the DPDP Rules 2025, which mandates verifiable consent from a parent or guardian for processing a child's personal data."
BC,0.5,1,TC046,Children's Data,compliant,,,compliant,violating,null,Section 8,7,False,Our organization ensures that no advertisements are served to users below the age of 18. Data related to minors is exclusively utilized for enhancing educational service delivery.,"The text states data related to minors is used for educational purposes, a lawful purpose.","While the stated purpose is educational, the text lacks detail on how consent is obtained and if processing is restricted to what's necessary, potentially violating Section 8(1) and (2) regarding child data."
BC,0.5,1,TC047,Cross-Border Transfer,violating,Section 15,,violating,violating,Section 6,Section 6,9,False,"By engaging this service, individuals are deemed to have tacitly agreed to the handling and retention of their personal information within the facilities of [Corporate Entity Y], located in [Country X], which is recognized and regulated by the relevant authorities.","The text states tacit consent, which is not explicitly allowed under Section 6.","Tacit consent, or consent implied by action, is not explicitly allowed under Section 6, which requires consent to be free, specific, informed, and unambiguous."
BC,0.5,1,TC048,Cross-Border Transfer,violating,Section 15,,violating,compliant,Section 15,Section 15,7,False,"User data is transferred to the servers of our parent company in a jurisdiction yet to be determined, subject to applicable legal requirements.",The text states user data is transferred outside India without specifying the requirements set by the Central Government.,"The text states transfer is subject to requirements set by the Central Government, as per Section 15."
BC,0.5,1,TC049,Cross-Border Transfer,compliant,,,compliant,compliant,,Section 15,10,False,All personal data is maintained in data centers situated within the jurisdiction of India. There is no transfer of personal data outside the boundaries of India.,The text states that all personal data is maintained within India and there is no transfer outside the country.,"This practice aligns with Section 15 of the DPDP Act, which regulates the transfer of personal data outside India."
BC,0.5,1,TC050,Cross-Border Transfer,compliant,,,compliant,violating,Section 15,Section 15,7,False,"In accordance with our established protocols, the transfer of personal data outside India is executed solely to jurisdictions that have been vetted and approved by the appropriate governmental authorities, ensuring alignment with the relevant transfer requirements.","The text states that data transfers are made to vetted jurisdictions, aligning with the DPDP Act's requirements.","While the text mentions vetting, it doesn't specify if the vetting meets the requirements outlined in Section 15 of the DPDP Act."
BC,0.5,1,TC051,Purpose Limitation,violating,Section 6,,violating,violating,Section 6(1),Section 6(1),8,False,"Thank you for providing your phone number for enhanced security purposes. This number may also be used, with your consent, to receive occasional promotional SMS messages from our valued sponsors.","The text states the phone number may be used for promotional SMS with consent, but doesn't specify how consent will be obtained.","While the text mentions consent, it lacks specifics on how that consent will be obtained, potentially violating Section 6(1)'s requirement for clear, affirmative action."
BC,0.5,1,TC052,Purpose Limitation,violating,Section 6,,violating,violating,Section 11(2),Section 11(2),8,False,The health data provided to our fitness application may be utilized for the analysis of various factors that could influence the determination of premium rates by insurance companies.,"The text states that health data may be used to influence insurance premium rates, which could constitute an infringement of the Data Principal's rights.","While the text doesn't explicitly state how consent is obtained, using health data for insurance premium determination could be seen as exceeding the scope of consent initially given for fitness purposes and potentially infringing on the Data Principal's rights."
BC,0.5,1,TC053,Purpose Limitation,compliant,,,compliant,compliant,,Section 5(1),9,False,"The utilization of location data gathered during the delivery process is strictly confined to the facilitation of rider dispatch and the provision of real-time delivery updates. Post-delivery confirmation, this data is subject to immediate deletion.",The text states that location data is deleted after delivery confirmation.,"The text describes a limited use of location data with a clear deletion policy after the purpose is served, aligning with principles of data minimization and purpose limitation."
BC,0.5,1,TC054,Purpose Limitation,compliant,,,compliant,compliant,,Section 6(1),9,False,We leverage your email address exclusively for the purpose of dispatching order confirmations and urgent security notifications. The utilization for marketing initiatives is contingent upon your explicit and separate authorization.,"The text states email use is limited to order confirmations and security, with marketing requiring separate consent.","This practice aligns with Section 6(1) of the DPDP Act, which mandates free, specific, informed, and unambiguous consent for data processing."
BC,0.5,1,TC055,SDF Obligations,violating,Rule 13,,violating,violating,Section 11 (1),Section 11 (1),10,False,"A Data Protection Impact Assessment has not been performed within the past 24 months, although the organization is committed to conducting such assessments on an annual basis.","The organization has not performed a Data Protection Impact Assessment within the past 24 months, violating the requirement for annual assessments.","The text states a failure to perform the assessment within the specified timeframe, contradicting the legal requirement for annual assessments."
BC,0.5,1,TC056,SDF Obligations,violating,Rule 13,,violating,violating,Section 14,Section 14,9,False,Regular assessments of the personal data processing systems affecting more than 10 crore user accounts have not been conducted to ensure compliance with data principal rights.,The text states that assessments to ensure compliance with data principal rights have not been conducted.,Failing to conduct regular assessments to ensure compliance with data principal rights under Section 14(1) is a violation.
BC,0.5,1,TC057,SDF Obligations,compliant,,,compliant,violating,Section 11,Section 11,8,False,"As a Strategic Data Custodian, we undertake comprehensive Data Risk Evaluations on an annual basis, supplemented by third-party verifications. Findings are submitted to the Data Governance Oversight Committee.","The text describes a Data Risk Evaluation, not a Data Protection Impact Assessment as required by Section 11.","While the text mentions 'Data Risk Evaluations', it doesn't explicitly state compliance with the DPDP's requirement for Data Protection Impact Assessments (DPIAs) as outlined in Section 11."
BC,0.5,1,TC058,Consent Manager,violating,Rule 4,,violating,violating,Section 13,Section 13,8,False,Our Consent Manager platform is managed by an entity registered in accordance with local business practices and does not explicitly satisfy the specified jurisdictional incorporation criteria.,The platform is managed by an entity not registered in accordance with the specified jurisdictional incorporation criteria.,"While the text states the platform is managed by a registered entity, it explicitly mentions non-compliance with the specified jurisdictional incorporation criteria, potentially violating Section 13."
BC,0.5,1,TC059,Consent Manager,compliant,,,compliant,compliant,,,4,False,"The Consent Management solution leverages registered entities within the jurisdiction, ensuring alignment with data governance frameworks.","The text states the solution aligns with data governance frameworks, not that it violates them.","While the text mentions alignment with frameworks, it doesn't specify how personal data is processed, leaving open the possibility of violations."
BC,0.5,1,TC060,Lawful Processing,compliant,,,violating,violating,Section 5(1),Section 5(1),8,False,"To facilitate your employment payroll, we may need to collect your banking and personal identification details. This information will be processed in accordance with the Employment Purposes clause of the DPDP Act to ensure compliance with regulatory requirements.",The text claims compliance with the DPDP Act but does not specify the manner in which the Data Principal may exercise their rights.,"While the text mentions compliance with the DPDP Act, it lacks the specific details required by Section 5(1) regarding how the Data Principal can exercise their rights."
BC,0.5,1,TC061,Lawful Processing,compliant,,,violating,compliant,Section 15,,7,False,"We leverage your Aadhaar number for identity verification purposes, aligned with regulatory requirements.",The text mentions transferring personal data (Aadhaar number) outside India without specifying compliance with the Central Government's requirements.,"While the text mentions using Aadhaar for verification, it doesn't specify transfer outside India or lack of compliance with Central Government requirements."
BC,0.5,1,TC062,Lawful Processing,violating,Section 7,,violating,violating,null,Section 5(1),7,False,"Medical records are processed under the state health scheme in accordance with governmental directives, for which we have identified operational benefits.",The text claims operational benefits justify processing without specifying the legitimate purpose as required by the DPDP Act.,"While the text mentions 'operational benefits', it lacks a clear articulation of the legitimate purpose for processing medical records under the state health scheme, potentially violating Section 5(1) of the DPDP Act."
BC,0.5,1,TC063,Lawful Processing,violating,Section 6,,violating,violating,Section 7(1)(i),Section 7(1)(i),9,False,"We process your personal data for purposes that, while not detailed in our privacy policy, are deemed advantageous for your overall experience.","The text states data processing is for unspecified purposes deemed advantageous, lacking an itemized description as required.",This violates Section 7(1)(i) as it does not provide an itemized description of the purposes for processing personal data.
BC,0.5,1,TC064,Data Processor,violating,Rule 6,,violating,violating,Section 6(b),Section 6(b),7,False,"Security safeguards for user data are occasionally reviewed by our third-party data processor, though no formal agreement mandates such measures.","The text states that security safeguards are 'occasionally reviewed' by a third party, lacking the 'appropriate measures to control access' mandated by the DPDP Act.","While the text mentions occasional reviews, it lacks specifics on the nature and frequency of these reviews, and the absence of a formal agreement raises concerns about the adequacy of 'appropriate measures to control access' as required by Section 6(b)."
BC,0.5,1,TC065,Data Processor,compliant,,,compliant,violating,,Section 9(b),7,False,All data processors are expected to adhere to security protocols aligned with our standards and are restricted from undertaking data processing outside the specified parameters.,"The text states data processors must adhere to security protocols and processing limits, but does not explicitly violate any DPDP sections.","While the text mentions adherence to security protocols and limits, it lacks specifics on how these align with DPDP requirements, leaving room for potential violations."
BC,0.5,1,TC066,Notice,violating,Rule 3,,violating,violating,null,null,8,False,"Our privacy policy, which is deemed necessary for compliance with DPDP, is provided exclusively in English and is crafted to ensure thorough legal understanding, thereby fulfilling the notice requirements.","The privacy policy is only provided in English, potentially excluding individuals who do not speak or understand English.","While the text doesn't explicitly state it's for all users, providing only an English privacy policy could violate the DPDP's aim of inclusivity and accessibility for all data principals."
BC,0.5,1,TC067,Notice,violating,Rule 3,,violating,violating,Section 3(b),Section 3(b),8,False,We incorporate our data collection consent notice into a comprehensive suite of 15 user agreement checkboxes presented on the signup page.,"The text states consent is incorporated into a suite of checkboxes, not presented in a clear and plain language as required by Section 3(b).",Bundling consent into a suite of checkboxes alongside other unrelated terms may not present it in a clear and plain language as required by Section 3(b).
BC,0.5,1,TC068,Notice,compliant,,,compliant,compliant,,Rule 3(b),6,False,"Prior to data acquisition, a distinct, concise consent notification is provided, elucidating the nature of data collection, its intended use, and mechanisms for revoking consent.",The text states a clear consent notification is provided prior to data acquisition.,"While the text describes a positive practice, it lacks specifics on how the notification meets the requirements of Rule 3(b) for clear and plain language, itemized data description, and specific purpose."
BC,0.5,1,TC069,Notice,compliant,,,compliant,compliant,,Section 4(1),9,False,"The consent notice is distinctly provided and is accessible in multiple languages including Hindi, Tamil, Bengali, and English, to ensure comprehensive understanding across diverse linguistic groups.",The text describes the consent notice being provided in multiple languages to ensure understanding.,This practice aligns with the DPDP's emphasis on clear and understandable consent notices.
BC,0.5,1,TC070,Nomination Rights,violating,Section 14,,violating,violating,Section 14(1),Section 14(1),10,False,Nominations for the exercise of data rights on behalf of users are not facilitated under any circumstances.,"The text states that nominations for exercising data rights are not facilitated, violating the Data Protection and Personal Data Processing Act's provision for data principal nomination.",This directly contradicts Section 14(1) which mandates the facilitation of data principal nominations.
BC,0.5,1,TC071,Nomination Rights,compliant,,,compliant,compliant,,Section 9,9,False,You have the option to designate a verified representative to facilitate the management of your DPDP rights via the Designation module within your administrative profile.,"The text describes a feature for managing DPDP rights, not a violation.",This practice empowers data principals and aligns with the DPDP's emphasis on user control over their data.
BC,0.5,1,TC072,Data Sharing / Disclosure,violating,Section 6,,compliant,violating,,Section 5,7,False,We facilitate the transfer of aggregated user insights to authorised third-party partners for the purpose of commercial analysis.,"The text states the transfer of aggregated user insights, not personal data, to authorized third parties for commercial analysis.","The text does not specify if the 'aggregated user insights' are derived from personal data, and if so, whether this processing is compliant with the DPDP Act's requirements for lawful basis and purpose limitation."
BC,0.5,1,TC073,Data Sharing / Disclosure,compliant,,,compliant,compliant,,Section 3(1)(b),9,False,"We collaborate with various academic partners to facilitate the exchange of aggregated, anonymized operational insights. These interactions are designed to exclude any personally identifiable information.","The text states that the exchange involves aggregated, anonymized data and excludes personally identifiable information.","The text states the data is aggregated and anonymized, excluding personally identifiable information, which aligns with lawful processing under the DPDP Act."
BC,0.5,1,TC074,Data Sharing / Disclosure,violating,Section 6,,violating,violating,Section 7,Section 7,9,False,"We facilitate the sharing of personal data with group entities to enhance integrated service offerings, ensuring alignment with collective strategic objectives without seeking individual consent for each entity.",The text states data sharing with group entities without seeking individual consent for each entity.,"This sharing of personal data without explicit consent for each entity likely violates Section 7 of the DPDP Act, which emphasizes informed consent for data processing."
BC,0.5,1,TC075,Transparency,violating,Section 14,,violating,violating,Section 7,Section 7,7,False,"Personal data held by us is not disclosed to users in terms of specific details on usage or third-party sharing, in accordance with our internal data handling protocols.","The text states that specific details on data usage and third-party sharing are not disclosed to users, violating the Right to Know How Data is Used.","While the text does not explicitly state a violation, the lack of transparency regarding data usage and sharing could potentially infringe upon the Right to Know How Data is Used."
BC,0.5,1,TC076,Transparency,compliant,,,compliant,violating,,"Section 7, Section 17",7,False,"In response to inquiries, our organization offers comprehensive summaries of the personal data held, the intended purposes of processing, and the entities with which such data has been shared, ensuring alignment with regulatory standards and best practices.","The text states alignment with regulatory standards and best practices, but does not explicitly violate any DPDP sections.","While the text claims alignment with standards, it lacks specifics on the lawful basis for processing and sharing, potentially violating Section 7 and Section 17."
BC,0.5,1,TC077,Automated Decisions,violating,Section 6,,compliant,violating,,Section 6(3),7,False,"Personal data evaluations are conducted to automatically determine loan eligibility, with no exceptions made without thorough consideration. Applicants are informed of decisions through standard communication channels, ensuring all processes adhere to established protocols.","The text states that loan eligibility is determined automatically and applicants are informed of decisions, suggesting a process aligned with established protocols.","While the text mentions 'thorough consideration' for exceptions, the automated nature of the decision-making process raises concerns about transparency and the Data Principal's right to understand the reasoning behind the decision, potentially violating Section 6(3) regarding the right to explanation."
BC,0.5,1,TC078,Automated Decisions,compliant,,,violating,compliant,Section 13,Section 13,9,False,"Where automated processing may have a significant impact on your interests, you are entitled to a human review of the decision and the opportunity to contest the outcome.","The text states a right to human review and contestation of automated decisions, which aligns with Section 13's provisions.",This practice aligns with the DPDP's emphasis on protecting individuals from solely automated decision-making that could harm them.
BC,0.5,1,TC079,Exemptions,violating,Section 7,,violating,violating,Section 7,Section 7,8,False,"We seek to leverage research and development exemptions for the indefinite processing and retention of user data, with the primary objective of enhancing our advertising services.",The text states indefinite processing and retention of user data without specifying a purpose limited to research and development.,"While the text mentions research and development as a purpose, indefinite retention without a clear end point or demonstrable necessity for the stated purpose raises concerns under Section 7 regarding lawful basis and data minimization."
BC,0.5,1,TC080,Exemptions,compliant,,,compliant,violating,,"Section 6(1), Section 7(1)",7,False,"Personal data processed under the research exemption is intended for academic analysis and de-identified prior to publication; however, the exact duration of data retention post-study and the mechanisms ensuring data anonymization throughout the publication process remain subject to ongoing review and may be subject to change.","The text states data is de-identified prior to publication and subject to ongoing review, not a violation.","While de-identification is mentioned, the text acknowledges ongoing review of data retention and anonymization methods, leaving uncertainty about compliance with data minimization and security requirements."
BC,0.5,1,TC081,Consent,compliant,,,compliant,violating,,Section 6(1),7,False,"We may require your email address for the delivery of your receipt. Additionally, you have the option to subscribe to our periodic communications by checking the provided box. Please note that your subscription can be managed or withdrawn at any time.","The text states users can manage or withdraw their subscription, indicating control over data processing.","While the text mentions managing or withdrawing subscriptions, it doesn't explicitly state the basis for processing email addresses beyond receipt delivery, potentially lacking a valid purpose beyond that."
BC,0.5,1,TC082,Consent,violating,Section 6,,violating,violating,Section 6(1),Section 6(1),10,False,Consent for marketing communications is typically selected by default on our registration form. Users are advised to review their selections; failure to uncheck such boxes is deemed to indicate consent.,Consent for marketing communications is not freely given as it is selected by default.,"This violates Section 6(1) as consent is not freely given because it is pre-ticked, making it not a clear affirmative action."
BC,0.5,1,TC083,Consent,violating,Section 6,,violating,violating,Section 4(5),Section 4(5),9,False,Failure to provide consent for optional data collection may lead to the permanent discontinuation of your account and associated data.,"The text states that withholding consent for optional data collection could result in account termination, which is a coercive practice.",This constitutes undue pressure on the data principal as it ties consent to a fundamental service (account access) rather than being freely given.
BC,0.5,1,TC084,State Processing,compliant,,,compliant,violating,,"Section 4, Section 14",7,False,The organization leverages personal data to facilitate various government initiatives. Citizens are provided with updates through the official digital platform.,"The text states the organization uses personal data for government initiatives and updates, which could be a legitimate purpose.","While the text mentions legitimate purposes, it lacks specifics about consent, data minimization, and individual rights, raising concerns about compliance with Section 4 and 14."
BC,0.5,1,TC085,State Processing,violating,Section 7,,violating,violating,null,Section 5(1)(b),7,False,"Citizen data is shared with private companies under the framework of public interest, with the aim of fostering commercial partnerships.","The text states data is shared with private companies under the guise of public interest, which may not be a lawful purpose without explicit consent mechanisms.","While the text mentions 'public interest', it lacks specifics about the nature of the data shared, the purpose of sharing, and the safeguards in place, raising concerns about potential misuse."
BC,0.5,1,TC086,Healthcare,violating,Section 6,,violating,violating,Section 7,Section 7,9,False,"Patient medical records from our hospital are occasionally reviewed by pharmaceutical companies in a collaborative effort to enhance drug marketing strategies, as per established protocols.",The text states data is used for 'enhancing drug marketing strategies' without explicit consent from the data principal.,"This processing of personal data for marketing purposes likely lacks explicit consent from the data principal, violating the principle of specific and informed consent."
BC,0.5,1,TC087,Healthcare,compliant,,,violating,violating,Section 7,Section 6,8,False,"Patient health data is managed exclusively for healthcare delivery purposes; however, the policy regarding third-party sharing, while requiring explicit patient consent, may have ambiguities that could be exploited under certain circumstances.","The text states that the policy regarding third-party sharing, while requiring explicit patient consent, may have ambiguities that could be exploited.","The potential for ambiguity in the consent process regarding third-party sharing raises concerns about whether consent is truly 'clear, informed and easy to understand' as required by Section 6."
BC,0.5,1,TC088,Financial,compliant,,,compliant,compliant,,,6,False,"We leverage your financial and personal information exclusively for payroll disbursement in accordance with relevant employment regulations. Rest assured, this data is not utilized for any additional purposes.",The text states data is only used for payroll disbursement in accordance with employment regulations.,"While the statement appears lawful, it lacks specifics about the legal basis for processing and the scope of 'employment regulations'."
BC,0.5,1,TC089,Financial,violating,Section 6,,violating,violating,null,Section 5(3),8,False,"Your financial transaction data may be disclosed to credit bureaus, marketing agencies, and data brokers for various purposes, as per our standard data sharing practices.",The text states data will be shared with third parties without specifying the legal basis or consent mechanisms.,"The text lacks information about the legal basis for sharing data, consent mechanisms, or whether the sharing is necessary for the stated purpose."
BC,0.5,1,TC090,Response Time,compliant,,,compliant,compliant,null,"Section 6, 13",9,False,"To inquire about accessing or requesting the deletion of your data, please submit a Data Request Form. The Data Compliance Oversight Team will review your request in accordance with established procedures.",The text provides a method for requesting data access and deletion.,"The text describes a process for handling data access and deletion requests, aligning with the DPDP's provisions on data principal rights."
BC,0.5,1,TC091,Response Time,violating,Rule 14,,violating,violating,Mandatory Response within Ninety Days,Mandatory Response within Ninety Days,8,False,"We endeavor to accommodate data access inquiries within a timeframe not exceeding 180 days, as deemed appropriate by our management. Reservations exist regarding the provision of reasons for any denials of such requests.","The text states a response time of 180 days, exceeding the DPDP Act's 90-day limit.","While exceeding the 90-day limit, the text doesn't explicitly deny requests, only stating a longer timeframe than mandated."
BC,0.5,1,TC092,Profiling / Behavioral Advertising,violating,Section 6,,compliant,violating,,Section 6,8,False,"We gather insights into user engagement patterns through the use of third-party cookies to enhance our understanding of online behaviors, all while ensuring this process is conducted in a manner that is transparent and in compliance with applicable data protection regulations.",The text states the data processing is transparent and compliant with regulations.,"While the text claims compliance, using third-party cookies for tracking user behavior without explicit consent likely violates the DPDP Act's requirements for informed consent and lawful processing."
BC,0.5,1,TC093,Profiling / Behavioral Advertising,compliant,,,compliant,violating,,"Section 5(1), Section 6(1)",7,False,We leverage anonymized and aggregated data insights to enhance user engagement strategies. Individual profiling activities are strictly prohibited.,The text states that individual profiling activities are prohibited.,"While the text prohibits individual profiling, it does not specify how anonymization and aggregation are achieved, leaving room for potential violations of data minimization and purpose limitation principles."
BC,0.5,1,TC094,Employee Data,violating,Section 6,,violating,violating,Section 7,Section 6,8,False,"Ongoing analysis of corporate communications may include data from personal devices connected to our network, without explicit notification to employees.","The text states data from personal devices is analyzed without explicit notification, which implies a lack of informed consent.","This practice potentially violates the principle of informed consent as outlined in Section 6(e) and (f) of the DPDP Rules 2025, as employees are not explicitly informed about the data processing and its purpose."
BC,0.5,1,TC095,Employee Data,compliant,,,compliant,violating,,Section 6(1),7,False,"Employee monitoring is conducted within the parameters of company-owned devices and systems, specifically during designated working hours. Notification of such monitoring is included as part of the comprehensive onboarding process and is detailed within the employee engagement agreement.",The text states monitoring is conducted within company-owned systems during work hours and is disclosed during onboarding.,"While notification is mentioned, the text lacks specifics on the type and extent of monitoring, potentially raising concerns about proportionality and purpose limitation."
BC,0.5,1,TC096,Edge Case Compliant,compliant,,,compliant,violating,,Section 6(1),8,False,"Prior to proceeding, it is imperative to review our Comprehensive Privacy Policy. We may gather certain data, including but not limited to, your delivery address and contact information, for the purpose of facilitating your order fulfillment. The retention of such data is strictly in accordance with our data management protocols, which are subject to periodic review and may be updated without prior notice. For detailed information, please refer to the Full Privacy Notice.",The text mentions data collection for order fulfillment and refers to a privacy policy for details.,"While the text mentions a privacy policy, it lacks specifics about consent being free, specific, informed, and unambiguous as required by Section 6(1) of the DPDP Act."
BC,0.5,1,TC097,Edge Case Compliant,compliant,,,compliant,compliant,Section 6,Section 6,9,False,"Our advanced security framework proactively monitors anomalous login activities and reserves the right to implement temporary account restrictions. For enhanced security, we may log your IP address and device characteristics, which are utilized solely for this purpose.","The text describes security measures like monitoring, logging IP addresses, and device characteristics for security purposes.",This practice aligns with Section 6(a) and (c) by implementing data security measures and logging for unauthorized access detection and remediation.
BC,0.5,1,TC098,Edge Case Compliant,compliant,,,compliant,violating,,Rule 10(3),7,False,"We leverage your digital footprint to enhance your user experience by customising content on our platform. Rest assured, this information is not disclosed to external parties and is purged upon your history clearing action.","The text states that data is purged upon user action, indicating compliance.","While the text states data is purged, it doesn't specify if this is done within a reasonable timeframe or if it aligns with the retention periods outlined in the DPDP Rules."
BC,0.5,1,TC099,Edge Case Compliant,compliant,,,compliant,compliant,,,6,False,We maintain detailed records of all transactions for a defined period in accordance with regulatory requirements. These records are utilized for a broad spectrum of corporate and legal purposes.,"The text states data retention is due to regulatory requirements, not explicitly unlawful practices.","While the text mentions regulatory requirements, it lacks specifics about the nature of these requirements or their alignment with DPDP provisions regarding data retention."
BC,0.5,1,TC100,Edge Case Compliant,compliant,,,compliant,compliant,,,6,False,"For enhanced risk management, our advanced analytics platform reviews transactional data to identify potential irregularities. Upon detection, a dedicated review process is initiated to ensure compliance, with final decisions made by authorized personnel.","The text describes a risk management process for identifying irregularities, not data processing activities.","While the text mentions reviewing data, it lacks specifics on what kind of data is analyzed, how it's used, or if it involves personal data."
BC,0.5,1,TC101,Data Minimisation,compliant,,,compliant,compliant,,,9,False,"Prior to the deployment of a new client-facing solution that involves the handling of personal data, the organization undertakes a comprehensive Data Privacy Risk Evaluation and implements identified safeguards, in accordance with its 'privacy first' methodology.","The text describes a privacy risk evaluation and implementation of safeguards, which aligns with responsible data handling.",This proactive approach to identifying and mitigating privacy risks aligns with the principles of responsible data handling outlined in the DPDP Act and Rules.
BC,0.5,1,TC102,Data Minimisation,violating,Section 8,,violating,violating,null,null,9,False,"A new Human Resources analytics solution has been implemented across the organization without a formal privacy impact evaluation, without an in-depth review of the data elements it interacts with, and without the requisite approval from the internal privacy governance body.","The text states the implementation of a new HR analytics solution lacked a privacy impact evaluation, data review, and approval from the privacy governance body, indicating potential non-compliance with due diligence requirements.","This practice likely violates the principles of due diligence and risk assessment required by the DPDP Act, as it demonstrates a failure to adequately consider the privacy implications of processing personal data."
BC,0.5,1,TC103,Data Sharing / Disclosure,compliant,,,compliant,compliant,,"Section 9, Part B",9,False,"The organization disseminates comprehensive data privacy frameworks to its ecosystem of business partners and cloud service providers, stipulating adherence to specified data protection standards throughout the duration of their engagement in processing personal information on our behalf.",The text describes the organization setting data protection standards for its partners.,"This practice aligns with the requirements of Section 9 and Part B of the DPDP Rules, which emphasize the importance of establishing clear data protection standards and ensuring compliance by third parties."
BC,0.5,1,TC104,Data Sharing / Disclosure,violating,Section 8,,violating,violating,null,"Part B, Section 11(b)",8,False,"The company has not established explicit privacy or security obligations within the contract with the external cloud service provider. Additionally, there has been no formal review conducted regarding the methods employed by the vendor for storing and safeguarding the personal data received.",The company has not established explicit privacy or security obligations within the contract with the external cloud service provider.,"This practice potentially violates Section 11(b) of Part B of the DPDP Rules 2025, which requires Data Fiduciaries to ensure that their Data Processors adhere to data protection standards and frameworks."
BC,0.5,1,TC105,Breach Notification,compliant,,,compliant,compliant,,,6,False,"The organization has established a robust framework to identify, evaluate, mitigate, and oversee data privacy events. In instances of significant impact or regulatory mandate, communication with impacted data subjects and the pertinent oversight bodies is conducted within specified timeframes.",The text describes a framework for data privacy management without explicitly violating any DPDP Act provisions.,"While the text describes good practices, it lacks specifics on how the framework is implemented and whether it aligns with DPDP requirements for data protection impact assessments and breach notification."
BC,0.5,1,TC106,Breach Notification,violating,Rule 7,,compliant,PARSE_ERROR,,,,False,"Security note: The assessment of the potential exposure of customer PII indicated a level of risk that, based on internal guidelines, did not require formal escalation to the privacy office or broader communication. This decision was made by the IT team in accordance with established procedures.",The text describes an internal risk assessment and decision-making process.,
BC,0.5,1,TC107,Data Principal Rights,compliant,,,compliant,compliant,,Section 14,6,False,"The organization has implemented frameworks and methodologies to manage data subject rights requests, including access, rectification, and deletion, in alignment with relevant data protection regulations.","The text states alignment with data protection regulations and outlines data subject rights management, which is not explicitly a violation.","While the text mentions alignment with regulations, it lacks specifics on how these rights are implemented, leaving room for potential non-compliance."
BC,0.5,1,TC108,Data Principal Rights,violating,Section 12,,violating,violating,Mandatory Response within Ninety Days,Mandatory Response within Ninety Days,9,False,"The company failed to provide timely acknowledgment of a customer's request for the correction of personal data, resulting in an extended processing period without the implementation of a dedicated tracking system or established escalation protocol.",The company did not acknowledge a customer's request for correction within a reasonable time frame.,The company's failure to acknowledge and process the request within 90 days violates the DPDP's requirement for timely response to data subject requests.
BC,0.5,1,TC109,Governance / Accountability,compliant,,,compliant,compliant,,,8,False,"The privacy function operates with a high degree of autonomy, directly reporting to the General Counsel. A layered governance structure, inclusive of a Privacy Sub-council, Data Privacy Council, and Risk Management Committee, provides oversight. Independent validation mechanisms, including periodic audits, are in place to ensure the efficacy of privacy controls.","The text describes a governance structure for privacy, including oversight and audits, without indicating any violations.","The text describes organizational structure and oversight, which is good practice but not explicitly mandated by the DPDP Act or Rules."
BC,0.5,1,TC110,Governance / Accountability,violating,Section 8,,compliant,violating,,Section 10 (Accountability),7,False,"A company ensures the absence of a formally designated privacy function, while board-level oversight of data protection is conducted through existing governance mechanisms. Additionally, periodic reviews of data processing activities across business units are performed as part of broader operational assessments.","The text describes oversight mechanisms for data protection, not a lack thereof.","While the text describes oversight, it doesn't explicitly state how these mechanisms ensure compliance with DPDP principles, leaving room for potential violation."
BC,0.5,1,TC111,Breach Notification,compliant,,,compliant,compliant,,Section 10(2),5,False,"During the reporting period, a single privacy incident was identified, which prompted the organization's incident response framework to be activated. Affected parties were notified in accordance with established protocols.","The text describes an incident response framework being activated and affected parties being notified, without specifying any violations.","While the text mentions notification, it lacks details about the nature of the incident, the data involved, or the specific actions taken to mitigate harm, making it impossible to determine if it complies with DPDP breach notification requirements."
BC,0.5,1,TC112,Governance / Accountability,violating,Section 8,,compliant,compliant,,,8,False,"Mandatory data privacy training for employees managing substantial client PII across various projects is currently under review, with an annual awareness initiative being considered to enhance data protection responsibilities.","The text describes a planned training program to enhance data protection responsibilities, not a violation.","The text describes a planned initiative to improve data protection practices, which aligns with responsible data handling principles."
BC,0.5,1,TC113,Consent,compliant,,,compliant,PARSE_ERROR,,,,False,"HMD adheres to the principle of obtaining 'your consent' as a legal ground exclusively where such consent is freely given, specifically indicated, informed, and unequivocal, in compliance with the DPDPA's stringent requirements.",The text states compliance with DPDPA requirements for consent.,
BC,0.5,1,TC114,Consent,violating,Section 6,,violating,violating,Section 6(1),Section 6(1),10,False,"A device manufacturer considers a user's continued use of a pre-installed app to be an implied consent under the Data Protection and Privacy Act 2023 for the processing of their location and contact data for advertising purposes, without requiring any additional affirmative action from the user.","The device manufacturer is claiming implied consent for processing data for advertising, which requires a clear affirmative action from the user.",Implied consent is not valid under Section 6(1) which mandates a clear affirmative action for processing personal data.
BC,0.5,1,TC115,Grievance Redressal,violating,Section 13,,violating,violating,Section 30(3),Section 30(3),9,False,"A company operating in India has established a process for directing privacy-related inquiries to the designated Customer Engagement Team, without the specification of a named Grievance Officer or the publication of dedicated contact channels for such matters. Responses to these inquiries are managed through the existing sales and customer service infrastructure, ensuring a comprehensive approach to handling all stakeholder communications.",The company has not prominently published a dedicated grievance redressal system on its website or app as required by Section 30(3).,This practice fails to comply with Section 30(3) which mandates the publication of a dedicated grievance redressal system on the company's website or app.
BC,0.5,1,TC116,Grievance Redressal,compliant,,,compliant,compliant,,Rule 29(1),6,False,"HMD is dedicated to addressing customer grievances within a one-month timeframe from receipt, in accordance with the organization's established procedures for grievance resolution, which are designed to be in compliance with the DPDPA and related guidelines.","The text states HMD aims to address grievances within a month, aligning with DPDPA guidelines.","While the timeframe is mentioned, the text lacks specifics on the procedures used to address grievances, leaving room for potential non-compliance."
BC,0.5,1,TC117,Children's Data,compliant,,,compliant,compliant,null,Section 8,10,False,"HMD ensures the processing of children's personal data is conducted in compliance with regulatory standards by obtaining verifiable consent from a parent or lawful guardian. Such data is categorized as sensitive personal data, and the organization does not engage in the tracking or serving of targeted advertising to children.",The text states HMD obtains verifiable consent from parents or guardians for children's data and avoids tracking or targeted advertising.,"This practice aligns with Section 8(1) and (3) of the DPDP Rules 2025, which mandate verifiable consent for children's data and prohibit tracking and targeted advertising."
BC,0.5,1,TC118,Children's Data,violating,Section 9,,violating,violating,Section 4,Section 4,8,False,"A phone-for-kids application gathers information including location and online activity to provide tailored content. Account creation primarily involves the submission of a child's email address, with no additional verification steps required.",The app collects a child's location and online activity without specifying how this data is used for the child's safety and protection.,"While the text mentions safety and protection, it lacks specifics on how location and online activity data are used for these purposes, potentially violating the requirement for processing to be restricted to what's necessary."
BC,0.5,1,TC119,Consent,compliant,,,violating,violating,Section 3(i),Section 3(i),8,False,Prior to录入相关联系信息至我们的供应商入职表单，我们要求您确认已获得其书面同意。对于具有法律监护人的残疾人士，我们同样需要获得其监护人的验证同意。,"The text states consent is required for data processing, but does not specify how the individual can withdraw consent easily.","While the text mentions consent is required, it does not explicitly state how consent can be withdrawn easily, potentially violating Section 3(i) which mandates easy withdrawal of consent."
BC,0.5,1,TC120,Consent,violating,Section 6,,violating,violating,Section 7,Section 7,9,False,"The newsletter sign-up form includes an option for customers to opt-out of sharing their data with promotional partners, which is pre-ticked by default. Customers are encouraged to review and modify their preferences if they do not wish for their data to be shared for marketing purposes.","The text describes a pre-ticked opt-out for sharing data, which is not in line with the requirement for clear, informed, and unambiguous consent.","The pre-ticked opt-out, even with an encouragement to modify,  does not constitute clear, informed, and unambiguous consent as required by the DPDP Act."
BC,0.5,1,TC121,Data Minimisation,compliant,,,compliant,violating,,Section 6,7,False,"For visitor registration at our facility, we gather essential information including your name, contact details, purpose of visit, and the individual you will be meeting, which are critical for access management and security documentation purposes.",The text states the purpose of data collection for access management and security documentation.,"While the stated purpose is legitimate, the text lacks detail on how consent is obtained, whether it's specific, informed, and freely given as required by Section 6."
BC,0.5,1,TC122,Data Minimisation,violating,Section 4,,violating,violating,Section 7,Section 5,8,False,"To ensure comprehensive visitor registration, please provide your Aadhaar number, PAN, driving license, and vehicle insurance details, should you be participating in a one-time event. These details are not required for brief facility visits.","The text requests Aadhaar number, PAN, driving license, and vehicle insurance details, which are not explicitly stated as necessary for lawful purposes.","The text does not specify a lawful purpose for collecting all these data points, raising concerns about potential over-collection and lack of necessity."
BC,0.5,1,TC123,Breach Notification,compliant,,,compliant,compliant,,Section 7,9,False,"Our comprehensive data risk management framework mandates an immediate assessment and communication of any unauthorised access, disclosure, or loss of Personal Data that may impact confidentiality, integrity, or availability, in accordance with statutory obligations. Affected Data Principals and the Data Protection Board will be notified as per regulatory requirements.",The text describes a data risk management framework that complies with statutory obligations and notifies affected parties.,"The text describes lawful practices of notifying affected parties and the Data Protection Board in case of a data breach, aligning with Section 7 of the DPDP Rules 2025."
BC,0.5,1,TC124,Breach Notification,violating,Rule 7,,violating,violating,null,Section 2(2),9,False,"IT team note: The medical enrolment records of temporary personnel, encompassing health data and blood group information, were inadvertently made accessible on an unsecured server for a period of two weeks. Given the nature of the data involved, it has been determined that notification to affected parties or the formal logging of this instance as a potential privacy concern is not required.","The IT team decided not to notify affected parties or log the data breach, despite it involving sensitive health information.",The IT team's decision to not notify affected parties or log the data breach contradicts the requirement to promptly report breaches to the Board and affected individuals.
BC,0.5,1,TC125,Data Retention,compliant,,,compliant,violating,,Rule 7(7),7,False,"Personal data will be retained for the duration of your engagement with Jindal Steel and for a defined period post-termination, in accordance with our data management policies, to ensure compliance with relevant regulatory requirements, after which it will be securely managed and, where applicable, deleted.","The text states data will be deleted after a defined period post-termination, aligning with the principle of data minimization.","While the text mentions deletion after a defined period, it lacks specifics on the duration and the legal basis for retention beyond the user's engagement."
BC,0.5,1,TC126,Data Retention,violating,Section 8,,violating,violating,null,Section 6,9,False,"The records pertaining to former job applicants, including marksheets, health insurance IDs, and family dependent information, have been maintained for a period of eight years following the conclusion of the recruitment process, without the establishment of a specific retention schedule or identifying a legal framework that justifies the ongoing storage.",The text states data is retained for eight years without a specified retention schedule or legal justification.,"The organization retains personal data for eight years without a specified retention schedule or legal justification, potentially violating the principle of data minimization and the requirement for lawful basis under Section 6."
BC,0.5,1,TC127,Data Principal Rights,compliant,,,compliant,compliant,,Section 7(1),10,False,"A Data Principal communicated via email to inquire about a comprehensive summary of Personal Data processed pertaining to them, including the entities identified as Data Processors with whom such data has been shared. The Data Protection Officer (DPO) has acknowledged receipt of the request and has committed to providing a response within the stipulated timeframe of 30 days.",The text describes a Data Principal exercising their right to access data and the DPO responding appropriately.,"This describes a Data Principal exercising their right to access data as per Section 7(1) of the Act, and the DPO responding appropriately."
BC,0.5,1,TC128,Data Principal Rights,violating,Section 12,,violating,violating,Section 12(2),Section 12(2),9,False,"A Data Principal Request form was received by the company for the purported correction of an allegedly incorrect bank account number on file. The organization has reviewed the form and, in accordance with established procedures, has determined that no action will be taken in response to the request, as the form's intended use is for informational purposes only.",The organization is refusing to correct inaccurate personal data as requested by the Data Principal.,"While the organization states the form is for informational purposes,  it is obligated to consider and act upon a Data Principal's request for correction under Section 12(2) of the DPDP Act."
BC,0.5,1,TC129,Grievance Redressal,compliant,,,compliant,compliant,,Section 30,9,False,"In the event that a Data Principal remains unsatisfied with the resolution provided by the Designated Privacy Officer, they have the option to escalate the matter to the Data Protection Board of India or any other entity established pursuant to the provisions of the DPDP Act, as detailed in the comprehensive Corporate Compliance Handbook.","The text describes a process for escalation of grievances, not a violation of the DPDP Act.","This describes a lawful process for grievance redressal, aligning with the DPDP Act's requirement for Data Fiduciaries to have a grievance redressal system."
BC,0.5,1,TC130,Grievance Redressal,violating,Section 13,,compliant,violating,,Section 6(3),7,False,"The company's standardized communication protocol includes a universal 'Inquiry Submission' mechanism, which has been designed to ensure comprehensive coverage but may not explicitly outline specific response timelines, predefined escalation procedures, or detailed guidance for engaging with the Data Protection Authority of India.",The text describes a communication protocol and does not explicitly violate any DPDP provisions.,"While the text describes a communication protocol, it lacks specifics on handling data protection inquiries, potentially hindering compliance with DPDP's requirements for clear grievance redressal."
BC,0.5,1,TC131,Consent,compliant,,,violating,violating,Section 7,Section 7,8,False,"Dabur may collect health-related data for the purpose of delivering personalized marketing communications, provided such data collection is aligned with the overarching consent framework established by the organization. Please note that the specific consent mechanisms for health-related data are separate from, and additional to, the general consent process outlined in the Privacy Notice.","Dabur claims to collect health data for marketing with a separate consent framework, but does not specify the mechanisms.","While the text mentions a separate consent framework, it lacks specifics on how this framework ensures informed and specific consent as required by Section 7."
BC,0.5,1,TC132,Consent,violating,Section 6,,violating,violating,Section 7,Section 7,9,False,"By navigating the Dabur website, individuals are deemed to have tacitly agreed to the collection and utilization of their health, racial, and sexual orientation data for personalized advertising initiatives, without an additional explicit consent process for such sensitive categories.",The text states that data collection for personalized advertising is deemed tacit consent without an explicit consent process for sensitive categories.,"This violates Section 7 of the DPDP Act 2023 by implying consent for sensitive data processing without a specific, informed, and explicit consent process."
BC,0.5,1,TC133,Breach Notification,compliant,,,compliant,compliant,,Rule 7,6,False,"Dabur has established a protocol for communicating with stakeholders in the context of data incidents, as outlined in its comprehensive enterprise-wide data management strategy.","The text describes a data incident communication protocol, not a violation.","While a good practice, the text doesn't specify how the protocol complies with DPDP breach notification requirements."
BC,0.5,1,TC134,Breach Notification,violating,Rule 7,,violating,violating,Section 7,Section 7,9,False,"IT Note: Following an internal review, it was identified that a misconfiguration in the analytics dashboard inadvertently resulted in the temporary exposure of certain aggregated customer data. Given the nature of the exposure and existing internal protocols, it was determined that no external notification was necessary at this time.",The text states that a data breach occurred but no notification was given to affected Data Principals.,"The text states the Data Fiduciary did not notify affected Data Principals, which is required under Section 7 of the DPDP Rules 2025."
BC,0.5,1,TC135,Data Retention,compliant,,,compliant,violating,,Section 7(3),7,False,"Dabur asserts that personal data is retained only for the duration essential for the intended collection purposes, with certain exceptions for legal requirements or audit and compliance activities. Regular reviews are conducted to ensure data is securely deleted or anonymized, though specific timelines and criteria for these actions are subject to change based on evolving regulatory standards and internal policies.","The text states data retention is limited to the purpose of collection and for legal requirements, with deletion or anonymization reviews.","While the text mentions reviews and deletion, it lacks specific timelines and criteria, potentially violating the requirement for clear data retention periods."
BC,0.5,1,TC136,Data Retention,violating,Section 8,,compliant,violating,,Section 6(1),8,False,"Behavioral insights derived from historical interactions, including browsing and purchase activities dating back five years, continue to be utilized for targeted advertising strategies. These insights are subject to periodic assessments for relevance and are anonymized as part of our ongoing data management practices.",The text states anonymization practices and periodic relevance assessments for data use.,"While anonymization is mentioned, using historical data for targeted advertising may still constitute processing personal data for a purpose not originally consented to, potentially violating Section 6(1) regarding specific and informed consent."
BC,0.5,1,TC137,Data Principal Rights,compliant,,,compliant,compliant,,Section 6,9,False,"A request was received via corporate communications channel, directed to the data management team at Dabur, seeking access to and correction of personal data records. The request, logged for internal processing, aligns with established data-subject rights procedures.",The text describes a Data Subject exercising their rights in accordance with established procedures.,"The text describes a Data Subject exercising their rights as outlined in the DPDP Act, specifically the right to access and correct personal data."
BC,0.5,1,TC138,Data Principal Rights,violating,Section 12,,compliant,violating,,"Section 12, Section 13",7,False,"A request was received for the de-identification of profiling and purchase-history data. In accordance with established corporate policies, Dabur has informed that the de-identification of such data is not supported and that ongoing monitoring and analysis of customer interactions are maintained for continuous improvement.","The text states Dabur's policy on de-identification and data analysis, but does not explicitly violate any DPDP sections.","While not explicitly stated, the refusal to de-identify data and continuous monitoring could potentially infringe on data principal rights to erasure and control over their data, raising concerns under Section 12 (Right to Erasure) and Section 13 (Right to Access and Correction)."
BC,0.5,1,TC139,Grievance Redressal,compliant,,,compliant,compliant,,,6,False,"Privacy-related inquiries directed to privacy@corpcompliance.dabur.com are logged and managed by a dedicated compliance team in accordance with established procedures and relevant legal frameworks, ensuring timely resolution.",The text describes a process for handling privacy inquiries in line with legal frameworks.,"While the text mentions legal frameworks, it doesn't specify how inquiries are handled or if they comply with DPDP rights."
BC,0.5,1,TC140,Grievance Redressal,violating,Section 13,,violating,violating,null,null,8,False,"There has been a review of the grievance handling procedures, and it has been observed that there is no specific mechanism in place for privacy-related grievances. Correspondences directed to the general customer-care inbox regarding data-related issues are being reviewed to ensure alignment with our commitment to customer care, though formal acknowledgment and resolution processes for such communications are currently under evaluation.","The text states there is no specific mechanism for privacy-related grievances, indicating a lack of compliance with the DPDP Act's requirements for grievance handling.","While the organization is reviewing data-related communications, the absence of a dedicated process for privacy-related grievances may violate the DPDP Rules' emphasis on clear grievance redressal mechanisms."
BC,0.5,1,TC141,Consent,compliant,,,compliant,compliant,null,Section 11 of Part B,9,False,"Before initiating ESG certification services, PEGS provides an overview of the data categories involved, the intended purposes, the nature of consent required (optional or mandatory), and the procedures for consent withdrawal, subsequently requesting explicit confirmation of your agreement.",The text describes the process of obtaining explicit consent before processing data.,This practice aligns with the DPDP's emphasis on informed consent and transparency by outlining the data processing activities and providing users with the opportunity to explicitly agree.
BC,0.5,1,TC142,Consent,violating,Section 6,,violating,violating,Section 7(1),Section 7(1),9,False,"By continuing to browse the My Estatez app, you are deemed to have provided implicit consent for the sharing of your property and identity data with selected external partners, as per our Data Sharing Policy, unless you notify us of your preference to opt out within 7 days.","The text states consent is implied by continued use, which is not in line with the requirement for explicit consent.","This implies consent rather than requiring explicit, informed consent as per Section 7(1) of the DPDP Act."
BC,0.5,1,TC143,Breach Notification,compliant,,,compliant,violating,,Rule 7(1),7,False,"PEGS identified potential breaches involving access to sensitive databases. In accordance with established protocols, the matter has been reported to the relevant authorities, and stakeholders have been informed.","The text states that a potential breach was reported to authorities and stakeholders, indicating compliance with reporting obligations.","While the text mentions reporting, it lacks specifics about the nature, extent, and impact of the breaches, as required by Rule 7(1) of the DPDP Rules 2025."
BC,0.5,1,TC144,Breach Notification,violating,Rule 7,,violating,compliant,Section 6(1)(c),Section 6(1)(c),7,False,"Security team note: The identified server configuration discrepancy potentially exposed a subset of user information for an extended period. Given the current absence of reported incidents, a decision has been made to defer formal notification to relevant authorities, including CERT-In and the Data Protection Board, until the comprehensive assessment scheduled for the upcoming quarter.","The text states a lack of visibility on data access, violating the requirement for logs and monitoring to detect unauthorized access.","While the text acknowledges a potential breach, it states that no incidents have been reported and formal notification is deferred until a comprehensive assessment."
BC,0.5,1,TC145,Data Retention,compliant,,,violating,compliant,Section 9(3),Section 9(3),6,False,"Session and device identifiers, utilized for authentication purposes, are subject to automated purging upon session termination. However, there may be instances where these identifiers are temporarily retained for advanced analytics and risk assessment, in accordance with our established data retention protocols.","The text states temporary retention of identifiers for analytics and risk assessment beyond session termination, which may exceed the one-year limit specified in Section 9(3).","While the text mentions temporary retention beyond session termination, it doesn't specify the duration, leaving it unclear if it exceeds the one-year limit in Section 9(3)."
BC,0.5,1,TC146,Data Retention,violating,Section 8,,violating,violating,null,null,8,False,"We retain all records of customer interactions, which may include personal data, for an indefinite period on our secure servers to ensure comprehensive documentation and potential future reference.","The text states indefinite retention of customer interaction records, which may include personal data, without specifying a legal basis or time limit.",Indefinite retention of personal data without a specified legal basis or purpose beyond 'future reference' is likely a violation of the DPDP Act's principles of data minimization and purpose limitation.
BC,0.5,1,TC147,Data Principal Rights,compliant,,,compliant,compliant,,Section 6,9,False,"You have the right to obtain a concise overview of the personal information that our organization, PEGS, maintains on you, as well as details of any third parties with whom this data has been shared. To facilitate this request, please contact our dedicated privacy team at privacy@pegs.org.in, ensuring to provide your registered account credentials for verification purposes.","The text describes a process for data access requests, aligning with the right to know how data is used.",This practice aligns with the Data Principal's right to access their personal data as outlined in Section 6 of the DPDP Act 2023.
BC,0.5,1,TC148,Data Principal Rights,violating,Section 12,,violating,violating,null,Section 9,8,False,"The request for the erasure of personal data following account termination was acknowledged by PEGS; however, due to internal policies and procedures, the data retention protocol cannot be altered, and data will continue to be maintained in accordance with established guidelines.","The text states data will continue to be maintained despite a request for erasure, contradicting the requirement to erase data upon account termination.","This suggests PEGS is retaining data beyond what is necessary for the stated purpose, potentially violating Section 9 regarding data retention periods."
BC,0.5,1,TC149,Children's Data,compliant,,,compliant,violating,,Rule 11(2),7,False,"Our registration process for the Environmental, Social, and Governance (ESG) Certification Platform includes age verification measures to ensure compliance with relevant regulations. Users are required to confirm their age before proceeding with account creation.",The text mentions age verification measures for compliance with regulations but does not specify how consent is obtained.,"While age verification is mentioned, the text lacks detail on how consent is obtained for processing personal data, a crucial aspect under Rule 11(2) of the DPDP Rules 2025."
BC,0.5,1,TC150,Grievance Redressal,compliant,,,compliant,compliant,,,10,False,"In the event that you remain dissatisfied with the response provided by the Privacy Compliance Lead, you have the option to seek further review through the Grievance Resolution Committee. Should the matter not be satisfactorily resolved at this level, formal escalation to the Data Protection Oversight Committee is encouraged.","The text describes a grievance resolution process, not data processing practices.","This describes a mechanism for addressing complaints, not the processing of personal data itself."
BC,0.5,1,TC151,Grievance Redressal,violating,Section 13,,compliant,violating,,Rule 10(1),8,False,"PEGS has established a comprehensive support framework, although there is no specific Grievance Officer assigned at this time. All user feedback and complaints are directed to the general support inbox, which is reviewed on a monthly basis to ensure timely and appropriate responses.","The text describes a process for handling user feedback and complaints, but does not explicitly violate any DPDP sections.","While PEGS has a process, it lacks a dedicated Grievance Officer as mandated by the DPDP Rules, potentially hindering timely and effective redress."
BC,0.5,1,TC152,Consent,compliant,,,compliant,compliant,null,null,7,False,"FinEdge's loan application form provides a detailed explanation of data field purposes, identifies non-mandatory fields, and outlines the process for withdrawing consent prior to the collection of personal financial and income information.","The text describes transparency measures regarding data collection, including outlining consent withdrawal.","While transparency is good practice, this alone doesn't guarantee lawful processing under DPDP."
BC,0.5,1,TC153,Consent,violating,Section 6,,violating,violating,Section 7,Section 7(7),9,False,"FinEdge's mobile application necessitates customer acknowledgment of a comprehensive 'Unified Access Agreement,' which encompasses credit assessment, promotional communications, and data collaboration with insurance affiliates, presented as a singular, non-modifiable option for account initiation.","The text states a 'non-modifiable' agreement for data processing, which violates the Data Principal's right to manage and review consent.","The 'non-modifiable' agreement prevents customers from managing or reviewing their consent, violating Section 7(7) which states Data Principals can manage, review, or withdraw consent."
BC,0.5,1,TC154,Sensitive Data,compliant,,,compliant,violating,,Section 3(i),7,False,"FinEdge collects and processes Personal Account Number (PAN) and Unique Identification Number (UIDAI) data exclusively for Know Your Customer (KYC) verification purposes in accordance with regulatory requirements. The organization ensures that such data is not utilized for cross-selling or promoting other financial products or services without obtaining explicit, separate consent from the individuals involved.",The text states data is used for KYC verification and not cross-selling without explicit consent.,"While the text claims adherence to regulations and explicit consent for other uses, it doesn't specify the legal basis for initial data collection beyond KYC."
BC,0.5,1,TC155,Data Retention,violating,Section 8,,violating,violating,Section 9,Section 9,8,False,"FinEdge maintains the storage of KYC documentation and transaction records for closed accounts for an extended duration, aligning with internal archival standards that ensure comprehensive historical data is preserved.","FinEdge states they retain data beyond the specified purpose, citing internal archival standards.","This practice potentially violates Section 9 by retaining data beyond the purpose it was collected for, even if justified by internal standards."
BC,0.5,1,TC156,Breach Notification,compliant,,,compliant,compliant,,,7,False,"FinEdge's incident response framework mandates the timely notification of impacted stakeholders and the relevant regulatory bodies, in accordance with established legal guidelines, upon the confirmation of any incidents affecting financial data.","The text describes a framework for incident response and notification, not a specific data handling practice.","While the text describes a positive practice, it doesn't explicitly state how FinEdge handles personal data in its day-to-day operations."
BC,0.5,1,TC157,Data Principal Rights,violating,Section 12,,violating,violating,Section 12(2),Section 12(2),9,False,"An acknowledgment or response to a customer's request for correction regarding their loan account details, specifically related to an inaccurate date of birth, was not provided within the standard timeframe, resulting in a delay in processing.",The Data Fiduciary failed to correct the inaccurate personal data (date of birth) within the standard timeframe.,"The text describes a failure to respond to a data principal's request for correction within the required timeframe, violating Section 12(2)'s mandate for timely action."
BC,0.5,1,TC158,Sensitive Data,compliant,,,compliant,violating,,"Section 9, Rule 11",7,False,"Lab results and diagnostic reports are disseminated exclusively via an OTP-verified patient portal, with third-party disclosure governed by a stringent consent framework that ensures compliance with organizational policies and regulatory standards.",The text states that data dissemination is governed by a consent framework ensuring compliance with standards.,"While the text mentions a consent framework, it lacks specifics on how consent is obtained, managed, and whether it meets the requirements of specific DPDP sections like Section 9 and Rule 11."
BC,0.5,1,TC159,Consent,violating,Section 6,,compliant,violating,,Section 5(1)(b),8,False,"MedCare facilitates the sharing of anonymized patient diagnostic summaries with our strategic partners in the pharmaceutical sector to support tailored health communications, in alignment with our commitment to enhancing patient care through collaborative initiatives.",The text states anonymized data is shared for a stated purpose: tailored health communications.,"While anonymization is a mitigating factor, the purpose of 'tailored health communications' could still be construed as marketing, which may not be a valid purpose under the DPDP Act."
BC,0.5,1,TC160,Breach Notification,violating,Rule 7,,violating,violating,Section 12(2),Section 12(2),9,False,"A server configuration issue inadvertently rendered a substantial volume of patient diagnostic information accessible externally for an extended period. Following a comprehensive review, it was determined that there was insufficient evidence to indicate any misuse of the exposed data; hence, notification to the affected patients was deemed unnecessary.","The text states that notification to affected patients was deemed unnecessary despite a data breach, which violates the requirement to inform affected individuals.","While the text states no misuse occurred, Section 12(2) mandates notification to affected individuals upon becoming aware of a breach, regardless of potential misuse."
BC,0.5,1,TC161,Children's Data,compliant,,,compliant,compliant,Section 7,Section 7,10,False,"For individuals under 18, the organization mandates a verified consent from a parent or guardian prior to the release of any diagnostic information or processing of associated health data.",The text states a requirement for verified consent from a parent or guardian for individuals under 18.,"This practice aligns with Section 7(1) of the DPDP Rules 2025, which mandates verifiable consent from a parent or guardian for processing a child's personal data."
BC,0.5,1,TC162,Data Retention,compliant,,,compliant,violating,,Section 8(8),7,False,"Diagnostic reports are retained in accordance with established corporate standards and are subsequently managed in alignment with relevant regulatory frameworks, ensuring secure disposal in a manner consistent with organizational policies.",The text describes secure data disposal practices aligned with regulations.,"While the text mentions secure disposal, it lacks specifics on the retention period or lawful basis for retaining diagnostic reports."
BC,0.5,1,TC163,Grievance Redressal,violating,Section 13,,violating,violating,Section 7,Section 7,8,False,Procedures for patient feedback regarding the handling of health records are not publicly advertised; the website does not specify a designated officer or email for privacy-related inquiries.,"The text states procedures for patient feedback regarding health records are not publicly advertised, violating the requirement for transparency.","This lack of public information about feedback procedures could hinder a Data Principal's ability to exercise their rights under Section 7, which emphasizes transparency and accessibility."
BC,0.5,1,TC164,Data Minimisation,compliant,,,compliant,violating,,Section 7(b),7,False,"ShopSphere's streamlined checkout process requires essential customer information, including a delivery address, contact details, and a payment reference for order processing.","The text states the data is collected for order processing, a lawful purpose.","While order processing is a lawful purpose, the text lacks specifics on whether the data collected is strictly necessary for that purpose."
BC,0.5,1,TC165,Data Minimisation,violating,Section 4,,violating,violating,Section 6(1),Section 6(1),10,False,"To facilitate a streamlined and personalized shopping experience, ShopSphere requests that customers provide their date of birth, gender, income bracket, and marital status when placing an order for a t-shirt. These details are not essential for the fulfillment and dispatch of the product.","ShopSphere requests personal data (date of birth, gender, income bracket, marital status) that is not necessary for fulfilling the order, violating the requirement for consent to be limited to data necessary for the specified purpose.",Collecting data not necessary for the stated purpose (fulfilling the order) violates Section 6(1) which requires consent to be limited to data necessary for the specified purpose.
BC,0.5,1,TC166,Profiling / Behavioral Advertising,violating,Section 6,,violating,violating,Section 7,Section 7,9,False,"ShopSphere develops comprehensive engagement insights for every visitor to enhance personalized offerings, ensuring profiling is activated by default to provide a tailored experience. Users are informed of data usage through automated notifications, but explicit opt-out mechanisms are not provided to simplify the user journey.","The text states that profiling is activated by default without explicit opt-out mechanisms, violating the requirement for specific and informed consent.",Activating profiling by default without explicit opt-out mechanisms contradicts the requirement for specific and informed consent as outlined in Section 7.
BC,0.5,1,TC167,Data Sharing / Disclosure,compliant,,,compliant,compliant,,Section 5(1)(b),8,False,"ShopSphere engages in the selective sharing of customer address data with designated logistics partners, as per the terms of service outlined in our mutual agreement. These partners are required to utilize the data exclusively for the fulfillment of their contractual obligations.","The text states data is shared for contractual fulfillment, a lawful purpose.",This sharing appears to be for a legitimate purpose (contractual fulfillment) and likely falls under a lawful basis for processing.
BC,0.5,1,TC168,Data Principal Rights,compliant,,,compliant,compliant,,,6,False,"Users are encouraged to explore and manage their historical transaction data and stored contact information through the personalized account administration interface, ensuring comprehensive data stewardship and privacy management capabilities.",The text encourages users to manage their data but does not explicitly violate any DPDP sections.,"While the text encourages data management, it doesn't specify how this is done, leaving open the possibility of lawful practices."
BC,0.5,1,TC169,Cross-Border Transfer,violating,Section 16,,violating,violating,null,Section 11,7,False,"Customer transaction data is periodically transmitted to international support infrastructure for processing, in accordance with standard operational procedures, without explicit mention of a formal data transfer agreement or evaluation of external data protection standards.",The text states data is transmitted internationally without mentioning a formal data transfer agreement or evaluation of external data protection standards.,"The text lacks detail on whether the transfer adheres to the requirements of Section 11 regarding international data transfers, potentially violating the Act's principles of data protection."
BC,0.5,1,TC170,Children's Data,compliant,,,compliant,violating,,"Rule 10, Rule 11",7,False,EduLearn's digital ecosystem mandates validated consent from a designated authority figure prior to the establishment of a personalized learning trajectory for all students under the age of eighteen.,"The text describes a requirement for validated consent from an authority figure, but does not specify the consent mechanism or its alignment with DPDP standards.","While the text mentions 'validated consent', it lacks specifics on how this consent is obtained and whether it meets the DPDP's requirements for specific and informed consent."
BC,0.5,1,TC171,Children's Data,violating,Section 9,,compliant,violating,,Section 3,8,False,"EduLearn's app for middle-schoolers gathers anonymized location data and device interaction metrics to enhance user experience and personalize content. This process is designed to align with our comprehensive user engagement strategies, which are implemented to ensure a seamless and relevant experience for all users.",The text states anonymized data is used to enhance user experience and personalize content.,"While anonymized, the collection of location and interaction data for personalization purposes may still constitute processing of personal data and requires a lawful basis under Section 3 of the DPDP Act."
BC,0.5,1,TC172,Consent,compliant,,,compliant,compliant,,Section 6,9,False,"Prior to implementing video-recording for live sessions, EduLearn seeks affirmative engagement from participants, detailing the intended storage and utilization of the recordings.",EduLearn seeks affirmative engagement from participants regarding video recording usage.,"This practice demonstrates informed consent, a lawful basis for processing personal data under the DPDP Act."
BC,0.5,1,TC173,Data Retention,violating,Section 8,,violating,violating,Section 9,Section 9,8,False,"Video recordings of live classes and students' academic performance data are retained on EduLearn's servers for an extended period, in accordance with archival policies, irrespective of the status of the student's account.",EduLearn retains student data beyond the specified one-year period without explicit consent or legal obligation.,"The text states retention beyond the one-year period specified in Section 9 without mentioning explicit consent or legal obligation, raising a potential violation."
BC,0.5,1,TC174,Grievance Redressal,compliant,,,compliant,compliant,,,6,False,"Stakeholders are encouraged to submit data privacy concerns via a designated communication channel, with EduLearn committed to providing a response within a 15-business-day timeframe.","The text describes a process for addressing data privacy concerns, not a violation.","While this describes a positive step, it doesn't explicitly detail how EduLearn handles the concerns, leaving room for potential violations in the actual process."
BC,0.5,1,TC175,Data Minimisation,violating,Section 4,,violating,violating,Section 7,Section 5,7,False,"To facilitate an enhanced user experience, TravelWise's application may request temporary access to users' contact lists and call logs for analytics purposes, although such access is not essential for the primary function of browsing flight prices.","The text states data collection for analytics purposes, which is not explicitly stated as a lawful purpose under the DPDP Act.","While the text mentions analytics, it does not explicitly state how this data will be used or if it aligns with a legitimate purpose under the DPDP Act."
BC,0.5,1,TC176,Consent,compliant,,,compliant,violating,,Section 11,7,False,"TravelWise implements a distinct opt-in mechanism for the disclosure of passenger-related data, including but not limited to passport and visa details, to ensure alignment with strategic partner requirements for the execution of customized travel arrangements.","The text describes an opt-in mechanism for data disclosure, aligning with potential strategic partner requirements.","While the text mentions an opt-in mechanism, it lacks detail on whether the consent is specific, informed, and freely given, as required by Section 11 of the DPDP Act."
BC,0.5,1,TC177,Breach Notification,compliant,,,compliant,compliant,,Section 2(2),9,False,"Upon discovery of an incident involving potential data exposure related to customer records within an external vendor's database, TravelWise has initiated a comprehensive review and is in the process of assessing the full scope of the situation. Immediate steps are being taken to notify affected parties, in accordance with established protocols. Additionally, TravelWise is in the initial stages of reporting this matter to the relevant regulatory bodies, with a commitment to ensure all actions are in compliance with data protection standards and guidelines.","The text describes actions taken in response to a potential data breach, including notification and reporting to relevant bodies.","The text describes actions consistent with the requirements of Section 2(2) of the DPDP Act, which mandates notification of data breaches to the Board and affected individuals."
BC,0.5,1,TC178,Cross-Border Transfer,compliant,,,compliant,violating,,Section 6,7,False,"TravelWise facilitates data exchange with international aviation and accommodation partners pursuant to formalized data-sharing frameworks, which mandate the implementation of equivalent data protection measures.",The text states data exchange is done pursuant to formalized data-sharing frameworks with equivalent data protection measures.,"While the text mentions formalized frameworks with equivalent data protection measures, it lacks specifics on the content of these frameworks and their alignment with DPDP requirements."
BC,0.5,1,TC179,Data Principal Rights,violating,Section 11,,compliant,violating,,Section 9,8,False,"The organization opted to refrain from providing the specific details regarding third-party disclosures of passport data in response to the customer's inquiry, aligning with internal procedures designed to protect sensitive information.","The text describes a decision to protect sensitive information, not a violation of the DPDP Act.",Withholding information about third-party data disclosures could violate a data principal's right to access their data as outlined in Section 9 of the DPDP Act.
BC,0.5,1,TC180,Data Minimisation,compliant,,,compliant,violating,,"Section 5, Section 6",7,False,"GreenAgro's farmer registration platform captures essential data elements, including but not limited to, farmer identifier, contact information, geographical coordinates, and agricultural commodity type, to facilitate farmer enrollment in the supply network.",The text describes data collection for a stated purpose: facilitating farmer enrollment in a supply network.,"While the stated purpose is legitimate, the text lacks detail on whether the data is minimized, consent is freely given, and other rights are protected, raising potential concerns."
BC,0.5,1,TC181,Consent,violating,Section 6,,violating,violating,null,null,8,False,"Enrollment into the data-sharing initiative with agri-insurance partners is facilitated upon registration, reflecting a standard procedure designed to enhance service offerings, with no explicit mechanism for declination prior to data sharing.",The text states data sharing occurs upon registration with no mechanism for declination prior to sharing.,This practice potentially violates the principles of informed consent and data principal control as it lacks a clear mechanism for individuals to decline data sharing before enrollment.
BC,0.5,1,TC182,Data Retention,compliant,,,compliant,compliant,,,7,False,"Compliance with the supply relationship lifecycle and regulatory requirements for record retention applies to farmer registration and transaction records, ensuring alignment with corporate governance and statutory obligations.","The text describes compliance measures, not data processing activities.","While the text mentions record retention, it lacks specifics on how personal data is processed, shared, or used, making it impossible to determine a violation."
BC,0.5,1,TC183,Grievance Redressal,violating,Section 13,,violating,violating,Section 7(h),Section 7(h),9,False,"GreenAgro has not designated any specific channels, such as a phone number, email address, or in-person contact point, for farmers who wish to provide feedback on the utilization of their data.","GreenAgro has not provided a designated channel for farmers to provide feedback on data utilization, violating the requirement for accountability.",This absence of a clear feedback mechanism potentially hinders a Data Fiduciary's ability to demonstrate accountability for data processing as outlined in Section 7(h).
BC,0.5,1,TC184,Data Minimisation,compliant,,,compliant,violating,,"Section 11, Part B",7,False,"CityCab's advanced driver engagement platform is designed to capture essential operational data, including but not limited to, geographical coordinates, service transactions, and financial details, for the efficient matching of passengers and drivers and the secure processing of payments.",The text describes data collection for stated purposes: efficient matching and secure payment processing.,"While stated purposes are given, the text lacks detail on how consent is obtained and managed for this data processing, raising concerns under Section 11 of Part B."
BC,0.5,1,TC185,Profiling / Behavioral Advertising,violating,Section 6,,violating,violating,Section 7,Section 7,8,False,"CityCab continuously monitors rider activity data, even when the application is not in active use, with the aim of enhancing service offerings. This data is then analyzed to create movement insights, which may be shared with selected partners for the purpose of improving advertising relevance, all in accordance with our data usage policies.",The text states data is shared with partners for advertising without specifying explicit consent mechanisms.,Sharing data for advertising purposes without explicit consent mechanisms for that specific purpose likely violates Section 7's requirement for specific and informed consent.
BC,0.5,1,TC186,Breach Notification,violating,Rule 7,,violating,compliant,Section 11,null,7,False,"A security assessment identified an exposure in a database, resulting in the review of trip histories and residential locations for a subset of users. CityCab has since addressed the identified vulnerability through internal procedures, ensuring no further data exposure, while compliance with notifications to affected parties and the Data Protection Authority is being expedited.",The text states that trip histories and residential locations were reviewed for a subset of users without explicit consent.,"While the review of data occurred due to a security breach, the text states CityCab is expediting notifications to affected parties, suggesting they are taking steps to comply with data breach notification requirements."
BC,0.5,1,TC187,Data Principal Rights,compliant,,,compliant,violating,,Section 6,7,False,"Riders have the ability to initiate a comprehensive export of their trip history and personal data via the application's enhanced privacy management options, with processing timelines adhering to established regulatory guidelines.",The text states data export is possible via the app and follows regulatory guidelines.,"While the text mentions data export, it lacks specifics about consent, purpose, and the nature of the 'regulatory guidelines', making it unclear if it complies with Section 6's requirements for specific and informed consent."
BC,0.5,1,TC188,Consent,compliant,,,compliant,compliant,,Section 6,9,False,"StreamFlix requests explicit user authorization prior to leveraging viewing patterns for customized suggestions, offering a prominent option for deselection.",The text states StreamFlix requests explicit user authorization before using viewing patterns.,This practice aligns with the DPDP's requirement for explicit consent for data processing purposes.
BC,0.5,1,TC189,Data Sharing / Disclosure,violating,Section 8,,violating,violating,null,Section 9,8,False,"StreamFlix has facilitated the transfer of subscribers' engagement insights and profile information to external data partners for the purpose of analysis, with the intent of enhancing user experience and content recommendations. No explicit agreements are in place to define the usage parameters of this shared data.","StreamFlix shares subscriber data with external partners without defined usage parameters, violating the principle of data minimization and purpose limitation.","Sharing data without defined usage parameters raises concerns about purpose limitation and potential misuse, potentially violating Section 9 of the DPDP Act."
BC,0.5,1,TC190,Children's Data,compliant,,,compliant,violating,,Section 8,7,False,"StreamFlix's proprietary children's profile feature is designed to limit data collection to essential metrics for personalized content recommendations while ensuring no targeted advertising is directed towards minors. Parental consent is required for activation, and the system is engineered to maintain compliance with relevant data protection regulations.",The text states that parental consent is required and the system is designed to comply with regulations.,"While the text claims compliance and parental consent, it lacks specifics on data types, purposes, and consent mechanisms, leaving room for potential violations under Section 8(1) regarding verifiable consent and Section 8(2) regarding detrimental effects."
BC,0.5,1,TC191,Grievance Redressal,compliant,,,compliant,compliant,,Rule 11(3),7,False,"Subscribers are encouraged to engage with StreamFlix's designated Compliance and Ethics Officer for unresolved privacy concerns, with contact information available within the application's comprehensive governance portal.","The text describes a contact point for privacy concerns, not a violation.","While this is a positive step, it doesn't explicitly demonstrate compliance with specific DPDP provisions regarding grievance redressal."
BC,0.5,1,TC192,Data Minimisation,violating,Section 4,,compliant,violating,,Section 6,7,False,"A smart doorbell camera continuously records and stores audio and video for comprehensive security purposes, ensuring a broader area is covered to enhance overall safety and security measures.",The text describes a stated purpose for data collection (security) without specifying unlawful collection practices.,"While the stated purpose is security, continuous recording of audio and video raises concerns about proportionality and potential misuse, lacking specific details on data retention and access controls."
BC,0.5,1,TC193,Breach Notification,compliant,,,compliant,compliant,null,Section 10,9,False,"HomeSecure's comprehensive incident management framework mandates the timely notification of potentially impacted customers, alongside the submission of relevant incident reports to the Data Protection Oversight Council, in accordance with established protocols.","The text describes a framework for incident management and reporting, aligning with regulatory expectations.",This practice aligns with the requirements for data breach notification outlined in the DPDP Rules 2025.
BC,0.5,1,TC194,Consent,violating,Section 6,,violating,violating,Section 6,Section 6,9,False,"HomeSecure facilitates the default cloud storage of all camera recordings upon initial setup, ensuring a seamless user experience without individually seeking customer consent for the remote storage of their footage.",HomeSecure stores camera recordings in the cloud by default without seeking customer consent.,"This practice likely violates Section 6 by failing to obtain consent for data processing, a necessary security safeguard."
BC,0.5,1,TC195,Data Principal Rights,compliant,,,compliant,compliant,,,8,False,"Parties may initiate the de-identification of their associated records and multimedia content via the integrated HomeSecure interface, with confirmation of compliance provided within a thirty-day timeframe.","The text describes a process for de-identification and confirmation of compliance, not a violation.","The text describes a process for de-identification, which is a lawful way to handle personal data, and doesn't inherently violate any DPDP provisions."
BC,0.5,1,TC196,Data Minimisation,compliant,,,compliant,PARSE_ERROR,,,,False,"QuickBite's standardized onboarding documentation protocol ensures the collection of essential identity verification and payout-related documents, aligned with current regulatory frameworks.","The text describes a standardized onboarding process aligned with regulatory frameworks, not unlawful data collection.",
BC,0.5,1,TC197,Data Sharing / Disclosure,violating,Section 8,,violating,violating,Section 7,Section 7,8,False,"QuickBite facilitates the sharing of anonymized delivery partner contact information with strategic marketing partners to explore potential synergies, without explicit notification to the delivery partners.",QuickBite shares anonymized delivery partner contact information without explicit consent.,"While anonymized, sharing contact information for marketing purposes without notification could be considered processing personal data without consent, potentially violating Section 7."
BC,0.5,1,TC198,Governance / Accountability,compliant,,,compliant,compliant,,,7,False,"QuickBite has designated a Data Protection Coordinator, who oversees periodic data governance reviews and provides quarterly updates on data compliance to senior management.","The text describes the appointment of a Data Protection Coordinator and their duties, which are consistent with good data governance practices.","While good practice, the text does not explicitly describe how personal data is handled, only the oversight structure."
BC,0.5,1,TC199,Data Principal Rights,violating,Section 11,,violating,compliant,Right to Access Personal Data,Right to Access Personal Data,6,False,"The request for access to personal data, including performance-related information, was declined due to the current limitations in our data access policies.","The text states that a request for access to personal data was declined, which violates the right to access personal data.","While the text states a decline in access, it doesn't specify the reason for the limitation, which could be valid under the DPDP."
BC,0.5,1,TC200,Consent,compliant,,,compliant,compliant,Section 7,Section 7,9,False,"Prior to initiating location-based services for delivery-time optimization, QuickBite solicits explicit consent from the delivery partner and provides a detailed explanation of the intended usage of the tracking data.",QuickBite seeks explicit consent and explains data usage before processing location data.,This practice aligns with Section 7's requirement for explicit consent and purpose specification before processing personal data.
BC,0.7,1,TC001,Consent,violating,Section 6,,violating,violating,Section 7,Section 7,8,False,"By completing this form, you acknowledge your acceptance of the General Usage Policies and permit us to share aggregated user activity insights with our strategic partners for mutual benefit.",The text states data will be shared with strategic partners without specifying the purpose or obtaining explicit consent.,"The text lacks detail on the purpose of sharing and whether consent is specific, informed, and freely given, potentially violating Section 7's requirements for consent."
BC,0.7,1,TC002,Consent,violating,Section 6,,violating,violating,Section 7(1)(c),Section 7(1)(c),9,False,"Your purchase history may be processed for targeted advertising purposes, aligning with our broader operational and strategic interests.",The text lacks a specific description of the goods or services enabled by the processing of purchase history for targeted advertising.,"The text lacks a specific description of the goods or services enabled by the processing of purchase history for targeted advertising, potentially violating Section 7(1)(c)."
BC,0.7,1,TC003,Consent,violating,Section 6,,violating,violating,null,null,10,False,Your ongoing engagement with this application is deemed to imply consent to all specified data management practices outlined in our comprehensive Terms and Conditions document.,"The text claims consent is implied by continued use, which is not a valid consent mechanism under the DPDP Act.","This implies consent based on continued use rather than explicit, informed consent, which is not a valid consent mechanism under the DPDP Act."
BC,0.7,1,TC004,Consent,violating,Section 6,,violating,violating,null,Section 6,8,False,"Your personal data may be shared with third parties following account creation, subject to withdrawal of consent within 24 hours.","The text states data sharing with third parties after account creation, subject to withdrawal within 24 hours, which implies potential non-compliance with the principle of informed consent.","While the text allows for withdrawal of consent, the 24-hour window may not be sufficient for meaningful informed consent as per DPDP principles."
BC,0.7,1,TC005,Consent,violating,Section 6,,violating,violating,Section 7,Section 7,9,False,"By downloading our app, users are provided with the option to consent to the sharing of their location data with our advertising partners for enhanced user experience and analytics.",The text lacks a specific description of the goods or services to be provided by sharing location data.,"The text lacks a specific description of the goods or services to be provided by sharing location data, which is required for informed consent under Section 7."
BC,0.7,1,TC006,Consent,compliant,,,compliant,compliant,Section 6(1),Section 6(1),9,False,We gather your email address exclusively for the purpose of facilitating your order confirmation. Users have the option to manage their communication preferences through the account settings interface at any time.,The text states a specific purpose for data collection (order confirmation) and provides a mechanism for users to manage their preferences.,"The text provides a specific purpose for data collection (order confirmation) and offers users control over their communication preferences, aligning with the requirements of Section 6(1) regarding informed consent."
BC,0.7,1,TC007,Consent,compliant,,,compliant,violating,Section 3(b),Section 3(b),7,False,"Prior to the collection of any personal information, we will provide a comprehensive disclosure outlining the specific data elements collected, the rationale for collection, and the mechanisms available for consent withdrawal, should they be deemed necessary.","The text states it will provide a clear and plain language disclosure of data elements, rationale, and consent withdrawal mechanisms.","While the text mentions providing information, it doesn't explicitly guarantee it will be in 'clear and plain language' as required by Section 3(b)."
BC,0.7,1,TC008,Consent,compliant,,,compliant,compliant,Section 4(4),Section 4(4),9,False,"Consent for communication purposes may be withdrawn at any time by utilizing the unsubscribe mechanism. The processing of such withdrawal will be effective within a prompt timeframe, contingent upon internal procedures.",The text states the user can withdraw consent and processing will be stopped promptly.,"The text states withdrawal will be effective promptly, which aligns with Section 4(4)'s requirement for withdrawal to be as easy as giving consent."
BC,0.7,1,TC009,Data Minimisation,violating,Section 4,,violating,violating,Section 7,Section 7,9,False,"To register for our online chess tournament, participants are requested to provide their full name, email address, and in compliance with data collection protocols, additional demographic information including the individual's blood group and location details for administrative purposes, as well as their mother's maiden name for verification.","The text requests unnecessary personal data (blood group, location, mother's maiden name) beyond what is reasonably required for the stated purpose of administering an online chess tournament.","Collecting blood group, location, and mother's maiden name for an online chess tournament is likely excessive and not demonstrably necessary for administration."
BC,0.7,1,TC010,Data Minimisation,violating,Section 4,,violating,violating,Section 6(1),Section 6(1),7,False,"To ensure optimal functionality of our basic calculator app, it may be necessary to request access to your device's microphone and contact list. Should you choose not to provide this access, certain features may not be available to you.","The text requests access to contact lists, which is not necessary for basic calculator functionality, implying consent is not limited to the specified purpose.","While the text doesn't explicitly state the necessity of contact list access for basic calculator functionality, it's possible the app uses it for features beyond calculation."
BC,0.7,1,TC011,Data Minimisation,violating,Section 4,,violating,violating,Section 4,Section 4,9,False,"Your real-time location is passively monitored by our food delivery app during app operation and when the app is in the background, in accordance with our privacy policies and user agreement terms.","The app passively monitors a user's real-time location even when the app is in the background, exceeding the scope of 'real-time location tracking for safety and protection' as outlined in Section 4.","Passive location tracking in the background, even for a food delivery app, likely exceeds the 'safety and protection' purpose outlined in Section 4."
BC,0.7,1,TC012,Data Minimisation,violating,Section 4,,compliant,violating,,Section 9,7,False,"To establish a library membership, we may require documentation that includes identity verification, financial information, employment background, and personal circumstances.","The text states the types of information requested for membership, but does not specify how it will be used.","The text describes the collection of personal data for a stated purpose (library membership) but lacks detail on how the data will be used, potentially violating the requirement for transparency under Section 9."
BC,0.7,1,TC013,Data Minimisation,compliant,,,compliant,violating,,Section 5(1)(a),7,False,"Our ride-sharing platform may gather location data related to both active and anticipated trips, with access controlled through dynamic parameters to ensure operational efficiency.","The text states data is gathered for operational efficiency, a lawful purpose.","While operational efficiency is a valid purpose, the text lacks specifics on how consent is obtained and whether the data collected is proportionate to the stated purpose."
BC,0.7,1,TC014,Data Minimisation,compliant,,,violating,compliant,Section 7,Section 7,7,False,"We may gather certain identifiers to facilitate your account setup, though the specifics are subject to change as per our evolving data management policies. Additional personal data collection is conditional and will be communicated in due course.","The text states data collection is conditional and will be communicated later, lacking the immediate, specific, and informed consent required by Section 7.","While the text mentions conditional data collection and future communication, it doesn't explicitly state a lack of immediate, specific, and informed consent as required by Section 7."
BC,0.7,1,TC015,Sensitive Data,violating,Section 4,,compliant,violating,,Section 9(2),8,False,Please provide your unique identification number and verify your biometric information to gain access.,"The text describes a verification process, not an explicit violation of the DPDP Act.","While not explicitly stated, this implies processing sensitive personal data (biometrics) without clear justification for necessity and purpose limitation."
BC,0.7,1,TC016,Sensitive Data,violating,Section 4,,violating,violating,Section 7(1)(i),Section 6(1)(i),8,False,Facial recognition data is gathered to enhance personalisation and product recommendations for our esteemed customers.,The text lacks an itemized description of the facial recognition data being collected.,"The text lacks a specific description of the facial recognition data collected and its purpose, potentially violating Section 6(1)(i) which requires an itemized description of personal data and its purpose."
BC,0.7,1,TC017,Sensitive Data,violating,Section 6,,violating,violating,Section 7,Section 6(1),8,False,"Your fingerprint data, collected for attendance purposes, will also be utilized by our organization for identity verification services, in alignment with corporate best practices and mutual agreements.",The text states data will be used for a purpose beyond the initial stated purpose of attendance without explicit consent.,"This expands the use of personal data beyond the initial stated purpose without mentioning explicit consent, potentially violating the principle of purpose limitation."
BC,0.7,1,TC018,Consent Withdrawal,violating,Rule 3,,violating,violating,Section 4(4),Section 4(4),9,False,"Consent withdrawal requests, where applicable, may be submitted via the mailing of a physically signed and notarized letter to our corporate headquarters. Upon receipt, such requests will be processed within ninety days.",The text specifies a cumbersome withdrawal process (physically signed and notarized letter) that is not comparable to the ease of giving consent.,"Requiring a physically signed and notarized letter for consent withdrawal is disproportionately burdensome compared to the ease of giving consent, violating Section 4(4)."
BC,0.7,1,TC019,Consent Withdrawal,violating,Rule 3,,violating,violating,null,null,8,False,"To unsubscribe from data processing activities, individuals are required to contact our dedicated support line during designated hours, specifically from 9:00am to 11:00am on Tuesdays, and successfully complete the requisite verification procedure.","The text restricts unsubscribe requests to specific hours and requires a verification procedure, potentially hindering the ease of exercising data rights.","While the text doesn't explicitly prohibit unsubscribing, the requirement of contacting a support line during specific hours and completing a verification procedure could potentially hinder the ease of exercising data rights, which is a concern under the DPDP."
BC,0.7,1,TC020,Consent Withdrawal,violating,Rule 3,,violating,violating,Section 4(4),Section 4(4),10,False,A fee of Rs. 500 may be requested to facilitate the processing of your consent withdrawal request.,"The text states a fee may be requested for withdrawing consent, violating the requirement for withdrawal to be as easy as giving consent.","Charging a fee for withdrawing consent makes it more difficult than giving consent, violating Section 4(4) of the DPDP Act."
BC,0.7,1,TC021,Consent Withdrawal,compliant,,,violating,compliant,Section 4(4),Section 4(4),8,False,The option to revoke consent is available within the System Preferences section of our application interface. Please note that the deactivation process may require a series of confirmatory steps and could take up to 24 hours to fully process and become effective.,"The text states the withdrawal of consent may take up to 24 hours, not being comparable to the ease of giving consent.","While the deactivation process takes time, it doesn't inherently prevent the ease of withdrawal being comparable to the ease of giving consent."
BC,0.7,1,TC022,Data Retention,violating,Section 8,,violating,compliant,,Rule 3(3),7,False,"Your personal data may be retained by us for an indefinite period on our servers to enhance the ongoing development and improvement of our artificial intelligence models, subject to applicable legal requirements.","The text states data may be retained indefinitely, contradicting the requirement to erase data after a specified period unless required by law.","While the text mentions indefinite retention, it also states compliance with legal requirements, potentially aligning with the rule on data retention for specific purposes."
BC,0.7,1,TC023,Data Retention,violating,Section 8,,violating,violating,,Section 9,9,False,Personal information is maintained indefinitely for the purpose of longitudinal research and enhancing our product offerings.,"The text states personal information is maintained indefinitely, which contradicts the requirement to erase data after a specified period unless further retention is required by law.",Maintaining data indefinitely without a legal basis or demonstrating the necessity for such retention contradicts the principle of data minimization and the requirement to erase data after a specified period.
BC,0.7,1,TC024,Data Retention,compliant,,,compliant,violating,null,Section 9,8,False,"We maintain your transaction records in compliance with regulatory requirements for a period of seven years, post which a comprehensive review process ensures the data's disposition in alignment with organizational policies. All other personal information is systematically purged within thirty days following account termination, in adherence to best practices and regulatory standards.",The text states data is purged within 30 days after account termination and maintained for 7 years for regulatory reasons.,"While the text states data is purged within 30 days for most purposes, retaining transaction records for seven years potentially exceeds the minimum one-year retention period unless justified by a specific legal obligation."
BC,0.7,1,TC025,Data Retention,compliant,,,compliant,compliant,,,7,False,"Your personal delivery address and contact information will be processed and, in accordance with our data management policies, will undergo a routine review for retention. You will be advised prior to any such review, ensuring alignment with our commitment to transparency.",The text states a routine review for retention will occur and the user will be advised prior.,"While the text mentions a review for retention, it states users will be advised beforehand, suggesting a process aligned with the Data Principal's right to be informed."
BC,0.7,1,TC026,Security,violating,Rule 6,,compliant,violating,,Section 6(8),7,False,User credentials and payment information are maintained in a structured format for the facilitation of expedient support operations by our customer support team.,The text states the purpose of data retention for customer support operations.,"While stated purpose is customer support, the text lacks detail on data minimization and retention period, potentially violating Section 6(8) regarding purpose limitation and retention."
BC,0.7,1,TC027,Security,violating,Rule 6,,compliant,violating,Section 6(1)(a),Section 6(1)(a),7,False,"Access to our database, which houses 2 million user records, is provided through an API endpoint for the facilitation of developer convenience, with appropriate security measures in place to ensure data protection.",The text mentions 'appropriate security measures' to protect data.,"While the text mentions 'appropriate security measures', it lacks specifics on what these measures are, leaving room for potential vulnerabilities."
BC,0.7,1,TC028,Security,compliant,,,compliant,compliant,"Section 6(1)(a), Section 6(1)(b)","Section 6(1)(a), Section 6(1)(b)",10,False,"We employ advanced encryption methodologies for all personal data storage and transmission, ensuring robust protection. Access to personal data is meticulously controlled and restricted to designated personnel.","The text describes the use of encryption and access controls, fulfilling the requirements of Section 6.",The practice aligns with the requirements of Section 6(1)(a) and (b) by implementing encryption and access controls.
BC,0.7,1,TC029,Security,compliant,,,compliant,compliant,,Section 6,6,False,"All sensitive information is maintained on systems that are purportedly ISO 27001 compliant, featuring role-based access mechanisms and ongoing surveillance for potential breaches.","The text describes security measures, not a violation.","While the text mentions security measures, it doesn't explicitly state how these measures comply with the DPDP's requirements for 'reasonable security safeguards' as outlined in Section 6."
BC,0.7,1,TC030,Breach Notification,violating,Rule 7,,compliant,violating,,Section 10(2),8,False,"Internal Memo: We recently encountered an incident that may have impacted certain user data. We are currently assessing the full scope of the situation to ensure appropriate measures are taken. At this time, no external communications are planned.",The text describes an assessment of a potential data breach but does not violate any explicit DPDP rules.,"While the organization is taking steps to assess the situation, it has not yet fulfilled its obligation under Section 10(2) to notify the Board within 72 hours of becoming aware of a potential breach."
BC,0.7,1,TC031,Breach Notification,violating,Rule 7,,violating,compliant,Section 24,Section 24,8,False,We identified an incident six days ago and are currently in the process of evaluating the potential business implications before making a determination regarding user notification.,The text states an incident was identified six days ago but no notification to users has been made.,"While the organization has identified a breach, it is within the allowed timeframe to evaluate the impact before notifying users as per Section 24(2)(b)."
BC,0.7,1,TC032,Breach Notification,compliant,,,violating,violating,null,Rule 10(1),8,False,We identified an incident that may have impacted user contact information. We are in the process of communicating with the relevant authorities and are committed to providing timely notifications to all stakeholders.,"The text states they are 'in the process of communicating' with authorities, not immediately notifying affected individuals.","While the organization mentions communicating with authorities, the text lacks a clear commitment to notifying affected individuals without delay as required by the DPDP Rules."
BC,0.7,1,TC033,Grievance Redressal,violating,Rule 9,,compliant,violating,,Section 10(1)(b),8,False,"If you have concerns regarding privacy, we encourage you to share them through our internal feedback mechanism. Please note, there is no specified point of contact designated for such matters at this time.",The text encourages feedback regarding privacy concerns but does not specify a point of contact.,"While encouraging feedback is positive, the absence of a designated point of contact for privacy concerns may hinder a data principal's ability to effectively exercise their right to raise grievances."
BC,0.7,1,TC034,Grievance Redressal,violating,Rule 9,,violating,compliant,null,,7,False,"Data protection inquiries must be received through authorized channels, which include fax submission. Unsolicited digital communications may not be processed for privacy-related concerns.","The text states that data protection inquiries must be received through fax submission, which may not be the most secure or efficient method.","While fax may not be the most secure method, the text doesn't explicitly prohibit other channels or violate any specific DPDP provision regarding communication methods."
BC,0.7,1,TC035,Grievance Redressal,compliant,,,compliant,compliant,,,7,False,"Our Designated Data Protection Authority contact can be reached at dpa@ourorganisation.com. Concerns will be addressed within an expedited timeframe, as per company policy.",The text only provides contact information for a Designated Data Protection Authority.,"While providing contact information is a good practice, it doesn't inherently demonstrate compliance with DPDP provisions regarding handling data principal requests or addressing concerns."
BC,0.7,1,TC036,Grievance Redressal,compliant,,,violating,compliant,,,7,False,"Engage the Services of our Designated Data Protection Officer (DDPO) via email at ddpo@company.in or through our dedicated confidential hotline, 1800-XXX-XXXX. Compliance with regulatory requirements is assured through our robust grievance redressal mechanism, ensuring timely resolution of all data-related concerns within the stipulated timeframe.",The text claims 'compliance with regulatory requirements is assured' without specifying the consent mechanisms used.,"While the text mentions a grievance redressal mechanism, it doesn't explicitly describe how personal data is processed or if consent mechanisms are in place."
BC,0.7,1,TC037,Data Principal Rights,violating,Section 14,,compliant,compliant,,Section 12(2),7,False,"User Request: There appears to be an inconsistency with my recorded surname. System Response: Following our data integrity protocols, any modifications to existing records require re-verification. Your request is being reviewed to ensure compliance with our procedures.","The system response mentions a review process for data modification, which is not inherently a violation.","While the response mentions a review process, it does not explicitly deny the user's request or indicate any unreasonable delay, potentially fulfilling the Data Principal's right to correction under Section 12(2)."
BC,0.7,1,TC038,Data Principal Rights,violating,Section 14,,compliant,violating,,Section 6,7,False,"Personal data access requests are handled in accordance with our proprietary data management protocols, ensuring that user data cannot be extracted or exported from our systems without proper authorization.",The text describes security measures to prevent unauthorized data access.,"While the text mentions security measures, it doesn't explicitly confirm compliance with data principal rights like access as stipulated in Section 6."
BC,0.7,1,TC039,Data Principal Rights,compliant,,,compliant,compliant,,,9,False,Requests for access to or deletion of personal data will be managed in accordance with the prescribed timelines as outlined by the DPDP Act. Please utilize the secure account management portal to submit such requests.,The text states compliance with DPDP Act timelines and provides a method for submitting requests.,"The text states adherence to legal timelines and provides a method for exercising data rights, indicating compliance."
BC,0.7,1,TC040,Data Principal Rights,compliant,,,compliant,violating,,Mandatory Response within Ninety Days,7,False,"Requests for a copy of your personal data or for its erasure can be submitted through the Privacy Management Module of your account. Processing timelines for such requests will be managed in accordance with standard operational procedures, with completion expected within the stipulated timeframe.","The text states requests will be processed within a stipulated timeframe, implying compliance with the 90-day limit.","While the text mentions a timeframe, it doesn't explicitly guarantee compliance with the 90-day limit mandated by the DPDP Rules."
BC,0.7,1,TC041,Children's Data,violating,Section 9,,violating,violating,Section 7,Rule 7,9,False,"Has the participant attained the age of majority? Should the affirmative response be provided, it shall be construed as confirmation of having received necessary parental consent, thereby enabling the creation of an account and the sharing of location data with other users.","The text states that confirming the age of majority is construed as parental consent, which may not be verifiable.","This practice potentially violates Rule 7 by assuming age of majority equals verifiable parental consent, without proper checks as outlined in the rule."
BC,0.7,1,TC042,Children's Data,violating,Section 9,,violating,violating,Section 7,Section 7,8,False,"Based on the observed activity within the Kids Math Games section, these toy advertisements have been tailored to align with your interests.","The text states that advertisements have been tailored to a child's interests based on their activity, which may not be restricted to the extent necessary.",Tailoring advertisements to a child's interests based on their activity may not be restricted to the extent necessary for the purposes outlined in Section 7 of the Act.
BC,0.7,1,TC043,Children's Data,violating,Rule 10,,violating,compliant,Section 11,,7,False,"In accordance with our verification protocol, authorization from a legal guardian is required for individuals under 18. Please provide the email address associated with the legal guardian's DigiLocker account for the purpose of verification.","The text requests a DigiLocker account email for verification, implying consent is obtained through this platform without specifying the mechanism.","While the text mentions DigiLocker, it doesn't explicitly state that consent is obtained through the platform, leaving room for other verification mechanisms."
BC,0.7,1,TC044,Children's Data,violating,Section 9,,violating,violating,Section 7,Section 7,8,False,We provide anonymized insights related to user behavior to selected partners engaged in educational technology for the purpose of enhancing product development initiatives.,The text states anonymized insights are provided to partners without specifying how anonymization ensures non-identification of individuals.,"While anonymization is mentioned, the text lacks specifics on how it prevents identification, which is necessary to comply with the principles of data minimization and purpose limitation."
BC,0.7,1,TC045,Children's Data,compliant,,,compliant,compliant,Section 11,Section 11,10,False,"For users under 18, we ensure verifiable consent from a parent or guardian through an integrated verification process, which is facilitated via our DigiLocker ecosystem prior to account creation or data processing.",The text states verifiable consent is obtained from a parent or guardian via DigiLocker before processing data.,"This practice aligns with Section 11 of the DPDP Rules 2025, which mandates verifiable consent from a parent or guardian for processing a child's personal data."
BC,0.7,1,TC046,Children's Data,compliant,,,compliant,compliant,Section 3(3),Section 3(3),7,False,Our digital learning ecosystem ensures that targeted advertisements are not served to users below the age of 18. Data pertaining to minors is exclusively utilized for enhancing personalized educational experiences.,"The text states that targeted advertisements are not served to users below 18, complying with the section.","While the text states that targeted advertising is restricted for minors, it does not explicitly address other processing activities permitted under Section 3(4) and the potential for data use beyond personalized education."
BC,0.7,1,TC047,Cross-Border Transfer,violating,Section 15,,violating,violating,Section 6(1),Section 6(1),9,False,"By utilizing this service, individuals are deemed to have agreed to the collection and retention of their personal information within the jurisdictions specified by the Central Government in [Country X].","The text states consent is implied by using the service, rather than being free and specific.",This implies consent rather than making it free and specific as required by Section 6(1) of the DPDP Act.
BC,0.7,1,TC048,Cross-Border Transfer,violating,Section 15,,violating,violating,Section 15,Section 15,10,False,"User data is transferred to the parent company's servers in a jurisdiction yet to be determined, without any limitations or restrictions.",The text states data is transferred outside India without meeting requirements specified by the Central Government.,Transferring personal data outside India without meeting the requirements specified by the Central Government violates Section 15 of the DPDP Rules 2025.
BC,0.7,1,TC049,Cross-Border Transfer,compliant,,,compliant,compliant,,Section 15,10,False,All personal data is stored within servers situated in India. There is no external transfer of personal data out of the jurisdiction.,The text states that all personal data is stored within India and there is no external transfer.,"The practice aligns with Section 15 of the DPDP Act, which regulates the transfer of personal data outside India."
BC,0.7,1,TC050,Cross-Border Transfer,compliant,,,compliant,compliant,Section 16(1),Section 16(1),9,False,"In accordance with our established protocols, the transfer of personal data beyond the jurisdiction of India is executed exclusively to designated entities approved by the Central Government, adhering rigorously to the relevant transfer stipulations and regulatory frameworks.","The text states data transfer is done to entities approved by the Central Government, adhering to transfer stipulations.","This practice aligns with Section 16(1) of the DPDP Act, which allows the Central Government to restrict data transfers to specific countries or territories."
BC,0.7,1,TC051,Purpose Limitation,violating,Section 6,,violating,violating,Section 6(1),Section 6(1),8,False,"Thank you for providing your phone number for enhanced security purposes. This number may also be utilized to disseminate relevant communications, including promotional SMS messages from our partners, to ensure you remain informed of exclusive offers and services.",The text states the phone number may be used for promotional SMS messages without specifying if this use is limited to what is necessary and has explicit consent.,"The text does not explicitly state if the use of the phone number for promotional messages is limited to what is necessary and has explicit consent, potentially violating Section 6(1)."
BC,0.7,1,TC052,Purpose Limitation,violating,Section 6,,violating,compliant,null,Section 9,6,False,The health data provided to our fitness application may be analyzed and shared with insurance entities for the purpose of assessing and determining premium offerings.,"The text states that health data will be shared with insurance entities for determining premium offerings, which may not be a lawful purpose under the DPDP Act.","While the text states a purpose related to insurance, it lacks clarity on whether this purpose is directly related to the user's fitness data or if it constitutes an excessive collection beyond the scope of the fitness application."
BC,0.7,1,TC053,Purpose Limitation,compliant,,,compliant,compliant,,"Section 7(c), Section 17(2)(b)",9,False,"The utilization of location data collected during delivery operations is strictly confined to the purpose of optimizing route dispatching and ensuring timely delivery updates. Upon confirmation of delivery, said data is systematically purged in accordance with established protocols.",The text states location data is deleted upon delivery confirmation.,"The text describes a limited use of personal data (location) for a specific purpose (delivery) and deletion upon completion of that purpose, aligning with principles of data minimization and purpose limitation."
BC,0.7,1,TC054,Purpose Limitation,compliant,,,compliant,compliant,,Section 6(1)(c),9,False,We leverage your email address exclusively for the transmission of order confirmations and critical security advisories. The utilization for marketing purposes is prohibited unless supplemented by your separate and explicit authorization.,The text states that marketing use is prohibited unless the user provides explicit consent.,"This practice aligns with Section 6(1)(c) of the DPDP Act, which mandates specific, informed consent for data processing, including the purpose of marketing."
BC,0.7,1,TC055,SDF Obligations,violating,Rule 13,,violating,violating,Section 11 (1),Section 11(1),10,False,"A Data Protection Impact Assessment has not been initiated in the past 24 months, despite the organization's commitment to conducting such assessments on an annual basis.","The text states a Data Protection Impact Assessment has not been conducted in the past 24 months, violating the requirement for annual assessments.",This violates Section 11(1) which mandates annual Data Protection Impact Assessments for Significant Data Fiduciaries.
BC,0.7,1,TC056,SDF Obligations,violating,Rule 13,,violating,violating,Section 14,Section 14,9,False,Regular assessments of the data processing systems affecting more than 10 crore user profiles have not been conducted to ensure compliance with data principal rights.,The text states that assessments to ensure compliance with data principal rights have not been conducted.,Failing to conduct regular assessments to ensure compliance with data principal rights under Section 14 potentially violates the Data Principal's right to exercise their rights under the Act.
BC,0.7,1,TC057,SDF Obligations,compliant,,,compliant,compliant,,Section 11(2)(b)(ii),9,False,"As a Strategic Data Governance Entity, we undertake comprehensive Data Risk Evaluations on an annual basis and undergo independent oversight mechanisms. Findings are documented and submitted to the Regulatory Oversight Committee.","The text describes compliance measures and oversight, not violations.","The text describes lawful compliance measures, aligning with the requirements for Significant Data Fiduciaries."
BC,0.7,1,TC058,Consent Manager,violating,Rule 4,,compliant,compliant,,,9,False,"The Consent Manager platform, which is managed by a corporation registered in Singapore, appears to be in the process of assessing compliance with all relevant incorporation requirements, including those of India.","The text describes an assessment of compliance, not a violation.","The text describes an assessment of compliance, not an actual processing of personal data, so it doesn't violate any specific DPDP provisions."
BC,0.7,1,TC059,Consent Manager,compliant,,,compliant,violating,,"Section 11, Part B",7,False,"The Consent Management Solution employed is registered with the Data Protection Authority, incorporated in a geopolitically strategic jurisdiction, and operates an advanced, interoperable platform for consent management.",The text describes a registered and compliant Consent Management Solution.,"While the text describes positive features, it lacks specifics on how the platform ensures consent is freely given, specific, informed, and unambiguous as required by the DPDP."
BC,0.7,1,TC060,Lawful Processing,compliant,,,compliant,violating,Section 7,Section 6(1),7,False,"For the purpose of processing your employment-related payroll, we may require the submission of your bank account information and PAN card details. Such data handling is conducted in accordance with the provisions outlined under the DPDP Act for employment-related purposes.","The text states data is used for employment-related payroll processing, a lawful purpose under Section 7.","While Section 7 allows processing for employment purposes, the text doesn't explicitly state the necessity of collecting both bank account and PAN card details for payroll, raising a potential over-collection concern."
BC,0.7,1,TC061,Lawful Processing,compliant,,,violating,compliant,Section 15,,7,False,"We leverage your Aadhaar number for identity verification as part of our comprehensive onboarding process, aligned with regulatory requirements.","The text mentions leveraging Aadhaar for identity verification, which could involve transferring personal data outside India without specifying compliance with Section 15.","While the text mentions using Aadhaar, it doesn't explicitly state transferring data outside India, so Section 15 isn't directly violated."
BC,0.7,1,TC062,Lawful Processing,violating,Section 7,,violating,compliant,Section 6(1),,7,False,"Medical records are processed under the state health scheme as per government directives, with the aim of enhancing overall health services, though individual consent is not explicitly sought in this process.","The text states that individual consent is not explicitly sought for processing medical records, which is a violation of Section 6(1) requiring free, specific, informed, unconditional and unambiguous consent.","While the text states consent is not explicitly sought, processing under government directives for a legitimate public purpose could potentially fall under a lawful basis other than consent."
BC,0.7,1,TC063,Lawful Processing,violating,Section 6,,violating,violating,null,Section 6(1),9,False,"We process your personal data for purposes that we deem to be in your best interest, though not explicitly outlined in our privacy policy.","The text states data processing is for purposes deemed in the user's best interest without explicit outline, violating the requirement for specific and informed consent.","This violates Section 6(1) of the DPDP Act 2023, which requires specific and informed consent for data processing, including a clear description of the purposes."
BC,0.7,1,TC064,Data Processor,violating,Rule 6,,compliant,violating,,Section 11(1)(f),7,False,"Security measures for user data are being reviewed and considered by our third-party data processor, although no specific contractual requirements exist at this time.","The text states that security measures are being reviewed, not that they are inadequate.","While review is a positive step, the absence of specific contractual requirements for security measures could leave the organization vulnerable to breaches and non-compliance with DPDP obligations."
BC,0.7,1,TC065,Data Processor,compliant,,,compliant,compliant,,"Section 7, Part B",9,False,All data processing entities are required to uphold equivalent security protocols as ours and are restricted from executing any data processing operations outside the scope explicitly defined within our contractual agreements.,"The text describes restrictions on data processing and security protocols, not a violation.","This practice aligns with the requirements of lawful processing, defined purpose, and data minimization outlined in Section 7 and Part B of the DPDP Rules 2025."
BC,0.7,1,TC066,Notice,violating,Rule 3,,violating,violating,null,Section 10 (Consent),7,False,"Our privacy policy, which is crafted to ensure comprehensive compliance with DPDP, is provided in English and is designed to be rigorously detailed, thereby requiring a nuanced understanding. We believe this approach sufficiently informs users of their rights and obligations.",The text claims regulatory compliance without specifying consent mechanisms.,"While the text claims compliance, it lacks specifics about consent mechanisms, which are crucial under the DPDP framework."
BC,0.7,1,TC067,Notice,violating,Rule 3,,compliant,violating,,Rule 3,8,False,We incorporate data collection consent into a suite of 15 corporate policy acknowledgments presented on the registration interface.,"The text describes a method of presenting consent, but does not explicitly violate any DPDP sections.","This practice may constitute a violation of DPDP Rules 2025 as it bundles consent for data processing with other unrelated corporate policies, potentially obscuring the specific nature and purpose of data collection and hindering informed consent."
BC,0.7,1,TC068,Notice,compliant,,,compliant,violating,,Rule 10 or 11,7,False,"Prior to data acquisition, a distinct, unambiguous consent disclosure is provided, outlining the nature of the data, intended usage, and procedures for revoking consent, ensuring alignment with regulatory best practices.",The text states a clear consent disclosure is provided prior to data acquisition.,"While the text states a clear consent disclosure, it lacks specifics on how this aligns with the DPDP's requirements for 'verifiable consent' as defined in Rule 10 or 11."
BC,0.7,1,TC069,Notice,compliant,,,compliant,compliant,,Section 3(i),6,False,"The consent notice is distinctly articulated from other contractual provisions and is accessible in multiple languages, including but not limited to, Hindi, Tamil, Bengali, and English, to ensure comprehensive comprehension.",The text describes the consent notice's accessibility in multiple languages.,"While accessibility is positive, the text doesn't describe how consent is obtained or if it meets the requirements of Section 3(i) regarding ease of withdrawal."
BC,0.7,1,TC070,Nomination Rights,violating,Section 14,,violating,violating,Section 14(1),Section 14(1),10,False,Such arrangements for the exercise of data rights on behalf of users are not facilitated under any circumstances.,"The text explicitly states that arrangements for exercising data rights on behalf of users are not facilitated, violating the Data Principal's right to nominate another individual.",This directly contradicts Section 14(1) which grants Data Principals the right to nominate someone to exercise their rights in case of death or incapacity.
BC,0.7,1,TC071,Nomination Rights,compliant,,,compliant,compliant,,Section 9 (Rights of Data Principal),9,False,You have the option to delegate your DPDP rights to a designated party via the Designation module within your administrative profile.,"The text describes a feature for delegating DPDP rights, not an explicit violation.",This practice aligns with the DPDP framework's emphasis on user control and agency over personal data.
BC,0.7,1,TC072,Data Sharing / Disclosure,violating,Section 6,,violating,violating,Section 5(1),Section 5(1),8,False,Anonymised user behaviour profiles are provided to authorised third-party entities for the purpose of commercial analysis.,The text states anonymised user behaviour profiles are provided to third parties for commercial analysis without specifying the legal basis for such processing.,"While anonymised, the purpose of commercial analysis could still be linked back to individuals, potentially impacting their privacy."
BC,0.7,1,TC073,Data Sharing / Disclosure,compliant,,,compliant,violating,,Section 11(1)(a),7,False,"We collaborate with various research entities to exchange aggregated, anonymized operational insights. These interactions are designed to ensure the protection of individual data points.","The text states anonymized data is exchanged for research, implying protection of individual data points.","While anonymization is a valid data protection measure, the text lacks specifics on how anonymization is achieved, leaving room for potential re-identification of individuals."
BC,0.7,1,TC074,Data Sharing / Disclosure,violating,Section 6,,violating,violating,null,Section 7,8,False,"Your personal data may be shared with our affiliated entities for the purpose of integrated service offerings; however, this sharing is governed by overarching consent mechanisms established with you.",The text claims data sharing is governed by consent mechanisms but does not specify what those mechanisms are.,"While the text mentions consent mechanisms, it lacks specifics about their nature, potentially violating the requirement for specific and informed consent as outlined in Section 7."
BC,0.7,1,TC075,Transparency,violating,Section 14,,compliant,violating,,Section 6,7,False,"We ensure that the details of personal data held, its utilization, and any third parties involved are communicated to users in accordance with our established protocols and procedures.",The text states that data usage and third-party involvement are communicated to users according to established protocols.,"While the text mentions communication, it lacks specifics on the content, form, and voluntariness of this communication, which are crucial for determining valid consent under Section 6."
BC,0.7,1,TC076,Transparency,compliant,,,compliant,violating,,"Section 9, Section 10",7,False,"In accordance with our policies, we offer comprehensive reports to users detailing the types of personal data retained, the rationale for its processing, and the entities with which such data has been shared, ensuring transparency and alignment with regulatory guidelines.","The text states transparency and alignment with regulatory guidelines, but does not explicitly violate any DPDP sections.","While transparency is encouraged, the text lacks specifics on consent, lawful basis, or data minimization, leaving room for potential violations."
BC,0.7,1,TC077,Automated Decisions,violating,Section 6,,violating,violating,Section 3(3),Section 3(3),9,False,"Personal data assessments for loan applications are conducted through automated processes, with final decisions made without additional human intervention or appeal mechanisms.","The text states automated decisions are made without appeal mechanisms, violating the requirement for human oversight and appeal rights.","The absence of human oversight and appeal mechanisms in automated decision-making processes for loan applications raises concerns about fairness and the right to challenge decisions, potentially violating the principles of transparency and accountability."
BC,0.7,1,TC078,Automated Decisions,compliant,,,compliant,compliant,,Section 6,9,False,"Where automated processing may significantly impact your strategic alignment with organizational objectives, you have the right to request a human-mediated review of the decision and to contest the outcome.","The text describes a Data Principal's right to a human review, which aligns with DPDP principles.",This practice aligns with the DPDP's emphasis on human oversight in automated decision-making processes.
BC,0.7,1,TC079,Exemptions,violating,Section 7,,compliant,violating,,Section 9,7,False,"We seek to maintain data retention for research and development purposes, as deemed necessary by our internal governance framework, while also leveraging data analytics for advertising enhancements.",The text states a purpose for data retention (research and development) and mentions using data for advertising enhancements.,"While the text mentions a purpose for data retention, it lacks clarity on the necessity of retaining data indefinitely for research and development and the legal basis for using it for advertising enhancements."
BC,0.7,1,TC080,Exemptions,compliant,,,compliant,violating,,Section 4(1),7,False,"Personal data processed in accordance with the research provisions is utilized exclusively for scholarly evaluation, remains anonymized in dissemination, and is scheduled for destruction subsequent to the investigation.","The text states the data is anonymized and destroyed after use, indicating compliance.","While the text states anonymization and destruction, it lacks detail on the lawful basis for processing and consent, which are crucial under Section 4(1) of the DPDP Act."
BC,0.7,1,TC081,Consent,compliant,,,compliant,violating,,Section 6(1),7,False,"We may require your email address for the delivery of your transaction confirmation. Additionally, you have the option to subscribe to our periodic communications by selecting the corresponding field. Your preference to receive such communications can be modified or withdrawn at any point in time.",The text states users can modify or withdraw their consent to receive communications.,"While users can withdraw consent, the text doesn't explicitly state if the email address collection for transaction confirmations is necessary for that purpose alone, potentially violating Section 6(1) regarding specific, informed consent."
BC,0.7,1,TC082,Consent,violating,Section 6,,violating,violating,Section 11(1),Section 11(1),10,False,Consent for marketing purposes is presumed upon registration unless explicitly revoked by the user. Users are advised to review the terms to ensure their preferences are accurately recorded.,"The text states consent for marketing is presumed upon registration, which contradicts the requirement for explicit consent.","This practice contradicts the requirement for explicit consent under Section 11(1) of the DPDP Act 2023, as it presumes consent instead of obtaining it directly."
BC,0.7,1,TC083,Consent,violating,Section 6,,violating,compliant,Section 4(4),Section 4(4),7,False,Account deactivation and associated data retention may occur following the withdrawal of consent for optional data collection.,"The text states that data retention may occur after consent withdrawal for optional data collection, which must be as easy to withdraw as it was to give.","While the text mentions data retention after consent withdrawal, it doesn't specify that the withdrawal process is not as easy as giving consent, nor does it state that retention is indefinite."
BC,0.7,1,TC084,State Processing,compliant,,,compliant,compliant,,Section 6,6,False,The organization manages personal information to facilitate various national initiatives. Notifications regarding data utilization are disseminated through the official engagement platform.,"The text states data utilization notifications are sent through an official platform, which is not inherently a violation.","While the text mentions notifications, it lacks specifics about the content, nature of consent obtained, or whether it aligns with the principles of specific, informed, and freely given consent as outlined in Section 6."
BC,0.7,1,TC085,State Processing,violating,Section 7,,violating,violating,Section 14,Section 14,8,False,Citizen data is shared with private sector partners for commercial purposes with a focus on advancing public interest initiatives.,"The text states data is shared with private partners for commercial purposes, which may not align with the rights of Data Principals as outlined in Section 14.","While the text mentions 'public interest initiatives', sharing citizen data with private partners for commercial purposes could potentially conflict with Data Principal rights as outlined in Section 14, especially if consent is not freely given, specific, informed, and unambiguous."
BC,0.7,1,TC086,Healthcare,violating,Section 6,,violating,compliant,Section 12(b),Section 12(b),6,False,"Patient medical records from our hospital are occasionally shared with pharmaceutical companies for the purpose of drug development, as part of an established industry collaboration framework.","The text states sharing patient data for drug development, which may involve decisions specific to data principals and is not explicitly stated to adhere to prescribed standards.","While the text mentions sharing for drug development, it lacks detail on whether the processing adheres to prescribed standards for non-decision-specific research."
BC,0.7,1,TC087,Healthcare,compliant,,,compliant,violating,,Section 6(3),7,False,"Patient health data is processed exclusively for healthcare service delivery. Sharing with third parties is permitted only with explicit patient authorization; however, specific processes and documentation for such authorizations are currently under review for potential enhancement.",The text states data is used for healthcare and sharing requires explicit patient authorization.,"While the text states explicit authorization is required for sharing, the ongoing review of processes suggests potential for future non-compliance."
BC,0.7,1,TC088,Financial,compliant,,,compliant,violating,,Section 6(3),7,False,"We manage your financial and personal information exclusively for the purpose of payroll disbursement, in accordance with relevant employment regulations. It is intended that this data will not be utilized for any additional purposes.",The text states data will only be used for payroll disbursement and not for additional purposes.,"While the statement is positive, it lacks specifics on data retention after the purpose is served, potentially violating Section 6(3) regarding data erasure."
BC,0.7,1,TC089,Financial,violating,Section 6,,violating,violating,Section 7(2),Section 7(2),8,False,"Your financial transaction data may be shared with select third parties, including credit bureaus, marketing agencies, and data brokers, for the purpose of analytics and service enhancement, as determined by the organization.",The text states data sharing with third parties for analytics and service enhancement without specifying a valid contract.,"The text lacks clarity on whether valid contracts are in place with these third parties, potentially violating Section 7(2) which mandates contracts for data processing on behalf of a Data Fiduciary."
BC,0.7,1,TC090,Response Time,compliant,,,compliant,compliant,,,8,False,"To initiate a data inquiry or de-identification procedure, please submit via the Data Request Portal. Your case will be reviewed by our Compliance Oversight Unit within the specified timeframe.","The text describes a process for data inquiries and de-identification, but does not explicitly violate any DPDP sections.","The text describes a process for handling data requests, which is a positive practice and not explicitly prohibited by the DPDP."
BC,0.7,1,TC091,Response Time,violating,Rule 14,,violating,violating,Section 7,Section 6,9,False,"Access requests for data are reviewed and responded to within 180 days, as determined by our administrative procedures. The company retains the discretion to decline such requests without specifying reasons.","The company states it takes 180 days to respond to data access requests, exceeding the 90-day limit.",This exceeds the 90-day limit for responding to data access requests as stipulated in Section 6 of the DPDP Act.
BC,0.7,1,TC092,Profiling / Behavioral Advertising,violating,Section 6,,compliant,violating,,Section 11,8,False,"We engage in the collection of anonymized user engagement insights through the utilization of third-party cookies to better understand user behaviors across our network, with the aim of enhancing user experience, though this process ensures all actions are conducted in strict adherence to data protection regulations and user privacy considerations.",The text states they adhere to data protection regulations and user privacy considerations.,"While the text claims adherence to regulations, the use of third-party cookies for data collection without explicit user consent may violate the DPDP Act's requirements for specific and informed consent."
BC,0.7,1,TC093,Profiling / Behavioral Advertising,compliant,,,compliant,violating,,"Section 5, Section 6",7,False,We leverage anonymized and aggregated data insights to enhance user engagement strategies. Individual profiling is strictly prohibited.,The text states that individual profiling is prohibited.,"While the text prohibits individual profiling, it does not specify how anonymization and aggregation are achieved, leaving room for potential violations of data minimization and purpose limitation principles."
BC,0.7,1,TC094,Employee Data,violating,Section 6,,violating,violating,Section 7,Section 6,8,False,"Employee communications, including those conducted via personal devices connected to our network, are subject to monitoring in order to ensure the security and integrity of our information systems, without employees' explicit knowledge.","The text states monitoring of employee communications without explicit knowledge, which violates the principle of transparency and informed consent.",This practice may violate Section 6 as it lacks transparency and informed consent regarding the monitoring of employee communications.
BC,0.7,1,TC095,Employee Data,compliant,,,compliant,violating,,Section 7(b),7,False,"Employee activity tracking is conducted within the parameters of company-owned digital assets and infrastructure during business hours, as per standard operational procedures. Notification of such measures is provided to employees as part of the organizational onboarding protocol.","The text describes data processing within company-owned infrastructure and during business hours, with employee notification.","While notification is mentioned, the text lacks detail on the purpose and necessity of the tracking, potentially violating Section 7(b) regarding lawful processing and limited data collection."
BC,0.7,1,TC096,Edge Case Compliant,compliant,,,compliant,compliant,null,Section 6(1),7,False,"Before initiating further actions, kindly review our Comprehensive Privacy Compliance Statement. This document outlines the collection of your delivery address and contact number for the purpose of facilitating food order delivery services. Please note, we retain this information for a limited period post-delivery. For detailed information, please access the Full Compliance Notice.",The text states the purpose of data collection and retention period.,"While the text mentions the purpose and retention period, it lacks specifics about the 'limited period' and doesn't explicitly state how the data is used beyond delivery."
BC,0.7,1,TC097,Edge Case Compliant,compliant,,,violating,compliant,Section 6(c),Section 6(c),8,False,"Our solution proactively monitors anomalous activity and reserves the right to implement temporary account restrictions for security enhancement. Logging of relevant data, including but not limited to IP addresses and device characteristics, is conducted for comprehensive security analysis.","The text states logging of data, including IP addresses and device characteristics, but does not mention how this logging will be used for detection of unauthorized access, its investigation and remediation.","While the text doesn't explicitly state how logs will be used, the purpose of monitoring and restricting accounts suggests a goal of detecting and responding to unauthorized access, fulfilling Section 6(c)."
BC,0.7,1,TC098,Edge Case Compliant,compliant,,,compliant,violating,,Section 5,7,False,"We leverage your digital footprint within our ecosystem to optimize your personalized experience. While this data is not disseminated externally, its retention and management are subject to dynamic internal policies.",The text states data is not disseminated externally and is managed by internal policies.,"While the text states data is not shared externally, it lacks specifics on the lawful basis for collecting and retaining the digital footprint, potentially violating Section 5 regarding lawful grounds for processing."
BC,0.7,1,TC099,Edge Case Compliant,compliant,,,compliant,compliant,,Section 9,9,False,"We maintain comprehensive records of all transactions in accordance with regulatory requirements, retaining these records for a period not less than one year. Such records are utilized exclusively for compliance purposes.","The text states data is retained for compliance purposes and for a minimum of one year, aligning with the DPDP Act.","This practice aligns with Section 9 of the DPDP Rules 2025, which mandates data retention for at least one year for compliance purposes."
BC,0.7,1,TC100,Edge Case Compliant,compliant,,,compliant,compliant,,,4,False,"To enhance operational integrity, our organization employs advanced analytics to identify potential anomalies in transactional data. Upon detection, a rigorous review process is initiated, involving specialized teams to ensure comprehensive assessment, prior to any decision-making.","The text describes a review process for potential anomalies, not data processing practices.","While the text describes data analysis, it lacks specifics on how personal data is used, processed, or shared, making it difficult to assess a violation."
BC,0.7,1,TC101,Data Minimisation,compliant,,,compliant,compliant,,,7,False,"Prior to the deployment of a newly developed client-engagement solution that involves the handling of personal data, the organization undertakes a thorough Data Privacy Risk Evaluation and implements suggested mitigations in accordance with its 'privacy-first' methodology.","The text describes a privacy risk evaluation and mitigation process, which aligns with responsible data handling.","While a good practice, the text doesn't explicitly state compliance with specific DPDP provisions."
BC,0.7,1,TC102,Data Minimisation,violating,Section 8,,violating,violating,Section 35,Section 35,8,False,"A new enterprise-wide HR analytics tool has been implemented, which passively processes various types of personal information. This initiative has undergone a structured alignment process to ensure compatibility with existing corporate frameworks, although a formal privacy impact assessment and explicit review by the privacy function have not been conducted at this stage.",The text states that a privacy impact assessment and explicit review by the privacy function have not been conducted.,"While the text doesn't explicitly state a violation, the absence of a privacy impact assessment and explicit review by the privacy function suggests a potential breach of Section 35, which emphasizes the importance of such assessments for high-risk processing."
BC,0.7,1,TC103,Data Sharing / Disclosure,compliant,,,compliant,compliant,,"Section 9(f), Section 11(3)",9,False,"The organization disseminates data protection protocols to its ecosystem of partners and cloud service providers, with contractual stipulations mandating adherence to specified data security criteria during the processing of personal information.","The text describes contractual stipulations for data security, not unlawful data processing.","This practice aligns with the DPDP's emphasis on contractual obligations for data protection, as seen in Section 9(f) and Section 11(3)."
BC,0.7,1,TC104,Data Sharing / Disclosure,violating,Section 8,,violating,violating,Section 6,Section 6,9,False,"The engagement of external cloud service providers to handle customer data has been established without explicit privacy or security clause reviews. Furthermore, the organization has not undertaken a comprehensive assessment of the methodologies employed by these providers for the storage and protection of received personal information.",The organization has not implemented reasonable security safeguards by reviewing privacy and security clauses with cloud service providers and assessing their data protection methodologies.,This practice fails to implement 'reasonable security safeguards' as required by Section 6(1) of the DPDP Act 2023.
BC,0.7,1,TC105,Breach Notification,compliant,,,compliant,compliant,,Section 6,7,False,"The organization has established procedures to identify, evaluate, mitigate, and oversee data privacy events. Notable incidents, as deemed significant by internal standards, or those requiring legal notification, will be communicated to concerned data subjects and the pertinent oversight body within the specified timeframe.","The text describes procedures for handling data privacy events, but does not explicitly violate any DPDP Act 2023 sections.","While the text describes good practice, it lacks specifics on how consent is obtained and managed, which is crucial under the DPDP Act."
BC,0.7,1,TC106,Breach Notification,violating,Rule 7,,violating,compliant,Section 12(1),Section 12(1),6,False,"Security note: The assessment of the potential exposure of customer PII indicated a level of risk that, according to internal guidelines, did not necessitate external notification. Consequently, the IT team exercised discretion in managing this matter in accordance with established internal procedures, refraining from escalating it to the privacy office or making any broader communications, in alignment with the company's protocol for such incidents.","The text states the company did not notify the Board of a data breach, despite it being required by Section 12(1).","While the text states the company did not notify the Board, it also claims they acted in accordance with internal guidelines and protocols, potentially mitigating a violation."
BC,0.7,1,TC107,Data Principal Rights,compliant,,,compliant,violating,,"Section 9, Part B",7,False,"The organization has implemented frameworks and methodologies to manage data subject rights requests, including access, rectification, and deletion, in accordance with relevant data protection regulations. Timelines for resolution are adhered to, ensuring compliance.",The text states adherence to data protection regulations and compliance with timelines for data subject rights requests.,"While the text states compliance, it lacks specifics on *how* these rights are managed, leaving room for potential violation of  Section 9 and Part B of the Rules regarding consent and data subject control."
BC,0.7,1,TC108,Data Principal Rights,violating,Section 12,,compliant,violating,null,Mandatory Response within Ninety Days,8,False,"The processing of the customer's request for the rectification of potentially inaccurate personal data was subjected to an internal review process, with no immediate acknowledgment; however, the company has since established a review mechanism to ensure all such requests are appropriately addressed in a timely manner moving forward.","The text describes a process for addressing data rectification requests, even if not immediately.","While the company established a process for addressing requests, the initial lack of immediate acknowledgment to the customer potentially violates the 'Mandatory Response within Ninety Days' provision."
BC,0.7,1,TC109,Governance / Accountability,compliant,,,compliant,compliant,,,7,False,"The privacy function operates with a robust governance structure, reporting directly to the Chief Legal Officer. This framework includes participation from the Privacy Steering Committee, Data Governance Council, and the Executive Risk Oversight Committee, ensuring comprehensive oversight. Periodic independent assessments are conducted to affirm the efficacy of privacy safeguards.","The text describes a governance structure for privacy, not a violation of the DPDP Act.","While good practice, the text doesn't describe any specific actions taken with personal data, so it's not clear if it violates the DPDP Act."
BC,0.7,1,TC110,Governance / Accountability,violating,Section 8,,compliant,compliant,,,7,False,"A company ensures the absence of a formally designated privacy function, while board-level oversight of data protection practices is conducted through existing governance mechanisms, and periodic reviews of data processing activities are performed across business units to ensure compliance with relevant policies and standards.","The text describes internal oversight and review processes, not a violation.","While the company lacks a formally designated privacy function, it implements oversight and review processes, which could satisfy the spirit of accountability under the DPDP Act."
BC,0.7,1,TC111,Breach Notification,compliant,,,compliant,compliant,,,7,False,"During the reporting period, a single incident was identified that potentially impacted external stakeholders. The organization's comprehensive incident response framework was activated to address the matter, ensuring alignment with relevant compliance protocols.","The text describes an incident response framework being activated, not a violation of the DPDP Act.","While the text mentions an incident, it doesn't specify what data was involved or if any violations occurred, so it's impossible to determine a DPDP violation."
BC,0.7,1,TC112,Governance / Accountability,violating,Section 8,,compliant,compliant,,,6,False,"Mandatory data privacy training for employees processing significant volumes of client PII across various projects is currently under review, with no existing annual awareness programs to reinforce data protection responsibilities.","The text describes a planned training program, not a violation.","While the text describes a planned training program, it does not state that the training is in place or effective, so it's unclear if it fulfills the organization's obligations under the DPDP Act."
BC,0.7,1,TC113,Consent,compliant,,,violating,violating,null,Section 6,7,False,"HMD complies with the DPDPA by relying on 'your consent' as a legal ground, provided such consent is freely given, specific, informed, and unambiguous, in accordance with the requirements for clear affirmative actions as stipulated.",The text claims compliance based on 'your consent' without specifying the consent mechanisms used.,"While the text mentions consent, it lacks specifics about how it is obtained, leaving it unclear if it meets the requirements of freely given, specific, informed, and unambiguous consent."
BC,0.7,1,TC114,Consent,violating,Section 6,,violating,violating,Section 6(1),Section 6(1),10,False,"A device manufacturer considers a user's continued use of a pre-installed app to be an implicit indication of consent for the processing of location and contact data for advertising purposes, without requiring any additional affirmative action from the user.","The device manufacturer is claiming implicit consent for data processing without a clear affirmative action from the user, violating the requirement for specific, informed, and unambiguous consent.","This relies on implied consent rather than a clear affirmative action, violating Section 6(1)'s requirement for specific, informed, and unambiguous consent."
BC,0.7,1,TC115,Grievance Redressal,violating,Section 13,,compliant,violating,,Section 10,7,False,"A company operating in India has established a process to redirect all queries, including those related to privacy concerns, to a centralized customer engagement team for comprehensive handling. While a specific role of a Grievance Officer is not mentioned, the company ensures that all communications are managed through established internal channels to maintain operational efficiency and confidentiality.","The text describes a process for handling queries, including privacy concerns, through internal channels.","While the text mentions handling privacy concerns, it lacks specifics on how these are addressed according to DPDP principles, potentially leaving room for non-compliant practices."
BC,0.7,1,TC116,Grievance Redressal,compliant,,,compliant,violating,,Section 28(1)(d),7,False,"HMD is dedicated to addressing complaints within a defined timeframe, consistent with the organization's established procedures for grievance resolution, which align with the broader framework of the DPDPA and relevant guidelines.",The text states adherence to established grievance resolution procedures aligned with the DPDPA.,"While the text mentions adherence to procedures, it lacks specifics on how these procedures uphold data principal rights as outlined in the Act."
BC,0.7,1,TC117,Children's Data,compliant,,,compliant,compliant,,Section 8,9,False,"HMD ensures the processing of children's personal data complies with verifiable consent protocols established by the organization, categorizing such data as sensitive. The company maintains a rigorous approach to data minimization and does not engage in the tracking or targeted advertising of any nature to minors, thereby upholding its commitment to data protection best practices.",The text states the company adheres to verifiable consent protocols and avoids tracking/targeted advertising of minors.,"The text describes practices that align with Section 8(1) and (3) of the DPDP Act, which mandate verifiable consent for children's data and prohibit tracking/targeted advertising."
BC,0.7,1,TC118,Children's Data,violating,Section 9,,violating,violating,Section 5,Section 5,9,False,"A phone-for-kids application gathers data pertaining to the location and online activity of users below the age of 13 for the purpose of delivering tailored advertisements. Account creation necessitates the provision of a personal email address, with no additional steps mandated for parental verification.","The application collects data for targeted advertising, which is not explicitly stated as a lawful purpose for processing children's data under the DPDP Act.","Collecting data for targeted advertising, which is not directly related to the child's safety or well-being, likely violates the restricted purposes for processing children's data under Section 5."
BC,0.7,1,TC119,Consent,compliant,,,violating,violating,null,Section 5(1),7,False,Prior to录入相关联系信息至供应商入职申请表中，我们要求您确认已获取其书面同意；对于具有法定监护人的残疾人士，我们同样需要获得监护人的可验证同意。,"The text states consent is required for data input, but does not specify the lawful basis for this collection.","While the text mentions consent, it lacks details about the lawful basis for processing personal data beyond stating the requirement for consent."
BC,0.7,1,TC120,Consent,violating,Section 6,,compliant,violating,,Section 6(2)(c),7,False,"Our newsletter sign-up form includes an opt-in mechanism for data sharing with promotional partners, which is designed to ensure that customers are made aware of this option. Customers are encouraged to review their preferences to ensure that their data sharing preferences align with their intentions.","The text describes an opt-in mechanism for data sharing, allowing customers to choose their preferences.","While the text mentions an opt-in mechanism, it lacks specifics about the nature of the data shared and the purpose of sharing it with promotional partners, potentially violating Section 6(2)(c) regarding specific and informed consent."
BC,0.7,1,TC121,Data Minimisation,compliant,,,compliant,violating,,Section 6(1),7,False,"For the registration process at our facility, we gather essential information including your full name, contact details, and the purpose of your visit, which are critical for access authorization and security documentation purposes.",The text states the purpose of data collection (access authorization and security documentation) which is a lawful purpose.,"While the stated purpose is plausible, the text lacks detail on how consent is obtained, whether it's specific and informed, and if it covers all aspects of data processing."
BC,0.7,1,TC122,Data Minimisation,violating,Section 4,,violating,violating,Section 3(i),Section 3(i),8,False,"To register as a one-time event visitor at our stall, please provide your Aadhaar number, PAN, driving licence, and vehicle insurance details, as deemed necessary for comprehensive participant management.","The text requests Aadhaar number, PAN, driving licence, and vehicle insurance details without specifying a lawful purpose for processing this data.","The text lacks a clear and specific lawful purpose for processing this extensive amount of personal data, raising concerns about compliance with Section 3(i) regarding the necessity and proportionality of data collection."
BC,0.7,1,TC123,Breach Notification,compliant,,,compliant,compliant,,Section 6(6),9,False,"Our comprehensive data risk mitigation strategy mandates that any potential unauthorised access, disclosure, or loss of Personal Data, which may impact confidentiality, integrity, or availability, be promptly evaluated and communicated to affected stakeholders and the appropriate regulatory bodies, in accordance with statutory requirements.",The text describes a data risk mitigation strategy that includes reporting breaches to stakeholders and regulatory bodies.,"This practice aligns with Section 6(6) of the DPDP Act, which mandates notification of personal data breaches to the Board and affected individuals."
BC,0.7,1,TC124,Breach Notification,violating,Rule 7,,violating,violating,null,Section 12(2),9,False,"IT team note: The review of contractor labour medical enrolment records, including blood group and health data, was inadvertently accessible on an unsecured server for a period of two weeks. Given the nature of the data involved, appropriate measures are being reviewed to ensure all relevant stakeholders are appropriately informed, should the need arise, in accordance with internal data handling protocols.",The text describes a data breach where sensitive health information was accessible on an unsecured server for two weeks.,"The text describes a data breach where sensitive health information was accessible on an unsecured server, potentially violating Section 12(2) of the DPDP Act 2023 regarding notification of data breaches."
BC,0.7,1,TC125,Data Retention,compliant,,,compliant,violating,,Section 8(1),7,False,"Personal data will be retained for the duration of your engagement with Jindal Steel and for a defined period post-termination, in accordance with relevant legal and organizational requirements, before being securely processed.","The text states data will be retained according to legal and organizational requirements, not specifying a duration.","While the text mentions retention based on legal and organizational requirements, it lacks specifics on the duration, potentially violating Section 8(1) which mandates erasure unless retention is necessary for legal compliance or the specified period in the Third Schedule."
BC,0.7,1,TC126,Data Retention,violating,Section 8,,violating,violating,null,Section 9(3),8,False,"The retention of former job applicants' academic records, insurance documentation, and details related to family dependents has been maintained for an extended period following the completion of the recruitment process, without the establishment of a specific retention schedule or referencing applicable legal provisions that justify the continued storage.",The text states data is retained without a defined schedule or legal justification.,"This practice potentially violates Section 9(3) of the DPDP Rules 2025, which mandates a minimum retention period of one year and erasure thereafter unless legally required."
BC,0.7,1,TC127,Data Principal Rights,compliant,,,compliant,compliant,,Section 14,9,False,A Data Principal communicated with the Data Governance Coordinator regarding an inquiry into the aggregated analytics of their personal data and the entities involved in its management. The Coordinator acknowledged the request and committed to a comprehensive response within the stipulated timeframe.,"The text describes a Data Principal interacting with a Data Governance Coordinator regarding their data, which is a permissible action.","The text describes a Data Principal exercising their right to information about their data, as outlined in Section 14 of the DPDP Act."
BC,0.7,1,TC128,Data Principal Rights,violating,Section 12,,compliant,compliant,Section 12(2),Section 12(2),9,False,"A Data Principal Request form was submitted by a dealer pertaining to the correction of an allegedly incorrect bank account number on record. The organization responded that it adheres to a standardized protocol for all such requests, which involves a comprehensive review process. Notwithstanding, the form in question is part of an established procedure aimed at ensuring data accuracy and integrity.","The organization states it follows a procedure for correcting inaccurate data, aligning with the Data Fiduciary's obligation to correct personal data upon request.","The organization's response indicates a process for addressing a Data Principal's request for correction, fulfilling the Data Fiduciary's obligation under Section 12(2)."
BC,0.7,1,TC129,Grievance Redressal,compliant,,,compliant,compliant,,Section 30,10,False,"In the event that a Data Principal remains unsatisfied with the resolution provided by the Designated Privacy Officer, they have the option to escalate the matter to the Data Protection Authority of India or another entity designated under the DPDP Act, as detailed in the comprehensive Corporate Compliance Handbook.","The text describes a process for escalation of grievances, not a violation of the DPDP Act.","This describes a lawful process for grievance redressal, as required by Section 30 of the DPDP Act."
BC,0.7,1,TC130,Grievance Redressal,violating,Section 13,,violating,violating,null,Section 12(1),8,False,"The company's grievance mechanism, comprised of a standardized 'Engagement Initiation' portal, does not specify a predefined timeline for responses, lacks a structured escalation pathway, and omits detailed guidance on interacting with the Corporate Compliance Oversight Council.","The grievance mechanism lacks a predefined response timeline and structured escalation pathway, potentially violating Data Principal rights to timely redress.","The absence of a defined response timeline and escalation pathway could hinder a Data Principal's right to timely redress of their grievances, potentially violating Section 12(1) of the DPDP Act."
BC,0.7,1,TC131,Consent,compliant,,,violating,violating,null,"Section 11, Part B",7,False,"Dabur utilizes health-related data to deliver personalized marketing communications; however, the specific opt-in consent process for this data usage is subject to internal verification and may require additional clarification to ensure compliance with the DPDP Act 2023.","Dabur states their consent process is subject to internal verification and may require clarification, implying non-compliance.","The statement implies the consent process may not yet fully meet DPDP requirements, raising a potential violation."
BC,0.7,1,TC132,Consent,violating,Section 6,,violating,violating,Section 7,Section 7,9,False,"By accessing the Dabur website, individuals are considered to have implicitly agreed to the collection and utilization of their demographic and personal data, including but not limited to health, race, and sexual orientation, for the purpose of personalized advertising, without requiring a distinct consent process for such sensitive categories.",The text states that data collection for personalized advertising occurs without explicit consent for sensitive categories.,"This implies consent for sensitive data processing without explicit, informed consent as required by the DPDP Act, potentially violating Section 7."
BC,0.7,1,TC133,Breach Notification,compliant,,,compliant,violating,,Rule 7,7,False,"Dabur is committed to communicating potential data incidents to affected users via defined internal protocols, in accordance with its privacy policy's communication framework.","The text states Dabur will communicate data incidents via defined protocols and its privacy policy, not explicitly violating any DPDP rules.","While Dabur mentions communication protocols and a privacy policy, the text lacks specifics on how these align with the DPDP Rules' requirements for notifying affected individuals and the Board."
BC,0.7,1,TC134,Breach Notification,violating,Rule 7,,violating,violating,Section 10(2),Section 10(2),8,False,"IT note: Following an internal review, it has been identified that a temporary configuration oversight in the analytics dashboard led to an unintentional exposure of aggregated customer behavior insights for a limited period. In adherence to our established communication protocols, which are designed to ensure the highest standards of transparency, no external notification was deemed necessary at this time.",The Data Fiduciary failed to notify the Board within 72 hours of becoming aware of the data breach.,"The text states the Data Fiduciary did not notify the Board because they deemed external notification unnecessary, potentially violating the requirement to notify the Board within 72 hours."
BC,0.7,1,TC135,Data Retention,compliant,,,compliant,compliant,,Section 7(7),8,False,"Dabur asserts that it maintains a strict policy of retaining personal data only for the duration essential for the intended purpose of collection, with exceptions for legal obligations or audit and compliance requirements. The company periodically assesses data for secure deletion or anonymization.","Dabur states it deletes data when no longer needed, except for legal obligations, which is compliant.","This aligns with the requirement to erase data when no longer needed, as per Section 7(7) of the DPDP Act."
BC,0.7,1,TC136,Data Retention,violating,Section 8,,violating,violating,Section 7,Section 7,8,False,"Behavioral insights derived from historical interactions, including browsing and purchase activities dating back five years, continue to be employed in our targeted advertising strategies. These insights are managed through a comprehensive, internally validated process that ensures ongoing monitoring and, as necessary, anonymization or deidentification, though no such actions have been historically required or implemented.",The text states data is used for targeted advertising without specifying the Data Principal's consent for this purpose.,"The text lacks explicit mention of obtaining consent from data principals for using their data for targeted advertising, which is a requirement under Section 7."
BC,0.7,1,TC137,Data Principal Rights,compliant,,,compliant,compliant,Section 9,Section 9,9,False,"A stakeholder inquired via corporate.email.services@dabur.com regarding the personal data record maintained on them, seeking updates to their contact information. The inquiry has been documented for due process in accordance with established data-subject entitlement protocols.",The text describes a documented inquiry regarding personal data and adherence to data-subject entitlement protocols.,"The text describes a Data Principal exercising their right to access their personal data, which is mandated by the DPDP Act."
BC,0.7,1,TC138,Data Principal Rights,violating,Section 12,,violating,violating,Section 9,Section 9,9,False,"A request was received from a customer seeking the deletion of their profiling and purchase-history data. In accordance with established data management policies, Dabur has informed that the deletion of such data is not facilitated under any circumstances, and as a result, all profiling data continues to be retained for ongoing analysis and service enhancement purposes.","Dabur states they do not facilitate data deletion despite a customer request, retaining data for analysis and service enhancement.","This violates Section 9(1) as it retains data beyond the purpose stated, without a valid legal basis for continued retention."
BC,0.7,1,TC139,Grievance Redressal,compliant,,,compliant,compliant,,,5,False,Privacy-related inquiries directed to privacy@daburglobal.com are documented and managed by a specialized department in accordance with established protocols.,"The text describes a process for handling privacy inquiries, but does not explicitly violate any DPDP provisions.","While the text describes data handling, it lacks specifics about the nature of the inquiries or how personal data is used, so it's impossible to determine a violation."
BC,0.7,1,TC140,Grievance Redressal,violating,Section 13,,violating,violating,Clear Contact for Queries and Complaints,Clear Contact for Queries and Complaints,9,False,"There has been an identified need to establish a formal mechanism for addressing privacy grievances, though no immediate person or timeline has been designated. Customer-care inquiries regarding data misuse have been inadvertently received by the general inbox without a dedicated acknowledgment or resolution process.",The text states there is no designated person or process for handling data misuse complaints.,This practice violates the 'Clear Contact for Queries and Complaints' provision as it fails to provide a dedicated point of contact for data-related inquiries.
BC,0.7,1,TC141,Consent,compliant,,,compliant,compliant,Section 6,Section 6,9,False,"Before activating ESG certification services, PEGS presents the data classification, the precise intent, the nature of consent (voluntary or obligatory), and the process for consent revocation, subsequently requesting explicit affirmation.",The text describes a process for obtaining explicit consent before processing data.,"The text describes a process for obtaining explicit consent before processing data, which aligns with the requirements of Section 6 of the DPDP Act."
BC,0.7,1,TC142,Consent,violating,Section 6,,violating,violating,Section 7,Section 7,9,False,"By continuing to browse the My Estatez app, you are deemed to have provided implied consent for the sharing of your property and identity data with selected external partners, as per our Data Sharing Policy, unless you notify us of your preference to opt out within 7 days.","The text implies consent for data sharing is given by continued use, rather than explicit indication.","This implies consent rather than explicit indication, potentially violating Section 7's requirement for freely given, specific, informed consent."
BC,0.7,1,TC143,Breach Notification,compliant,,,compliant,violating,,Section 12(1)(b) - Notification of Data Breach,6,False,"PEGS identified potential irregularities in the handling of sensitive data within a designated system. In accordance with established protocols, the matter has been escalated for further review. Affected parties have been informed as per the prescribed procedures.",The text describes an escalation process for potential data handling irregularities.,"While the text describes a process for handling potential data irregularities, it doesn't specify the nature of the irregularities or the actions taken, leaving room for potential violations."
BC,0.7,1,TC144,Breach Notification,violating,Rule 7,,compliant,violating,Section 7,Section 7,9,False,"Security team note: A review identified a configuration discrepancy on a server that potentially impacted the confidentiality of user information for an extended period. Given the current absence of reported incidents, the organization has decided to conduct a more comprehensive assessment before engaging with regulatory bodies such as CERT-In or the Data Protection Board.",The organization states it will conduct a comprehensive assessment before engaging with regulatory bodies.,"The organization's delay in notifying the Board and affected individuals about a potential data breach, even for assessment,  contravenes the requirement for prompt notification under Section 7."
BC,0.7,1,TC145,Data Retention,compliant,,,compliant,violating,null,Rule 9(3),7,False,"Session and device identifiers utilized for authentication purposes are subject to automated purging upon the conclusion of your session; however, certain identifiers may be temporarily retained for enhanced fraud detection and prevention analytics, as outlined in our comprehensive data retention framework.","The text states data is purged upon session conclusion and retained for fraud detection, aligning with lawful purpose.","While the text mentions data retention for fraud detection, it lacks specifics on how long data is kept and whether it aligns with the one-year minimum outlined in Rule 9(3) of the DPDP Rules 2025."
BC,0.7,1,TC146,Data Retention,violating,Section 8,,violating,violating,null,Section 9,8,False,"We retain all records of customer interactions, which may include personal data, for an indefinite period on our secure servers to ensure comprehensive historical documentation and potential future reference.","The text states indefinite retention of customer interaction records, which may include personal data, without specifying a legal basis or purpose.",Indefinite retention without a specified legal basis or purpose beyond 'future reference' is likely a violation of the principle of data minimization and purpose limitation.
BC,0.7,1,TC147,Data Principal Rights,compliant,,,compliant,compliant,,Section 8,9,False,"You are entitled to obtain a concise overview of the personal information that Corporate Records Holders (CRH) retains concerning you, encompassing any third-party entities with which such data has been exchanged. Please contact Data Access Liaison at privacy@pegs.org.in, providing your authenticated credentials for validation purposes.",The text describes a process for data access requests and provides contact information.,"The text describes a Data Principal's right to access their personal data as outlined in the DPDP Act, and provides a method for exercising that right."
BC,0.7,1,TC148,Data Principal Rights,violating,Section 12,,violating,violating,null,null,9,False,"The organization received a request for the deletion of personal data associated with an account closure. Upon review, it was noted that standard procedures do not include the processing of such deletion requests, and as a result, the data in question will continue to be retained in accordance with established policies.","The organization states it does not process deletion requests, intending to retain data despite a user's request.","This violates the Data Principal's right to erasure as outlined in the DPDP Rules, as the organization is disregarding a user's request to delete their data."
BC,0.7,1,TC149,Children's Data,compliant,,,compliant,compliant,,,7,False,"Our registration process for the Environmental, Social, and Governance (ESG) Certification Platform includes a detailed age verification protocol to ensure compliance with relevant regulations. Users are prompted to confirm their eligibility through a multi-step process prior to account activation.","The text describes age verification measures for platform registration, not data processing.","While age verification is mentioned, the text doesn't describe how personal data is processed beyond this initial step."
BC,0.7,1,TC150,Grievance Redressal,compliant,,,compliant,compliant,,Section 30,10,False,"In the event that you remain dissatisfied with the Privacy Officer's response to your grievance, it is recommended that you escalate the matter to the Grievance Officer. Should the issue persist, you have the option to formally submit a complaint to the Data Protection Board of India for further review and resolution.","The text describes a grievance escalation process, not a violation of the DPDP Act.",This practice aligns with the DPDP Act's emphasis on providing Data Principals with a clear grievance redressal system.
BC,0.7,1,TC151,Grievance Redressal,violating,Section 13,,compliant,compliant,,,6,False,"PEGS has established a comprehensive feedback mechanism, though no specific Grievance Officer has been appointed at this time. All user feedback is directed to the general support inbox, which is reviewed on a monthly basis to ensure timely and appropriate responses.","The text describes a feedback mechanism and states that user feedback is reviewed, but it does not mention any unlawful data collection or processing.","While the text describes a feedback mechanism, it does not explicitly state how user feedback is used or if it involves personal data."
BC,0.7,1,TC152,Consent,compliant,,,compliant,violating,Section 9,Section 9(1),7,False,"FinEdge's comprehensive application form delineates the intended use of each data field, indicates which are non-mandatory, and provides a process for revoking consent prior to the collection of sensitive financial and income-related information.",The text describes a process for obtaining verifiable consent prior to data collection.,"While the text describes positive practices, it doesn't definitively prove verifiable consent as required by Section 9(1) of the DPDP Act."
BC,0.7,1,TC153,Consent,violating,Section 6,,violating,violating,Section 7,Section 7,8,False,"FinEdge's mobile application mandates the acceptance of a comprehensive 'Unified Agreement' encompassing credit evaluation, promotional communications, and collaborative data exchanges with insurance associates, presented as an integral component of the account-opening process.","The text states that users must accept a 'Unified Agreement' encompassing various data uses as part of account opening, implying a lack of granular consent options.","Bundling consent for diverse purposes like credit evaluation, marketing, and data sharing with third parties without granular options likely violates the principle of specific, informed consent under the DPDP."
BC,0.7,1,TC154,Sensitive Data,compliant,,,compliant,violating,,Section 5,7,False,"FinEdge collects PAN and Aadhaar exclusively for the purpose of Know Your Customer (KYC) verification, in strict adherence to regulatory requirements. The organization does not engage in the practice of leveraging this data for cross-selling or promoting additional financial products without explicit, separate consent from the individual.",The text states data is only used for KYC and not cross-selling without explicit consent.,"While the text claims adherence to regulations and no cross-selling without consent, it doesn't explicitly state the consent is freely given, specific, informed, and unambiguous as required by the DPDP Act."
BC,0.7,1,TC155,Data Retention,violating,Section 8,,violating,compliant,null,null,7,False,"FinEdge maintains the storage of Know Your Customer (KYC) documentation and transaction records for closed accounts for an extended duration, in alignment with internal archiving policies, without a specified retention period, as per prevailing regulatory guidelines.","The text states data is retained 'for an extended duration, without a specified retention period' which violates the requirement for clear retention periods.","While the text lacks a specific retention period, it mentions adherence to 'prevailing regulatory guidelines,' which could provide a lawful basis for data retention."
BC,0.7,1,TC156,Breach Notification,compliant,,,compliant,compliant,,Section 11(2),7,False,"FinEdge's incident response framework mandates the timely communication with impacted stakeholders and the relevant regulatory bodies, aligning with the prescribed timelines as per the applicable legal requirements, in the event of confirmed incidents impacting financial data.","The text describes a framework for incident response and communication, not a specific violation.","While the text describes a positive practice, it lacks specifics on how communication aligns with DPDP's Section 11(2) regarding breach notification content and timelines."
BC,0.7,1,TC157,Data Principal Rights,violating,Section 12,,violating,violating,Right to Correct Personal Data,Right to Correct Personal Data,9,False,"The correction of an inaccurately recorded date of birth on a customer's loan account was not processed within the expected timeframe, and there was an absence of formal acknowledgment from the support team during this period.","The text states that a correction request was not processed within the expected timeframe, violating the right to correct personal data.","The text describes a failure to process a data correction request within a reasonable timeframe and a lack of communication, potentially violating the Data Principal's Right to Correct Personal Data."
BC,0.7,1,TC158,Sensitive Data,compliant,,,compliant,compliant,,Rule 1(b),8,False,"Confidential patient data, including lab results and diagnostic reports, are managed through a secure, OTP-verified digital platform exclusively for patient access. Disclosure to any third parties is strictly controlled and requires explicit patient authorization; however, the internal procedures for ensuring compliance with these protocols are subject to periodic review and may involve multiple layers of approval and verification.",The text states explicit patient authorization is required for data disclosure.,"The text describes a process for obtaining explicit patient consent before disclosing their data, aligning with the principles of informed consent outlined in the DPDP Rules."
BC,0.7,1,TC159,Consent,violating,Section 6,,violating,violating,Section 6(1),Section 6(1),9,False,"MedCare has been sharing patients' diagnostic results with a pharmaceutical marketing company to support tailored health communications initiatives, in alignment with our broader data utilization policies, without seeking specific patient consent for this practice.",MedCare shared patient data for a purpose (tailored health communications) not specified in the consent obtained from patients.,"This sharing of data for a purpose not specified in the original consent violates Section 6(1) of the DPDP Act, which mandates consent be specific and limited to the stated purpose."
BC,0.7,1,TC160,Breach Notification,violating,Rule 7,,violating,violating,Section 7,Section 7,10,False,"A recent incident involving server misconfiguration resulted in the temporary online exposure of diagnostic information for a substantial number of patients. Following a thorough investigation, it was determined that there was no evidence of misuse; hence, the internal team elected not to notify the affected patients.",The Data Fiduciary failed to notify affected Data Principals of a personal data breach as required by Section 7.,"The text describes a data breach, and Section 7 mandates notification of affected Data Principals without delay."
BC,0.7,1,TC161,Children's Data,compliant,,,compliant,compliant,Section 11,Section 11,10,False,"For individuals under 18, our organization, MedCare Solutions, mandates a verifiable consent from a parent or legal guardian prior to the release of any diagnostic reports or the processing of relevant health data.",The text states verifiable consent from a parent or legal guardian is required for processing health data of individuals under 18.,"This practice aligns with Section 11 of the DPDP Rules 2025, which mandates verifiable consent from a parent or legal guardian for processing a child's personal data."
BC,0.7,1,TC162,Data Retention,compliant,,,compliant,compliant,,Rule 9,7,False,Diagnostic reports are stored in accordance with the established retention periods and subsequently disposed of in a manner consistent with organizational policies.,"The text states data is disposed of according to policy, not shared or used unlawfully.","While the text doesn't specify the retention period, it implies adherence to a defined policy, which could align with the DPDP's requirements for data retention."
BC,0.7,1,TC163,Grievance Redressal,violating,Section 13,,violating,violating,Section 9,Section 10,9,False,There are no established mechanisms for patients to provide feedback regarding the handling of their health records; the company's website does not currently include designated points of contact for such matters.,"The text states there are no established mechanisms for patients to provide feedback regarding the handling of their health records, violating the requirement for a mechanism to redress grievances.","This violates Section 10, which mandates Data Fiduciaries establish a mechanism to redress grievances from Data Principals."
BC,0.7,1,TC164,Data Minimisation,compliant,,,compliant,compliant,,,8,False,"ShopSphere's checkout process requires minimal personal information, including the delivery address, contact phone number, and payment reference, to ensure efficient order fulfillment.","The text states the data is collected for order fulfillment, a lawful purpose.",The text states a purpose for data collection (order fulfillment) which is likely a lawful basis under the DPDP Act.
BC,0.7,1,TC165,Data Minimisation,violating,Section 4,,violating,violating,Section 6(1),Section 6(1),8,False,"To facilitate a seamless t-shirt ordering experience, ShopSphere requests that customers provide their date of birth, gender, income bracket, and marital status. This information, while not essential for shipping, is utilized to enhance overall customer service and experience.","The text states that data like income bracket and marital status are used to enhance customer experience, but not essential for shipping, implying consent may not be limited to the specified purpose.","Collecting income bracket and marital status, which are not essential for shipping, suggests consent may not be limited to the specified purpose of ordering t-shirts, potentially violating Section 6(1)."
BC,0.7,1,TC166,Profiling / Behavioral Advertising,violating,Section 6,,violating,violating,Section 7,Section 7,9,False,"ShopSphere develops comprehensive engagement insights for every visitor to enhance personalized offerings. These insights are activated by default to ensure an optimized user experience. Users are provided with limited information regarding the data elements utilized, yet no explicit opt-out mechanism is offered to visitors.","ShopSphere activates data processing by default without an explicit opt-out mechanism, violating the requirement for specific and informed consent.","This violates Section 7 by not providing users with a clear and explicit opt-out mechanism for data processing, which is required for specific and informed consent."
BC,0.7,1,TC167,Data Sharing / Disclosure,compliant,,,compliant,violating,,Section 10,7,False,"ShopSphere engages in the selective sharing of customer addresses with designated logistics partners, pursuant to predefined contractual agreements that delineate the permissible use of such data. These agreements are designed to ensure strict compliance with data handling protocols, although the specific terms and conditions remain confidential.",The text describes data sharing with contractual agreements for a specific purpose.,"While the text mentions contractual agreements, it lacks specifics on the agreements' content, consent obtained, and whether they align with DPDP principles."
BC,0.7,1,TC168,Data Principal Rights,compliant,,,compliant,compliant,,Section 6,9,False,"Users are encouraged to explore their account settings for the option to review, download, or request the removal of their transactional records and stored contact information.","The text describes user control over their data, which is compliant.","This grants users control over their data, aligning with the DPDP's emphasis on data principal rights."
BC,0.7,1,TC169,Cross-Border Transfer,violating,Section 16,,violating,violating,Section 15,Section 15,8,False,"Customer transaction information is periodically transmitted to international support infrastructure for processing, without explicit mention of a formal data transfer agreement, and without a comprehensive evaluation of the external jurisdiction's data protection frameworks.",The text states data is transferred internationally without specifying adherence to requirements set by the Central Government for such transfers.,"The text states data is transferred internationally without specifying adherence to requirements set by the Central Government, potentially violating Section 15."
BC,0.7,1,TC170,Children's Data,compliant,,,compliant,compliant,Section 7,Section 7,10,False,EduLearn's educational platform mandates validated consent from a parent or authorized school administrator prior to establishing a student's learning profile for individuals under 18 years of age.,EduLearn requires validated consent from a parent or authorized school administrator before processing a student's data.,"This practice aligns with Section 7(1) of the DPDP Rules 2025, which mandates verifiable parental consent for processing children's data."
BC,0.7,1,TC171,Children's Data,violating,Section 9,,violating,violating,Section 6,Section 6,8,False,"EduLearn's app for middle-schoolers gathers location data and device interaction metrics to enhance user experience, ensuring a personalized approach to content delivery. The sign-up process does not explicitly request parental consent, aligning with streamlined user registration procedures.",EduLearn's app collects location data and device interaction metrics without explicitly requesting parental consent as required by Section 6.,"The text describes data processing for a stated purpose (personalized content) but lacks explicit parental consent for a child's data, potentially violating Section 6's requirement for consent in processing children's data."
BC,0.7,1,TC172,Consent,compliant,,,compliant,compliant,,Section 5,8,False,"Prior to instituting the video-recording of interactive sessions, EduLearn seeks affirmative participation from stakeholders, detailing the intended storage and application of the recorded materials.",The text describes seeking consent for data collection and usage.,"This practice appears to describe obtaining informed consent for data processing, which is a lawful basis under the DPDP Act."
BC,0.7,1,TC173,Data Retention,violating,Section 8,,compliant,violating,,Section 9,7,False,"Video recordings and academic performance data associated with student accounts are retained on EduLearn's secure servers for an extended period, aligned with archival and compliance requirements, irrespective of account status.","The text states data is retained for archival and compliance reasons, which are lawful purposes.","While 'archival and compliance' are potential lawful purposes, the text lacks specifics on the duration and necessity of retention, potentially exceeding what's reasonably required."
BC,0.7,1,TC174,Grievance Redressal,compliant,,,compliant,violating,,Section 6,7,False,"Stakeholders are encouraged to submit data privacy concerns via a designated contact channel, with the organization undertaking to acknowledge receipt within 15 business days.","The text describes a process for receiving and acknowledging data privacy concerns, but does not explicitly violate any DPDP Act 2023 sections.","While encouraging feedback is positive, the text lacks specifics on how concerns are addressed or if they comply with Data Principal rights outlined in the DPDP."
BC,0.7,1,TC175,Data Minimisation,violating,Section 4,,violating,violating,Section 6(1),Section 6(1),9,False,"To facilitate a comprehensive travel experience, TravelWise's application requests ongoing access to users' contact lists and call logs, although these elements are not directly related to flight price inquiries or booking processes.","TravelWise requests access to contact lists and call logs, which are not necessary for flight price inquiries or booking processes, thus exceeding the scope of consent.",Requesting access to contact lists and call logs that are not directly related to flight bookings could exceed the scope of consent as outlined in Section 6(1) of the DPDP Act.
BC,0.7,1,TC176,Consent,compliant,,,compliant,violating,,"Section 9, Part B",7,False,TravelWise implements a robust consent framework to ensure that旅客相关信息的单独授权在向航空公司和酒店合作伙伴披露之前得到明确确认，以完成特定预订。,The text describes a consent framework for data sharing with partners.,"While the text mentions a consent framework, it lacks specifics on how consent is obtained, managed, and withdrawn, which are crucial aspects under Section 9 and Part B of the DPDP Rules."
BC,0.7,1,TC177,Breach Notification,compliant,,,compliant,compliant,Section 29(2),Section 29(2),9,False,"Upon the identification of an unauthorized access event impacting a vendor's system that housed sensitive customer documentation, TravelWise swiftly initiated its incident response protocol. Notable actions included immediate communication with potentially impacted travelers and the timely submission of the incident report to the Data Protection Oversight Council.","The text describes actions taken in response to a data breach, aligning with the requirements of Section 29(2).","The text describes actions consistent with a lawful response to a data breach, including notification of affected individuals and the relevant authority."
BC,0.7,1,TC178,Cross-Border Transfer,compliant,,,compliant,violating,,Section 9(b),7,False,"TravelWise facilitates the exchange of booking-related information with international aviation and accommodation partners pursuant to formalized data-sharing arrangements, which mandate the implementation of equivalent data protection measures.",The text states data sharing is done pursuant to formalized arrangements with equivalent data protection measures.,"While the text mentions 'equivalent data protection measures', it lacks specifics on how these are implemented and verified, raising concerns about actual compliance."
BC,0.7,1,TC179,Data Principal Rights,violating,Section 11,,compliant,violating,,Section 6(1),8,False,"The organization opted to remain non-disclosive regarding the dissemination of passport data to external parties in response to the inquiry, aligning with internal procedures designed to protect sensitive information.","The text states the organization is non-disclosive about sharing passport data, implying protection.","While the organization claims to protect sensitive information, their refusal to disclose data sharing practices raises concerns about transparency and potential violations of data principal rights."
BC,0.7,1,TC180,Data Minimisation,compliant,,,compliant,violating,,Section 12,7,False,"GreenAgro's comprehensive farmer registration solution is designed to capture essential information, including but not limited to, farmer identifiers, contact details, geographical data, and agricultural products, to facilitate seamless integration into our corporate supply chain network.",The text describes data collection for a stated purpose (facilitating seamless integration into a corporate supply chain network).,"While a stated purpose is given, the text lacks detail on whether the data is minimized, consent is valid, and the purpose aligns with the data collected."
BC,0.7,1,TC181,Consent,violating,Section 6,,violating,violating,Section 9,Section 9,8,False,"Participation in the data-sharing initiative with agri-insurance companies is automatically included upon registration, reflecting a standard industry practice to facilitate comprehensive risk assessment and underwriting processes. Participants are advised of this arrangement through our comprehensive onboarding materials, ensuring all relevant information is transparently communicated.",The text states automatic data sharing upon registration without explicit consent mechanisms.,"While the text mentions transparency, automatic data sharing without explicit consent mechanisms raises concerns about compliance with the principle of informed consent under Section 9."
BC,0.7,1,TC182,Data Retention,compliant,,,compliant,violating,,Section 8(8),7,False,"Compliance with regulatory requirements for the retention of supplier registration and transaction records is maintained, encompassing the duration of the business relationship and any extended periods as stipulated by relevant financial and agricultural compliance frameworks.",The text describes data retention practices aligned with legal and regulatory frameworks.,"While the text mentions compliance with regulations, it lacks specifics on the legal basis for data retention and whether it aligns with the principles of data minimization and purpose limitation."
BC,0.7,1,TC183,Grievance Redressal,violating,Section 13,,violating,compliant,Section 6(1),,8,False,"GreenAgro has not designated any specific point of contact for farmers wishing to provide feedback on the utilization of their data, ensuring a streamlined and unified communication process across all platforms.","GreenAgro lacks a designated point of contact for farmers to provide feedback on data utilization, violating the requirement for clear communication channels.","While good practice, the DPDP does not explicitly mandate a designated point of contact for feedback on data utilization."
BC,0.7,1,TC184,Data Minimisation,compliant,,,compliant,violating,,Section 5 (Purpose Limitation),7,False,"CityCab's proprietary driver application is designed to gather essential data elements, including but not limited to, geographic coordinates, trip metadata, and financial transaction information, to facilitate rider and driver pairing and ensure efficient fare management.",The text describes data collection for stated purposes: rider and driver pairing and fare management.,"While the stated purposes are legitimate, the text lacks detail on how consent is obtained and if data is minimized to only what's necessary."
BC,0.7,1,TC185,Profiling / Behavioral Advertising,violating,Section 6,,violating,violating,Section 7,Section 7,8,False,"CityCab continues to monitor rider activity patterns, even when the application is not actively in use, with the objective of enhancing service offerings. This data is then analyzed and, where appropriate, aggregated to generate movement profiles, which may be shared with selected partners for the purpose of improving advertising relevance.",CityCab shares rider data with partners for advertising without specifying the legal basis or obtaining explicit consent.,Sharing data for advertising purposes without specifying a legal basis or obtaining explicit consent could violate Section 7's requirement for lawful processing.
BC,0.7,1,TC186,Breach Notification,violating,Rule 7,,compliant,compliant,,Section 10(2),6,False,"A security review identified an exposure within the system, subsequently addressed through a patch implementation. CityCab is committed to maintaining data integrity and security and has engaged in an internal process to ensure all affected parties are appropriately notified, in alignment with data protection protocols.","The text describes a security breach being addressed and parties being notified, which aligns with data protection protocols.","While the text describes a security breach being addressed, it lacks specifics on the nature of the exposure or the data potentially affected, making it difficult to assess full compliance with notification requirements."
BC,0.7,1,TC187,Data Principal Rights,compliant,,,compliant,violating,,Section 6,7,False,"Riders have the ability to request a comprehensive extraction of their travel and personal data via the application's security parameters; however, the timeframe for processing such requests may vary based on internal operational considerations.",The text mentions a data extraction process but does not explicitly state unlawful data processing.,"While the text allows data extraction, it lacks detail on the purpose of processing the data and whether it aligns with the rider's consent, potentially violating Section 6 regarding data principal rights."
BC,0.7,1,TC188,Consent,compliant,,,compliant,compliant,null,Section 11(1),8,False,"StreamFlix seeks explicit user authorization prior to leveraging viewing patterns for tailored suggestions, offering a prominent option for users to disengage at any stage of engagement.",The text describes StreamFlix obtaining explicit consent for data processing.,This practice appears to comply with Section 11(1) by obtaining explicit consent for data processing and allowing users to withdraw consent.
BC,0.7,1,TC189,Data Sharing / Disclosure,violating,Section 8,,violating,violating,null,Section 6,7,False,"StreamFlix has disclosed subscribers' viewing insights and account information to external data partners for aggregated analysis, with the intent of ensuring data utility across our ecosystem, though specific usage agreements are in place to guide such disclosures.",StreamFlix disclosed subscribers' viewing insights and account information to external data partners without specifying the consent mechanisms in place.,"While the text mentions 'usage agreements', it lacks specifics on the consent mechanisms used, raising concerns about whether valid consent was obtained for this data disclosure."
BC,0.7,1,TC190,Children's Data,compliant,,,compliant,violating,Section 3,Section 3,6,False,"StreamFlix's Kid-Focused Profile Feature Ensures Compliance by Limiting Data Collection to Essential Metrics for Content Recommendations, Prohibits Targeted Advertising to Minors, and Mandates Parental Consent for Activation.","The text states that data collection is limited to essential metrics and prohibits targeted advertising, aligning with Section 3.","While the text appears to align with Section 3's restrictions on processing children's data, it lacks specifics on the 'essential metrics' and consent process, leaving room for potential violation."
BC,0.7,1,TC191,Grievance Redressal,compliant,,,compliant,compliant,,Rule 11(3),7,False,"Subscribers are encouraged to engage with StreamFlix's dedicated Privacy Compliance Unit for unresolved issues, with contact information readily accessible within the application's administrative settings.","The text describes a contact point for privacy issues, not a violation.","While this describes a positive step, it doesn't explicitly demonstrate compliance with specific DPDP provisions regarding grievance redressal mechanisms."
BC,0.7,1,TC192,Data Minimisation,violating,Section 4,,compliant,violating,,Section 6,8,False,"A smart doorbell camera is designed to continuously capture and retain audio and visual data for the purposes of security and monitoring, extending coverage to adjacent areas as a standard operational procedure.","The text describes the purpose of data collection as security and monitoring, which is a lawful purpose.","While security is a lawful purpose, continuous capture and retention of audio and visual data, especially extending to adjacent areas, raises concerns about proportionality and potential infringement on privacy."
BC,0.7,1,TC193,Breach Notification,compliant,,,compliant,compliant,Section 7,Section 7,9,False,"HomeSecure's incident response framework mandates the notification of potentially affected customers and the timely reporting of incidents involving unauthorized access to camera feeds to the Data Protection Oversight Body, in accordance with established protocols.","The text describes a framework for reporting data breaches, aligning with the DPDP Act's requirements.",The text describes actions consistent with the DPDP Act's requirements for breach notification and reporting.
BC,0.7,1,TC194,Consent,violating,Section 6,,violating,violating,Section 6(1)(a),Section 6(1),9,False,"HomeSecure facilitates the default cloud backup of all camera footage during the initial setup process, without soliciting explicit consent from the customer regarding the storage of their home footage on remote servers.",HomeSecure stores camera footage on remote servers without explicit consent from the customer.,"This practice likely violates Section 6(1) as it involves processing personal data (camera footage) without explicit consent, a necessary lawful basis for processing under the DPDP Act."
BC,0.7,1,TC195,Data Principal Rights,compliant,,,compliant,violating,,Section 9,7,False,Requests for the deletion of all stored data and device-related information should be facilitated via the HomeSecure platform. Processing timelines are subject to internal approval and may vary.,The text describes a process for data deletion requests but does not explicitly violate any DPDP sections.,"While the text mentions a process for deletion, it lacks specifics on data retention periods or justification for potential delays, raising concerns about compliance with Section 9 regarding data erasure."
BC,0.7,1,TC196,Data Minimisation,compliant,,,compliant,violating,,Section 7,7,False,QuickBite's standardized onboarding protocol for delivery partners ensures the collection of essential documentation aligned with prevailing regulatory standards for identity verification and financial transactions.,"The text describes data collection for identity verification and financial transactions, which are lawful purposes.","While the stated purposes are generally lawful, the text lacks specifics on how consent is obtained and if data is minimized to what's strictly necessary."
BC,0.7,1,TC197,Data Sharing / Disclosure,violating,Section 8,,violating,compliant,Section 9(1),,7,False,"QuickBite facilitates the sharing of aggregated, anonymized delivery partner contact information with selected third parties for the purpose of exploring potential synergies, without direct notification to the delivery partners.","QuickBite shares aggregated, anonymized delivery partner contact information with third parties without explicit consent.","While sharing data without consent is generally prohibited, the text states the data is aggregated and anonymized, potentially falling under a lawful basis for processing."
BC,0.7,1,TC198,Governance / Accountability,compliant,,,compliant,compliant,,,7,False,"QuickBite has designated a Data Protection Coordinator, performs regular data governance evaluations, and updates its executive management on data privacy adherence on a quarterly cycle.",The text describes actions consistent with data privacy management but does not explicitly violate any DPDP Act sections.,"While positive, these actions don't directly demonstrate compliance with specific DPDP obligations like consent management or breach notification."
BC,0.7,1,TC199,Data Principal Rights,violating,Section 11,,violating,compliant,Section 7,,6,False,"The request for access to personal data, including performance-related information, was declined due to the company's policy stating that such queries are outside the supported scope of services.","The company declined a request for access to personal data, citing it as outside their supported scope, without specifying legal grounds for refusal.","While the company did not specify legal grounds, declining access to personal data based on scope of services could be a valid reason if it falls under a permissible exception outlined in the DPDP Act."
BC,0.7,1,TC200,Consent,compliant,,,compliant,compliant,null,Section 6(1),9,False,"Prior to leveraging location tracking for delivery-time estimation, QuickBite solicits explicit consent from the delivery partner and provides a detailed explanation of the intended utilization of the tracking data.",The text describes explicit consent being sought for location tracking.,"This practice aligns with Section 6(1) of the DPDP Act, which mandates specific and informed consent for data processing."
BC,0.9,1,TC001,Consent,violating,Section 6,,violating,violating,Section 7,Section 7,9,False,"By completing this form, you acknowledge your acceptance of the Privacy Policy and authorize us to disclose your online activity data with our strategic marketing alliance partners for promotional purposes.",The text lacks an itemized description of the personal data and the specific purposes of disclosure.,"The text lacks a specific description of the personal data processed and the purposes of disclosure, which is required by Section 7 of the DPDP Act."
BC,0.9,1,TC002,Consent,violating,Section 6,,violating,violating,Section 7,Section 6(1)(c),9,False,"Your purchase history may be processed for targeted advertising purposes, aligned with our broader business objectives and interests.",The text states data processing for targeted advertising without specifying the 'specified purpose or purposes' and 'specific description of the goods or services' as required.,"The text lacks a specific description of the goods or services enabled by targeted advertising, violating Section 6(1)(c) of the DPDP Act."
BC,0.9,1,TC003,Consent,violating,Section 6,,violating,violating,Section 7,Section 7,9,False,Your ongoing engagement with this application is deemed to imply consent to the various data handling procedures outlined in our comprehensive Terms of Service document.,"The text claims consent is implied by continued use, which is not explicit consent as required by the DPDP Act.","This implies consent rather than obtaining explicit, informed consent as required by the DPDP Act."
BC,0.9,1,TC004,Consent,violating,Section 6,,violating,violating,null,Section 5(1),7,False,"Personal data may be shared with designated third parties following account creation, subject to withdrawal of consent within 24 hours of registration.","The text states data sharing with third parties after account creation, subject to consent withdrawal, which implies potential ongoing data processing without explicit consent.","While the text mentions consent withdrawal, it's unclear if the sharing is limited to the initial account creation or if it continues afterward, potentially violating the principle of purpose limitation."
BC,0.9,1,TC005,Consent,violating,Section 6,,violating,violating,Section 7,Section 7,8,False,"By downloading our app, users are provided with the option to consent to the sharing of anonymized location data with our marketing partners for aggregated analytics purposes.","The text states consent is given by downloading the app, not through a clear and informed process.","This implies consent is given by action rather than a clear, informed process as required by Section 7."
BC,0.9,1,TC006,Consent,compliant,,,compliant,violating,,Section 6(1),8,False,"We may occasionally collect your email address for the purpose of facilitating your account management, including communication related to order confirmations. Unsubscribing from further communications is also available through your account settings.",The text states a purpose for data collection (account management) and offers an opt-out mechanism.,"While the text provides an opt-out mechanism, it lacks explicit mention of obtaining informed consent from the data principal before processing their email address."
BC,0.9,1,TC007,Consent,compliant,,,compliant,compliant,,Section 3(b),9,False,"Prior to the collection of any personal data, we will ensure the provision of a comprehensive notice that delineates the specific data points being gathered, the rationale behind their collection, and the mechanisms available for individuals to revoke consent at any juncture.",The text states the company will provide a comprehensive notice about data collection and consent revocation.,"This practice aligns with the DPDP's emphasis on transparency and informed consent, as outlined in Section 3(b) regarding clear and plain language notices."
BC,0.9,1,TC008,Consent,compliant,,,compliant,compliant,,Section 6(6),9,False,"Consent for marketing communications may be withdrawn at any time via the unsubscribe process; however, please note that the revocation may be subject to our standard administrative procedures and could take up to 24 hours to become effective.","The text states a withdrawal process and acknowledges a potential delay, but does not claim unlawful processing.","While the text acknowledges a potential delay, it does not suggest the processing will continue unlawfully after consent withdrawal, aligning with Section 6(6) of the DPDP Act."
BC,0.9,1,TC009,Data Minimisation,violating,Section 4,,violating,violating,Section 7,Section 7,9,False,"To register for our online chess tournament, participants are requested to provide their full legal name, official email address, biological marker classification, precise geographical coordinates for communication purposes, and maternal surname for verification.",The text requests 'biological marker classification' and 'precise geographical coordinates' without specifying a lawful purpose or obtaining explicit consent.,"The text requests sensitive data ('biological marker classification' and 'precise geographical coordinates') without specifying a legitimate purpose or obtaining explicit consent, violating the principles of purpose limitation and data minimization."
BC,0.9,1,TC010,Data Minimisation,violating,Section 4,,violating,violating,Section 6(1),Section 6(1),8,False,"To ensure optimal functionality of our basic calculator app, access to your phone's microphone and contact list may be required. Should you choose not to provide this access, continued usage of the app might be impacted.","The app requests access to the contact list, which is not necessary for basic calculator functionality, potentially violating the principle of limited data collection.","While the text states the data is needed for 'optimal functionality', it doesn't clearly demonstrate that access to the contact list is strictly necessary for basic calculator operations."
BC,0.9,1,TC011,Data Minimisation,violating,Section 4,,violating,violating,Section 7,Section 7,9,False,"Real-time location data is passively gathered by our food delivery application in the background, even when the application is not actively in use by the user.","The text states that location data is passively gathered in the background without user consent, which is a violation of Section 7's requirement for explicit consent.",This practice likely violates Section 7 as it collects sensitive personal data (location) without explicit user consent.
BC,0.9,1,TC012,Data Minimisation,violating,Section 4,,violating,compliant,Section 9,,7,False,"To establish library membership, we may request documentation that may include identification, financial information, work history, and relationship status.",The text does not specify the purpose or uses enabled by the processing of personal data.,"While the text doesn't explicitly state the purpose of processing this data, it's reasonable to infer it's for library membership verification and service provision, which aligns with a legitimate purpose."
BC,0.9,1,TC013,Data Minimisation,compliant,,,compliant,compliant,null,Section 6,8,False,Our mobility solution ensures the collection of relevant geographical data is confined to operational transit periods. Unauthorized access to location tracking is automatically terminated outside of active service engagement.,"The text describes limitations on data collection and access, aligning with reasonable security safeguards.",This practice aligns with Section 6 of the DPDP Act by implementing reasonable security safeguards to prevent unauthorized access and data breaches.
BC,0.9,1,TC014,Data Minimisation,compliant,,,compliant,violating,,Section 6,7,False,"We gather minimal data, including your name and email address, to facilitate the account creation process. Additional personal information is not necessary or solicited.",The text states that minimal data is collected for account creation and no additional information is solicited.,"While the text states minimal data is collected, it lacks specifics on how consent is obtained and if it aligns with Section 6 regarding specific and informed consent."
BC,0.9,1,TC015,Sensitive Data,violating,Section 4,,violating,violating,Section 7,Section 7,9,False,Please provide your Aadhaar credential and authenticate your biometric information for access to the premises.,"The text requests Aadhaar credentials and biometric information for access, which likely constitutes processing personal data without explicit consent for a stated purpose.","This practice could constitute processing personal data (Aadhaar and biometrics) for access control without explicit consent for that specific purpose, potentially violating Section 7's requirements for lawful processing and consent."
BC,0.9,1,TC016,Sensitive Data,violating,Section 4,,violating,violating,Section 7(1)(c),Section 7(1)(c),9,False,Facial recognition data is collected to enhance personalisation and product recommendations for you.,The text lacks an itemized description of the personal data collected and the specific purposes for processing it.,"The text lacks a specific, itemized description of the facial recognition data collected and the precise purposes for processing it, as required by Section 7(1)(c)."
BC,0.9,1,TC017,Sensitive Data,violating,Section 6,,violating,violating,null,Section 5(1),8,False,Fingerprint data collected for attendance purposes may also be utilized for identity verification services in collaboration with our parent company.,The text states data will be used for a purpose beyond the original collection (attendance) without specifying consent.,"While the text mentions additional use of fingerprint data, it lacks detail on how consent is obtained for this new purpose, potentially violating the principle of purpose limitation."
BC,0.9,1,TC018,Consent Withdrawal,violating,Rule 3,,violating,violating,Section 4(4),Section 4(4),9,False,"Withdrawal of consent for data processing may be submitted by mailing a physical, notarized letter to our corporate headquarters. We commit to processing such requests within 90 days.","The text states withdrawal of consent must be done by a physical, notarized letter, which is not comparable to the ease of giving consent.","Requiring a notarized letter for consent withdrawal is likely more burdensome than the initial consent process, violating Section 4(4)."
BC,0.9,1,TC019,Consent Withdrawal,violating,Rule 3,,violating,violating,Section 7,Section 6,9,False,"To unsubscribe from data processing activities, individuals are required to contact our dedicated compliance team between the hours of 9:00 AM and 11:00 AM on Tuesdays. A formal verification procedure, lasting approximately 30 minutes, will be conducted.","The text specifies a limited window and procedure for unsubscribing, potentially hindering timely access to data rights.","This restricted access to exercising data rights, potentially delaying the fulfillment of requests,  contradicts the requirement for timely action within 90 days."
BC,0.9,1,TC020,Consent Withdrawal,violating,Rule 3,,violating,violating,Section 4(4),Section 4(4),10,False,A fee of Rs. 500 may be incurred for the processing of your consent withdrawal request.,"The text states a fee for consent withdrawal, which must be as easy as providing consent.","Charging a fee for withdrawing consent makes it more difficult than providing consent, violating Section 4(4) which mandates comparable ease of withdrawal."
BC,0.9,1,TC021,Consent Withdrawal,compliant,,,violating,compliant,Section 3(4),Section 3(4),7,False,Consent revocation can be initiated at any point via the system preferences section within our application. Please be advised that the procedure may involve several steps and could have immediate implications for your account and data access privileges.,The text states consent revocation could have 'immediate implications' which may not be comparable to the ease of giving consent.,"While the text mentions potential consequences, it doesn't explicitly state that revocation is *more difficult* than giving consent initially, which is the key concern under Section 3(4)."
BC,0.9,1,TC022,Data Retention,violating,Section 8,,violating,violating,null,Rule 9,9,False,"Personal data may be retained by us on our servers for an indefinite period to enhance our AI model development, notwithstanding any account deletions you may have initiated.","The text states personal data will be retained indefinitely, contradicting the requirement for data erasure after a specified period.",This contradicts the DPDP Rules which mandate data erasure after a specified period unless required by law.
BC,0.9,1,TC023,Data Retention,violating,Section 8,,compliant,violating,,Section 7(1),7,False,User data will be maintained in compliance with our long-term archival protocols for the purpose of strategic analytics and service enhancement throughout the operational lifecycle of our organization.,The text states data will be used for 'strategic analytics and service enhancement' which are lawful purposes.,"While the stated purposes are potentially lawful, the text lacks specifics on data retention periods and whether they are proportionate to the stated purposes, raising concerns about potential over-retention."
BC,0.9,1,TC024,Data Retention,compliant,,,compliant,violating,,Section 9,7,False,"We maintain a comprehensive data retention policy in accordance with relevant regulatory frameworks, ensuring that transaction data is preserved for an extended period. Personal data from closed accounts is systematically processed in compliance with organizational standards, typically within a defined timeframe.",The text states compliance with regulatory frameworks and data processing within defined timeframes.,"While the text mentions compliance with regulatory frameworks and defined timeframes, it lacks specifics about the duration of data retention and the legal basis for it, potentially violating Section 9 regarding data retention periods."
BC,0.9,1,TC025,Data Retention,compliant,,,compliant,compliant,null,Section 6,7,False,"Your personal delivery address and contact information will be processed and undergo routine management based on our standard operational procedures, typically within 30 days post-last-ordered-delivery, subject to system verification. You may be informed via our standard communication channels prior to the aforementioned process.","The text states data processing will occur within 30 days and users may be informed prior, not exceeding the 90 day limit.","While the text mentions processing within 30 days, it doesn't explicitly state how this aligns with the 90-day limit for responding to data subject requests as outlined in Section 6."
BC,0.9,1,TC026,Security,violating,Rule 6,,compliant,violating,,Section 5(1)(b),7,False,User credentials and payment information are maintained in a formatted document for the facilitation of efficient retrieval by our support personnel.,"The text states the data is used for efficient retrieval by support personnel, a lawful purpose.","While the stated purpose is retrieval by support staff, the text lacks detail on the necessity of storing this sensitive data in a formatted document, raising concerns about potential over-collection."
BC,0.9,1,TC027,Security,violating,Rule 6,,compliant,violating,,Section 6,7,False,Access to a dataset comprising 2 million user records is provided through a publicly available API endpoint to facilitate developer convenience and ensure seamless integration experiences.,"The text describes data access for developer convenience and integration, not unlawful sharing.","While the text mentions developer convenience, it lacks detail on the nature of the data accessed and whether consent or other lawful bases are in place."
BC,0.9,1,TC028,Security,compliant,,,compliant,compliant,Section 6(1)(a),Section 6(1)(a),9,False,"We employ advanced encryption methodologies for personal data both at rest and in transit, ensuring robust security measures are in place. Access to such data is strictly limited to designated personnel.","The text describes the use of encryption and restricted access, fulfilling the requirements of Section 6(1)(a).",This practice aligns with the requirements of Section 6(1)(a) by implementing appropriate data security measures like encryption and access control.
BC,0.9,1,TC029,Security,compliant,,,compliant,compliant,,,9,False,"All sensitive data is secured on facilities compliant with industry best practices, featuring role-based access controls and ongoing monitoring to ensure compliance with organizational data protection policies.","The text describes security measures, not unlawful data practices.","This describes lawful security practices, not a violation of DPDP provisions."
BC,0.9,1,TC030,Breach Notification,violating,Rule 7,,compliant,violating,Protection During Personal Data Breaches,Rule 7. Intimation of personal data breach,8,False,"Internal Communication: A data access incident was recently identified, potentially impacting 10,000 user records. Appropriate measures are being implemented to address the situation without additional disruption, in accordance with internal protocols. Notification protocols will be reviewed post-resolution to ensure compliance with all relevant directives.",The text states they are taking measures to address the situation and will review notification protocols post-resolution.,"While the organization mentions taking measures, the text lacks confirmation of immediate notification to affected individuals as required by the DPDP Rules."
BC,0.9,1,TC031,Breach Notification,violating,Rule 7,,violating,violating,Section 7(1),Section 7(1),9,False,"A potential breach was identified six days ago, and we are currently evaluating the business implications prior to any user communication.","The text states a breach was identified six days ago but user communication has not yet occurred, violating the requirement to inform affected Data Principals 'without delay'.","The text states a delay in notifying affected Data Principals, potentially violating Section 7(1) which mandates 'without delay' communication."
BC,0.9,1,TC032,Breach Notification,compliant,,,compliant,violating,Section 7,Section 7,8,False,"We encountered an incident that may have impacted user data, including email addresses. We have initiated the requisite notification protocols, ensuring compliance with data protection regulations. Individual notifications to affected users will be dispatched in due course, consistent with best practices and regulatory requirements.","The text states they are initiating notification protocols and will dispatch notifications to affected users in due course, consistent with regulations.","While the organization states they are taking steps to notify affected users, the text lacks specifics about the nature and extent of the breach, and the timeframe for notifications, potentially violating Section 7's requirement for 'concise, clear and plain' information without delay."
BC,0.9,1,TC033,Grievance Redressal,violating,Rule 9,,violating,compliant,null,,7,False,"If privacy concerns arise, we kindly request that you share them through our dedicated feedback portal. It should be noted that we do not currently have a specific mechanism in place for direct communication regarding such matters.","The text states there is no specific mechanism for direct communication regarding privacy concerns, despite a request to share them.","While the organization lacks a dedicated channel, they provide an alternative means (feedback portal) for addressing privacy concerns, which fulfills the spirit of transparency and accessibility."
BC,0.9,1,TC034,Grievance Redressal,violating,Rule 9,,violating,compliant,null,,7,False,"Data protection inquiries must be received through authorized channels, which do not include digital submissions. Privacy concerns can be directed via traditional methods as specified in our procedures.","The text restricts data protection inquiries to non-digital channels, potentially violating the spirit of a digital-first approach.","While the text discourages digital inquiries, it doesn't explicitly prohibit them or violate the DPDP's emphasis on a digital-first approach."
BC,0.9,1,TC035,Grievance Redressal,compliant,,,compliant,compliant,Clear Contact for Queries and Complaints,Clear Contact for Queries and Complaints,10,False,Our Data Protection Compliance Officer can be contacted at dpc@ourenterprise.com. Ensuring all concerns are recognized within the specified timeframe is a top priority.,The text provides a clear point of contact for data protection queries.,This fulfills the requirement of providing a clear point of contact for data protection queries as outlined in the DPDP Rules.
BC,0.9,1,TC036,Grievance Redressal,compliant,,,compliant,violating,,Section 8(4),7,False,Engage our Data Protection Compliance Officer via grievance@company.in or 1800-XXX-XXXX for any inquiries related to data protection. Compliance with legal requirements for handling data protection grievances is prioritized to ensure ongoing regulatory adherence.,The text provides contact information for data protection inquiries and states a commitment to regulatory adherence.,"While the text mentions contact information and commitment to compliance, it doesn't describe any specific actions taken regarding data protection grievances, which is required by the Act."
BC,0.9,1,TC037,Data Principal Rights,violating,Section 14,,compliant,violating,Section 12(2),Section 12(2),8,False,"User Request: There appears to be an inaccuracies in the recording of my surname within the database.

System Response: Following our standard procedures, we are unable to modify historical data entries. Therefore, your request for data correction is being reviewed in accordance with our guidelines.","The system states it will review the request in accordance with guidelines, not refusing outright.","While the system doesn't outright refuse the request, it delays action and doesn't commit to correcting the data, potentially violating the Data Principal's right to correction under Section 12(2)."
BC,0.9,1,TC038,Data Principal Rights,violating,Section 14,,compliant,compliant,,Section 6,7,False,"Personal data access requests are managed through our proprietary systems, which are designed to ensure data integrity and security, thereby preventing unauthorized extraction or export of user information.",The text describes security measures taken to protect user data.,"While the text mentions security measures, it doesn't explicitly state how consent is obtained or if data access requests are handled in accordance with a data principal's rights."
BC,0.9,1,TC039,Data Principal Rights,compliant,,,compliant,violating,,Section 6,7,False,Access and deletion requests for your personal data are managed in accordance with the prescribed timelines under the DPDP Act. Please utilize the secure account management portal to submit your requests.,The text states compliance with DPDP Act timelines for data access and deletion requests.,"While the text mentions compliance with DPDP Act timelines, it does not specify the actions taken to fulfill these requests, leaving room for potential violations."
BC,0.9,1,TC040,Data Principal Rights,compliant,,,violating,compliant,null,Mandatory Response within Ninety Days,6,False,"Personal data copies can be obtained through the Privacy module of your account at any time. The organization reserves the right to process erasure requests within a standard timeframe, which may vary.","The organization states it reserves the right to process erasure requests within a 'standard timeframe, which may vary',  violating the mandatory 90-day response requirement.","While the phrasing is vague, it doesn't explicitly state exceeding the 90-day limit, so it's possible the 'standard timeframe' complies."
BC,0.9,1,TC041,Children's Data,violating,Section 9,,compliant,compliant,,Rule 11(1),9,False,"Is it confirmed that you are at least 18 years of age before proceeding with account creation and location sharing? Should this not be the case, kindly involve a parent or guardian to provide necessary authorization through the account settings.","The text requests confirmation of age and suggests parental involvement for minors, aligning with DPDP guidelines.","The text requests age confirmation and suggests parental involvement for minors, aligning with the DPDP Rules' requirement for verifiable parental consent for processing children's data."
BC,0.9,1,TC042,Children's Data,violating,Section 9,,violating,violating,Section 7,Section 7,8,False,"Based on the engagement observed within the Kids Math Games section, these toy advertisements have been tailored to align with your interests.","The text states that advertisements are tailored to a child's interests based on their engagement, implying processing of personal data beyond what is necessary for the stated purpose.",This practice could violate Section 7 by processing personal data (engagement) beyond what is necessary for the stated purpose (providing math games) and potentially causing detrimental effects on the child's well-being.
BC,0.9,1,TC043,Children's Data,violating,Rule 10,,violating,violating,Section 11,Section 11,7,False,"Authorization for this account is required from a legally designated individual, such as a parent or guardian. Please provide the email address associated with this designation so that a verification request can be sent through the DigiLocker system.",The text requests verification through DigiLocker without explicitly stating how consent is obtained from the legally designated individual.,"While it mentions DigiLocker, the text doesn't explicitly detail how consent is obtained from the legally designated individual, leaving room for potential non-compliance with Section 11's requirement for verifiable consent."
BC,0.9,1,TC044,Children's Data,violating,Section 9,,violating,violating,Section 11(1),Section 11(1),8,False,We provide anonymized insights derived from user interactions to selected corporate partners engaged in educational technology for the purpose of enhancing product development initiatives.,The text states anonymized insights are provided to corporate partners without specifying how consent was obtained.,"While anonymization is a mitigating factor, the text lacks detail on how consent was obtained from users for this data use, potentially violating Section 11(1) which requires specific and informed consent."
BC,0.9,1,TC045,Children's Data,compliant,,,compliant,compliant,null,Rule 11,9,False,"For users below the defined age threshold, we ensure authorization from a relevant custodial party through our integrated authentication framework prior to account establishment or data handling processes.","The text states authorization is obtained from a custodial party before data handling, aligning with DPDP requirements.","This practice aligns with Rule 11 of the DPDP Rules 2025, which mandates verifiable consent from a parent or guardian for processing a child's personal data."
BC,0.9,1,TC046,Children's Data,compliant,,,compliant,violating,Section 3(3),"Section 3(2), Section 3(3)",7,False,Our organization ensures that no advertisements are targeted towards users under 18. Data related to children is exclusively utilized for enhancing the educational service delivery framework.,"The text states that advertisements are not targeted towards users under 18 and data related to children is used for educational purposes, aligning with the DPDP Act's restrictions on targeted advertising and processing for detrimental effects.","While the text claims lawful use, it lacks specifics on consent, data minimization, and the educational purpose's necessity, leaving room for potential violation."
BC,0.9,1,TC047,Cross-Border Transfer,violating,Section 15,,compliant,violating,,"Section 6, Rule 3",7,False,"By engaging our service, you acknowledge the voluntary nature of your personal data being managed and safeguarded in [Country X, recognized for its robust data governance frameworks].","The text states data is managed and safeguarded voluntarily, mentioning a country with robust data governance frameworks.","While the text mentions voluntary data management, it lacks specifics on lawful basis, purpose limitation, or user control, essential for compliance with Section 6 and Rule 3."
BC,0.9,1,TC048,Cross-Border Transfer,violating,Section 15,,violating,violating,null,null,9,False,"User data is transferred to the servers of our parent entity in a jurisdiction yet to be determined, without any limitations.",The text states user data is transferred without limitations to an unspecified jurisdiction.,"Transferring personal data to an unspecified jurisdiction without limitations raises concerns about the adequacy of data protection in that jurisdiction and the potential for unauthorized access or processing, violating the principles of data protection."
BC,0.9,1,TC049,Cross-Border Transfer,compliant,,,compliant,compliant,,Section 15,10,False,All personal data is securely stored on servers situated within the jurisdiction of India. There are no transfers of personal data outside the boundaries of India.,The text states that all personal data is stored within India and there are no transfers outside of India.,"This practice aligns with Section 15 of the DPDP Act, which restricts data transfers outside India and requires adherence to government regulations."
BC,0.9,1,TC050,Cross-Border Transfer,compliant,,,compliant,compliant,Section 16,Section 15,9,False,"In accordance with our established protocols, the transfer of personal data outside India is conducted exclusively to jurisdictions deemed compliant by the Central Government, adhering to relevant transfer stipulations and corporate data governance frameworks.","The text states data transfer is conducted to jurisdictions deemed compliant by the Central Government, adhering to transfer stipulations.","This practice aligns with Section 15 of the DPDP Act, which allows for data transfer outside India subject to the Central Government's restrictions and requirements."
BC,0.9,1,TC051,Purpose Limitation,violating,Section 6,,violating,violating,Section 6(1),Section 6(1),8,False,"Thank you for providing your phone number for enhanced security purposes. This number will also be utilized to facilitate communications, including promotional SMS messages from our valued partners, to ensure you remain informed about exclusive offers and services.",The text states that the phone number will be used for promotional SMS messages without specifying if the Data Principal explicitly consented to this purpose.,"The text does not explicitly state that the Data Principal consented to receiving promotional messages, potentially violating Section 6(1) which requires consent to be specific and limited to the stated purpose."
BC,0.9,1,TC052,Purpose Limitation,violating,Section 6,,violating,violating,Section 11 (1),Section 11 (1),8,False,The health data provided to our fitness application may be analyzed and utilized by insurance companies as part of a broader data review process to assess various factors.,The text states data may be used by third parties (insurance companies) without explicit consent from the data principal.,"The text implies data sharing with third parties (insurance companies) for a purpose beyond the initial fitness app context, potentially requiring explicit consent under Section 11(1)."
BC,0.9,1,TC053,Purpose Limitation,compliant,,,compliant,compliant,,Section 6(1),9,False,"Your location data, gathered during the fulfillment process, is utilized exclusively for operational dispatching and delivery status notifications. It undergoes systematic deletion post-delivery confirmation.","The text states that location data is deleted after delivery confirmation, indicating compliance.","This practice aligns with the principle of data minimization and purpose limitation, as data is only retained for the duration necessary for delivery."
BC,0.9,1,TC054,Purpose Limitation,compliant,,,compliant,compliant,,Section 6,9,False,"We utilize your email address exclusively for the purpose of transactional communications, including order confirmations and critical security notifications. The utilization of your email for any non-transactional purposes, including but not limited to marketing communications, is subject to separate, explicit consent and will not be undertaken without your affirmative authorization.",The text states email use is limited to transactional purposes and marketing requires explicit consent.,"This aligns with Section 6 of the DPDP Act, which emphasizes specific and informed consent for processing personal data."
BC,0.9,1,TC055,SDF Obligations,violating,Rule 13,,violating,violating,Section 11 (1),Section 11(1),10,False,"A Data Protection Impact Assessment has not been undertaken by the organization within the past 24 months, though it is understood that such assessments are to be performed on an annual basis.","The organization has not conducted a Data Protection Impact Assessment within the past 24 months, violating the requirement for annual assessments.","The text states the organization has not conducted a Data Protection Impact Assessment within the past 24 months, violating the requirement for annual assessments as per Section 11(1)."
BC,0.9,1,TC056,SDF Obligations,violating,Rule 13,,violating,violating,null,null,8,False,Regular assessments of the data processing systems affecting more than 10 crore user accounts have not been conducted to ensure compliance with data principal rights as of the latest evaluation cycle.,The text states that assessments to ensure compliance with data principal rights have not been conducted.,"Failing to conduct regular assessments to ensure compliance with data principal rights could violate the spirit of the DPDP Act, even if no specific section explicitly mandates such assessments."
BC,0.9,1,TC057,SDF Obligations,compliant,,,compliant,compliant,Section 12(2)(b),Section 12(2)(b),9,False,"As a Strategic Data Governance Entity, we undertake comprehensive Data Risk Analyses on a recurring basis and undergo periodic third-party evaluations. Findings are submitted to the Regulatory Compliance Oversight Committee.","The text describes periodic third-party evaluations, which align with the requirement for independent data audits.",The text describes actions consistent with the requirement for independent data audits under Section 12(2)(b).
BC,0.9,1,TC058,Consent Manager,violating,Rule 4,,compliant,compliant,,,8,False,"The Consent Manager platform's operational jurisdiction is being reviewed to ensure alignment with global standards, which may involve adjustments to the entity's jurisdictional status.","The text discusses reviewing jurisdiction to align with global standards, not a violation.","This statement describes a process of ensuring compliance with standards, not a direct action involving personal data processing."
BC,0.9,1,TC059,Consent Manager,compliant,,,compliant,compliant,,"Part B, Item 1",10,False,"The Consent Management Solution leverages registration with the Data Protection Regulatory Body, an entity based in India, which facilitates an interoperable framework for consent management.","The text describes a system registered with the Data Protection Regulatory Body, which is a requirement for Consent Managers.","Registration with the Data Protection Regulatory Body is a requirement for Consent Managers, as outlined in the DPDP Rules."
BC,0.9,1,TC060,Lawful Processing,compliant,,,compliant,violating,null,"Section 5, Section 6",7,False,"To facilitate your employment and payroll processing, we may require your banking information and personal identification details. Such data handling is conducted in accordance with the Employment Purposes clause as per the DPDP Act 2023.","The text states data handling is done according to the DPDP Act 2023, without specifying unlawful collection.","While the text mentions compliance with the DPDP Act, it lacks specifics about the lawful basis for collecting this sensitive data and obtaining consent."
BC,0.9,1,TC061,Lawful Processing,compliant,,,violating,compliant,Section 15,Section 15,7,False,"We utilize your Aadhaar number for identity verification processes to ensure regulatory compliance, as per the guidelines outlined by the Reserve Bank of India (RBI).",The text states data transfer for regulatory compliance without specifying the requirements set by the Central Government.,"While the text mentions RBI guidelines, it doesn't explicitly state if those guidelines align with the Central Government's requirements for data transfer under Section 15."
BC,0.9,1,TC062,Lawful Processing,violating,Section 7,,compliant,violating,,Section 6,7,False,Medical records are processed under the auspices of the state health scheme in accordance with government directives and for the facilitation of operational convenience.,"The text states processing is done under government directives and for operational convenience, which could be considered lawful purposes.","While the text mentions 'operational convenience', it lacks specifics on the purpose and scope of processing, potentially raising concerns about exceeding the bounds of legitimate processing for healthcare."
BC,0.9,1,TC063,Lawful Processing,violating,Section 6,,violating,violating,Section 7(1)(i),Section 7(1)(i),9,False,"We process personal data for purposes that, while not detailed in our privacy policy, are believed to enhance your overall experience with our services.","The text states data processing for unspecified purposes, lacking an itemized description as required by Section 7(1)(i).","The text lacks a specific and itemized description of the purposes for processing personal data, as required by Section 7(1)(i) of the DPDP Act 2023."
BC,0.9,1,TC064,Data Processor,violating,Rule 6,,violating,compliant,Section 8(2),Section 8(2),7,False,"Security safeguards for user data are being managed by our third-party data processor, although no specific contractual obligation exists for this responsibility.",The text states a Data Fiduciary is using a Data Processor without a valid contract.,"While the text mentions using a Data Processor, it doesn't explicitly state the absence of a valid contract, only that there is no *specific* contractual obligation for security."
BC,0.9,1,TC065,Data Processor,compliant,,,compliant,violating,,Section 8(2),7,False,All data processors are expected to adhere to our organization's security standards through contractual obligations and are restricted from processing data outside the specified parameters.,"The text states data processors are restricted to specified parameters, indicating compliance.","While the text mentions restrictions, it lacks specifics on the nature of these restrictions and how they align with DPDP requirements, leaving room for potential violations."
BC,0.9,1,TC066,Notice,violating,Rule 3,,compliant,violating,,Rule 3(1),7,False,"Our privacy policy is provided exclusively in English and is designed to meet the complexity required by legal standards, ensuring comprehensive coverage under the DPDP Act 2023.",The text states the policy meets legal standards and DPDP Act requirements.,"While the text claims compliance, it does not specify the content or accessibility of the policy, which is crucial for DPDP compliance."
BC,0.9,1,TC067,Notice,violating,Rule 3,,compliant,violating,,Rule 3(b),7,False,We present the collection of data as part of a comprehensive suite of 15 user agreement elements on the registration interface.,"The text only mentions data collection as part of a user agreement, not how it is collected or used.","While the text doesn't specify how the data is used, presenting data collection as part of a user agreement raises concerns about transparency and informed consent, which are crucial under the DPDP."
BC,0.9,1,TC068,Notice,compliant,,,compliant,violating,,Rule 10,7,False,"Prior to data collection, a distinct, concise consent acknowledgment is provided, delineating the scope of data gathering, intended usage, and mechanisms for revocation.",The text states a clear consent acknowledgment is provided prior to data collection.,"While the text describes a positive practice, it lacks specifics on the form and content of the consent, which must meet the requirements of Rule 10 for verifiable consent."
BC,0.9,1,TC069,Notice,compliant,,,compliant,compliant,,,6,False,"Our consent notice is provided discretely from other contractual agreements and is accessible in Hindi, Tamil, Bengali, and English, as per established company policies.",The text describes the consent notice's accessibility in multiple languages and separation from other agreements.,"While the text describes positive practices, it does not explicitly state how consent is obtained or if it is freely given, specific, informed, and unambiguous."
BC,0.9,1,TC070,Nomination Rights,violating,Section 14,,violating,compliant,Section 14(1),Section 14(1),8,False,Such arrangements for the delegation of data rights exercises are not facilitated by our organization under any circumstances.,"The organization states it does not facilitate data rights exercises, violating a Data Principal's right to nominate someone to exercise their rights if they become incapacitated.","While the organization's stance may hinder some data principals' ability to exercise their rights, it doesn't explicitly violate Section 14(1) as it doesn't prohibit the nomination itself, only the facilitation."
BC,0.9,1,TC071,Nomination Rights,compliant,,,compliant,compliant,,Section 12,9,False,You have the option to designate a reputable party to facilitate the exercise of your DPDP rights via the Designation module within your account management interface.,"The text describes a mechanism for exercising DPDP rights, not a violation.","This practice facilitates the exercise of DPDP rights as outlined in the Act and Rules, not obstructing them."
BC,0.9,1,TC072,Data Sharing / Disclosure,violating,Section 6,,violating,violating,Section 7,Section 7,8,False,Anonymised user behaviour insights are provided to authorised external partners for analytical purposes.,The text states data is provided to external partners without specifying the purpose or consent mechanisms.,"While anonymised, the purpose of providing the data is not clearly defined, and it's unclear if consent mechanisms are in place, potentially violating Section 7's requirement for specific and informed consent."
BC,0.9,1,TC073,Data Sharing / Disclosure,compliant,,,compliant,compliant,,,9,False,"We engage in the sharing of aggregated, anonymized data with various academic and research entities for the purposes of analysis and advancement. It is ensured that no personally identifiable information is included in these data transfers.",The text states that no personally identifiable information is included in data transfers.,"This practice does not appear to violate the DPDP Act as it involves anonymized data, which is not considered personal data under the Act."
BC,0.9,1,TC074,Data Sharing / Disclosure,violating,Section 6,,violating,violating,Section 7,Section 7,9,False,"We may share your personal data with affiliated entities for integrated service enhancement, in accordance with our internal policies and procedures, without requiring individual consent for each entity.","The text states data sharing with affiliated entities without requiring individual consent for each entity, violating the requirement for specific and informed consent.",This sharing of data without explicit consent for each entity potentially violates the requirement for specific and informed consent as outlined in Section 7.
BC,0.9,1,TC075,Transparency,violating,Section 14,,compliant,violating,,Section 6,7,False,"Personal data held by us is managed in accordance with our privacy policies, ensuring that disclosure of such data to users regarding its usage and sharing is conducted in a manner consistent with our established procedures and legal obligations.",The text states data is managed according to privacy policies and legal obligations.,"While the text mentions adherence to policies and legal obligations, it lacks specifics about obtaining valid consent, data purpose limitation, or transparency regarding data sharing practices."
BC,0.9,1,TC076,Transparency,compliant,,,compliant,compliant,,Section 12,9,False,"Upon request, our organization offers a comprehensive overview of the personal data held, the intended processing purposes, and the entities with whom such data has been shared, though specifics may vary based on individual circumstances.",The text states the organization will provide information about data processing purposes and data sharing upon request.,This practice aligns with the Data Principal's right to access information about their data processing as outlined in Section 12 of the DPDP Act 2023.
BC,0.9,1,TC077,Automated Decisions,violating,Section 6,,violating,violating,Section 3(3)(a),Section 3(3)(a),9,False,"Personal data assessments are conducted by our AI system, leading to automated decisions on loan applications. Applicants are informed of the outcome, and processes are in place to ensure a comprehensive understanding of the decision criteria.","The text states that AI systems make automated decisions affecting loan applicants, which requires ensuring completeness, accuracy, and consistency of the data used.","This practice potentially violates Section 3(3)(a) as automated decisions about loan applications directly affect Data Principals and require ensuring data completeness, accuracy, and consistency."
BC,0.9,1,TC078,Automated Decisions,compliant,,,violating,compliant,Section 7,,8,False,"Where automated processing may have a significant impact on your decision-making process, individuals are entitled to request a human-mediated review of the outcome and to contest any adverse determinations.","The text states individuals can contest adverse determinations made by automated processing, implying a right to human review not explicitly mentioned in Section 7.","While not explicitly stated, the right to human review in automated decision-making is implied by the DPDP's emphasis on fairness and individual rights."
BC,0.9,1,TC079,Exemptions,violating,Section 7,,violating,violating,null,Section 7(3),9,False,"We seek to utilize a research exemption for the processing and retention of user data for an indefinite period, while maintaining our core operations focused on advertising services.","The text states an indefinite retention period for user data, which contradicts the Act's requirement for data erasure after a specified period.","Indefinite data retention contradicts the DPDP's requirement for erasure after a specified period, unless further retention is legally mandated."
BC,0.9,1,TC080,Exemptions,compliant,,,compliant,violating,,Section 6,7,False,"Personal data processed under the research exemption may be utilized for academic analysis and, in compliance with data protection policies, is anonymized in publications; however, there is a rigorous ongoing review to ensure complete deletion post-study, which includes a multi-tiered data validation process to confirm the data's irreversibility.",The text states anonymization and a multi-tiered data validation process to confirm irreversibility post-study.,"While anonymization and deletion post-study are mentioned, the text lacks specifics on how anonymization is achieved and whether it meets the DPDP's requirements for data protection."
BC,0.9,1,TC081,Consent,compliant,,,violating,violating,Section 6(1),Section 6(1),9,False,"We require your email address for the issuance of your receipt and may also utilize this information to provide you with relevant updates and promotional communications. By checking the box below, you acknowledge your consent to receive such communications. Your opt-out preferences can be adjusted at any time through the settings section of our platform.","The text states consent is given by checking a box, but does not specify the purpose or description of the goods or services to be enabled by processing.","While the text mentions updates and promotions, it lacks a specific, itemized description of the personal data processed and the purposes of processing as required by Section 6(1)."
BC,0.9,1,TC082,Consent,violating,Section 6,,violating,violating,Section 7,Section 7,9,False,Consent to marketing communications is presumed unless indicated otherwise by the user through explicit actions on our registration form. Users are advised to review all form fields to ensure their preferences are accurately captured.,"The text states consent to marketing communications is presumed unless indicated otherwise, which is not explicit consent as required by the DPDP Act.","This constitutes implied consent, which is not sufficient under Section 7 of the DPDP Act, as it requires specific and informed consent for processing personal data."
BC,0.9,1,TC083,Consent,violating,Section 6,,violating,compliant,null,,6,False,The suspension of an account and subsequent deletion of data may occur in cases where optional data collection consent is not provided.,"The text states data deletion is contingent on consent, which may be unlawful.","While the text implies data deletion is tied to consent, it doesn't specify if this is for all data or only optional data, leaving room for lawful processing."
BC,0.9,1,TC084,State Processing,compliant,,,compliant,compliant,,,3,False,The organization facilitates the handling of individual data for the implementation of various national initiatives through an internal platform. Notifications regarding this data handling are disseminated through multiple communication channels.,The text describes data handling for national initiatives without specifying unlawful collection or processing.,"The text lacks specifics about the nature of data handled, consent obtained, or purposes beyond 'national initiatives', making it impossible to assess compliance with DPDP provisions."
BC,0.9,1,TC085,State Processing,violating,Section 7,,violating,violating,null,Section 14,8,False,"Our government department facilitates the transfer of citizen data to private entities for commercial purposes, aligning with the broader public interest as per established protocols.","The text states the transfer of citizen data to private entities for commercial purposes, which may not align with the DPDP Act's principles.",This transfer of data for commercial purposes without explicit mention of a lawful basis or the data principal's consent raises concerns under Section 14 of the DPDP Act regarding the rights of data principals.
BC,0.9,1,TC086,Healthcare,violating,Section 6,,violating,compliant,Section 2,Section 2,7,False,"Patient medical records from our hospital are occasionally reviewed by pharmaceutical companies for the purpose of product development, as per established industry protocols.","The text states that patient medical records are reviewed by pharmaceutical companies for product development, which is not explicitly stated as a lawful purpose in the provided DPDP sections.","While not explicitly mentioned, product development can be considered a legitimate purpose related to healthcare, potentially falling under Section 2's allowance for processing by healthcare professionals."
BC,0.9,1,TC087,Healthcare,compliant,,,compliant,violating,,Section 6,7,False,"Patient health information is managed exclusively for healthcare delivery purposes and third-party sharing is governed by stringent, enterprise-wide consent protocols.",The text states data is used for healthcare delivery and sharing is governed by consent protocols.,"While the text mentions consent protocols, it lacks specifics on the nature and adequacy of these protocols to meet DPDP requirements for informed, specific, and freely given consent."
BC,0.9,1,TC088,Financial,compliant,,,compliant,compliant,,Section 5(1),8,False,"We leverage your banking and personal identification data exclusively for payroll disbursement, in accordance with relevant employment statutes. It is intended that this data not be utilized for any additional purposes.",The text states the data will only be used for payroll disbursement and not for additional purposes.,This statement aligns with Section 5(1) by specifying the purpose of data processing (payroll) and informing the individual about their rights.
BC,0.9,1,TC089,Financial,violating,Section 6,,violating,violating,Section 3(3),Section 3(3),8,False,"Your financial transaction data may be disclosed to credit bureaus, marketing partners, and data management firms for various purposes, in accordance with our data sharing policies and procedures.",The text states data may be disclosed to third parties without specifying the purpose or consent mechanisms.,"The text lacks specificity about the purpose of data disclosure and consent mechanisms, potentially violating Section 3(3) which mandates transparency and purpose limitation."
BC,0.9,1,TC090,Response Time,compliant,,,compliant,compliant,,Section 8,9,False,"To initiate a data retrieval or deletion request, please proceed to the Data Request Submission Portal. Your query will be reviewed and addressed by our Compliance Processing Unit within the stipulated timeframe.","The text describes a process for handling data requests, not unlawful data processing.","The text describes a process for handling data requests, which aligns with the DPDP's requirements for data principal rights."
BC,0.9,1,TC091,Response Time,violating,Rule 14,,violating,violating,Section 7,Section 6,9,False,"Access requests for data are managed in accordance with our established protocols, which provide for a timely response within 180 days. Decisions regarding responses are made at our discretion and may include instances where responses are not provided.","The text states responses to data access requests may not be provided at the Data Fiduciary's discretion, violating the requirement for timely action and accountability.","The text states the organization may choose not to respond to data access requests, contradicting the requirement for Data Fiduciaries to address all requests within 90 days."
BC,0.9,1,TC092,Profiling / Behavioral Advertising,violating,Section 6,,compliant,violating,,"Section 6, Section 11",7,False,"We have implemented a comprehensive user activity analysis program to enhance our understanding of user engagement, which involves the collection of data across various platforms. This process is facilitated through the use of third-party cookies with the intention of improving user experience and service offerings, while ensuring compliance with relevant data protection regulations.",The text states the data collection aims to improve user experience and service offerings while ensuring compliance with data protection regulations.,"While the text mentions compliance with data protection regulations, it lacks specifics about user consent, data minimization, and purpose limitation, raising concerns about potential violations of Section 6 and Section 11."
BC,0.9,1,TC093,Profiling / Behavioral Advertising,compliant,,,compliant,violating,,Section 6,7,False,We leverage anonymized and aggregated data analytics to gain insights into user behavior across the platform. It is important to note that individual user profiling is strictly prohibited and does not occur within our processes.,The text states that individual user profiling is prohibited and does not occur.,"While the text claims to prohibit individual user profiling, the use of data analytics to gain insights into user behavior could potentially be used to indirectly infer personal information, raising concerns about compliance with Section 6 regarding reasonable security safeguards."
BC,0.9,1,TC094,Employee Data,violating,Section 6,,violating,violating,Section 7,Section 7,7,False,"Employee communications, including those via personal devices connected to our network, are subject to review in order to ensure the security and integrity of our network infrastructure. This process is implemented without notification to users to maintain the confidentiality and protection of our organizational data.","The text states that employee communications are reviewed without notification, which violates the right to be informed under Section 7.","While the text mentions review for security, it lacks explicit mention of personal data processing and the purpose of review, potentially violating the right to be informed under Section 7."
BC,0.9,1,TC095,Employee Data,compliant,,,compliant,violating,,Section 9(a),7,False,"Employee activity tracking is confined to enterprise-issued assets and infrastructure during operational hours, as per established protocols. Notification of such practices is included in the comprehensive onboarding documentation.",The text states data collection is limited to enterprise-issued assets and infrastructure during operational hours and is disclosed during onboarding.,"While the text states limitations on tracking, it doesn't explicitly address the necessity or purpose of this data collection, nor does it guarantee data minimization or user control."
BC,0.9,1,TC096,Edge Case Compliant,compliant,,,compliant,violating,,Section 6(1),8,False,"Prior to proceeding, we urge you to carefully review our Comprehensive Privacy Policy. This document outlines the handling of your personal information, specifically related to delivery address and contact details, for the purpose of fulfilling food order deliveries. We ensure the timely deletion of such data within 30 days post-delivery. For detailed information, please access the Full Privacy Notice.","The text states data is deleted within 30 days post-delivery, indicating compliance.","While the text mentions deletion within 30 days, it lacks explicit confirmation of informed consent being obtained from the data principal for the stated purpose."
BC,0.9,1,TC097,Edge Case Compliant,compliant,,,violating,compliant,Section 6(1)(c),Section 6(1)(e),8,False,Our system is designed to monitor anomalous login activities and may implement temporary account restrictions for security reasons. We maintain records of your IP address and device characteristics to ensure compliance with our security protocols.,"The text states they maintain records of IP address and device characteristics for security protocols, but doesn't specify how long these are retained.","While the text doesn't specify retention duration,  monitoring for security and maintaining logs for a year (as per Section 6(1)(e)) are permissible practices."
BC,0.9,1,TC098,Edge Case Compliant,compliant,,,compliant,violating,,Section 3(3),7,False,"We leverage your engagement data within our ecosystem to enhance personalisation across your user experience. While this information is utilized internally to refine our services, we maintain robust measures to ensure data integrity and confidentiality. Please note, data handling practices may be subject to periodic review and optimization to align with evolving industry standards and user expectations.",The text states data is used internally to refine services and mentions robust measures for data integrity and confidentiality.,"While the text mentions 'robust measures', it lacks specifics on how consent is obtained or if processing aligns with stated purposes, potentially violating Section 3(3) regarding data accuracy and completeness."
BC,0.9,1,TC099,Edge Case Compliant,compliant,,,compliant,violating,,Section 9,7,False,"We maintain comprehensive records of all operational activities for a defined retention period, in alignment with regulatory standards. These records are utilized for multiple organizational purposes, including but not limited to, legal compliance and internal audit.","The text states data is retained for regulatory compliance and internal audit, lawful purposes.","While the text states lawful purposes, it lacks specifics on the types of data retained and the duration, potentially exceeding what's necessary for the stated purposes."
BC,0.9,1,TC100,Edge Case Compliant,compliant,,,compliant,compliant,,,5,False,"To enhance operational efficiency and risk management, our automated systems continuously monitor transactional data for potential irregularities. Upon identification of anomalies, a dedicated review process involving human assessment is initiated to ensure due diligence, although specific actions are determined on a case-by-case basis.","The text describes a process for identifying and reviewing anomalies in transactional data, but does not explicitly violate any DPDP Act 2023 provisions.","While the text describes data processing, it lacks specifics on the type of data, purpose, legal basis, or individual rights considerations, making it impossible to determine a violation."
BC,0.9,1,TC101,Data Minimisation,compliant,,,compliant,compliant,,,9,False,"Prior to the deployment of a new client-facing digital solution intended for personal data processing, the organization initiates a comprehensive Data Privacy Risk Analysis, ensuring the incorporation of privacy-enhancing measures across the development lifecycle, in alignment with its commitment to 'privacy by design' principles.","The text describes a privacy-enhancing process, not a violation.","This proactive approach to privacy, aligning with 'privacy by design' principles, demonstrates compliance with the spirit of the DPDP Act."
BC,0.9,1,TC102,Data Minimisation,violating,Section 8,,compliant,violating,,"Section 3(1), Section 12",7,False,"A new enterprise-wide HR analytics solution has been implemented, which involves the processing of employee data, including Personally Identifiable Information (PII) and sensitive personal details. This initiative has been rolled out following standard procedural guidelines, ensuring alignment with the organization's data handling policies. Due to the comprehensive nature of the solution, a thorough privacy impact assessment is planned to be conducted in due course. Concurrently, a review of the data collection practices and necessary sign-off from the privacy function are being expedited to ensure full compliance with organizational standards and regulatory requirements.",The text states a privacy impact assessment and review of data collection practices are planned.,"While the text mentions planned actions, it doesn't confirm immediate compliance with DPDP requirements for data processing and impact assessment."
BC,0.9,1,TC103,Data Sharing / Disclosure,compliant,,,compliant,compliant,,,7,False,"The organization disseminates comprehensive data protection protocols to its business partners and cloud infrastructure providers, obligating them to adhere to specified data security protocols throughout the duration of their engagement in processing personal information on our behalf.",The text describes the organization's data protection protocols and obligations for its partners.,"While this describes a good practice, it doesn't explicitly demonstrate compliance with specific DPDP provisions regarding consent, data minimization, or breach notification."
BC,0.9,1,TC104,Data Sharing / Disclosure,violating,Section 8,,violating,violating,null,Section 9(b),8,False,"The company has not established formal privacy or security obligations with the cloud vendor processing customer data, nor has there been a comprehensive review of the vendor's data storage and protection practices as part of their engagement.","The company has not reviewed the vendor's data storage and protection practices, indicating a potential lack of due diligence in ensuring compliance.",This suggests the company is not ensuring appropriate technical and organizational measures are in place to protect personal data as required by Section 9(b) of the DPDP Rules 2025.
BC,0.9,1,TC105,Breach Notification,compliant,,,compliant,compliant,,,6,False,"The organization has established comprehensive frameworks for identifying, evaluating, and addressing potential data privacy occurrences. Notified parties and relevant regulatory bodies are informed in accordance with predetermined protocols, particularly in cases deemed significant or subject to legal mandates.","The text describes protocols for handling data privacy occurrences, not unlawful data processing.","While the text mentions handling data privacy occurrences, it doesn't specify how personal data is processed or if it's done lawfully."
BC,0.9,1,TC106,Breach Notification,violating,Rule 7,,violating,violating,Section 29,Section 29,9,False,"Security notice: Following an internal review, the IT department determined that the incident involving potential exposure of customer PII did not necessitate external notification, aligning with their discretion to manage such matters internally without escalating to the privacy office or informing broader stakeholders.","The text states the IT department chose not to notify external parties about a potential PII breach, contradicting the requirement to inform the Board.","This potentially violates Section 29, which mandates notification of the Board about personal data breaches."
BC,0.9,1,TC107,Data Principal Rights,compliant,,,compliant,violating,,"Section 9, Mandatory Response within Ninety Days",7,False,"The organization has implemented frameworks and methodologies designed to manage data subject rights requests, including access, rectification, and deletion, in accordance with relevant data protection regulations, though specific timelines and procedures may vary across different jurisdictions.",The text states adherence to data protection regulations and outlines procedures for managing data subject rights.,"While the text mentions procedures, it lacks specifics on how these align with the DPDP's mandatory 90-day response time for data subject requests."
BC,0.9,1,TC108,Data Principal Rights,violating,Section 12,,violating,violating,Mandatory Response within Ninety Days,Mandatory Response within Ninety Days,9,False,"The company failed to provide a timely response to a customer's request for data correction, resulting in an unresolved status without any formal acknowledgment, tracking mechanism, or internal escalation procedure being initiated.",The company did not respond to a data correction request within ninety days as mandated.,The company's failure to respond to a data correction request within ninety days and lack of a formal process for handling such requests violates the DPDP's requirement for timely responses and accountability.
BC,0.9,1,TC109,Governance / Accountability,compliant,,,compliant,compliant,,,8,False,"The privacy governance framework ensures independent oversight through a reporting structure to the General Counsel, with additional layered governance provided by the Privacy Sub-council, Data Privacy Council, and Risk Management Committee of the Board. Independent validation activities, including periodic audits, are conducted to reinforce privacy controls and governance processes.","The text describes a privacy governance framework with oversight and audits, not a violation.","The text describes internal organizational structures and processes, not specific actions regarding personal data processing."
BC,0.9,1,TC110,Governance / Accountability,violating,Section 8,,violating,violating,null,Section 7,9,False,"A company ensures the absence of a formally designated privacy function, lacks board-level governance mechanisms for data protection, and refrains from conducting routine reviews of data processing activities across various business units.","The company lacks board-level governance mechanisms for data protection and routine reviews of data processing activities, indicating a failure to implement accountability measures.","The absence of these measures suggests a failure to implement accountability, a core principle under Section 7 of the DPDP Act."
BC,0.9,1,TC111,Breach Notification,compliant,,,compliant,violating,,Rule 10,7,False,"During the reporting period, a single instance of an external privacy incident was identified. The organization's comprehensive incident management framework was activated to ensure compliance with relevant protocols, including notification of impacted parties.","The text describes an incident management framework and notification of impacted parties, which aligns with breach reporting requirements.","While the text mentions notification, it lacks specifics on the content and timing of the notification, which are crucial for compliance with breach reporting requirements."
BC,0.9,1,TC112,Governance / Accountability,violating,Section 8,,compliant,compliant,,,8,False,"Mandatory data privacy training for employees managing significant volumes of client PII across various projects is under review, with an annual awareness initiative being considered to enhance data protection responsibilities.","The text describes a planned training program to enhance data protection responsibilities, not a violation.","The text describes planned actions to improve data protection practices, not a current violation."
BC,0.9,1,TC113,Consent,compliant,,,violating,violating,Section 7,Section 7,8,False,"HMD adheres to the principle of relying on 'affirmative consent' as a legal basis; however, the process for obtaining such consent is not explicitly detailed and may vary across different contexts and user interactions, as mandated by the DPDPA.","The text states consent is obtained but does not detail the process, violating the requirement for explicit consent mechanisms.","While HMD claims to use affirmative consent, the lack of detail about how it's obtained across different contexts raises concerns about whether it meets the DPDP's requirement for clear and specific consent mechanisms."
BC,0.9,1,TC114,Consent,violating,Section 6,,violating,violating,Section 6(1),Section 6(1),10,False,"A device manufacturer deems a user's continued engagement with a pre-installed app as implicit authorization to utilize their location and contact data for advertising purposes, without requiring explicit affirmative action from the user to consent.","The device manufacturer is assuming consent based on continued engagement, violating the requirement for explicit, unambiguous affirmative action.","This practice violates Section 6(1) because it assumes consent based on continued use rather than requiring explicit, unambiguous affirmative action from the user."
BC,0.9,1,TC115,Grievance Redressal,violating,Section 13,,compliant,compliant,,,5,False,"A company operating in India has established a mechanism for handling inquiries through a dedicated internal process, with all related communications being directed to a centralized customer service channel. This ensures a structured approach to addressing a wide range of customer queries, including those of a privacy nature, although specific roles and contact details are not publicly disclosed at this time.","The text describes a customer service process for handling inquiries, but does not explicitly violate any DPDP Act 2023 sections.","The text describes a general customer service process and doesn't specify how personal data is handled, so it's unclear if it violates DPDP provisions."
BC,0.9,1,TC116,Grievance Redressal,compliant,,,compliant,compliant,,null,7,False,"HMD is dedicated to addressing complaints within a specified timeframe, which aligns with the organization's commitment to the prescribed mechanisms of grievance resolution under the Data Protection and Privacy Act (DPDPA) and related guidelines.",The text states adherence to grievance resolution mechanisms without specifying consent mechanisms.,"While the text mentions adherence to grievance resolution, it doesn't explicitly detail how consent is obtained or managed, which is crucial under the DPDP framework."
BC,0.9,1,TC117,Children's Data,compliant,,,compliant,violating,null,"Section 8(2), (3), (4)",7,False,"HMD ensures the processing of children's personal data is conducted with due diligence, including obtaining verified consent from a parent or guardian where applicable, categorizes such data as sensitive, and refrains from targeted advertising or tracking to minors, aligning with established best practices and regulatory requirements.","The text states adherence to best practices and regulatory requirements regarding children's data, including consent and avoiding targeted advertising.","While the text claims compliance, it lacks specifics on how 'due diligence' is implemented and doesn't mention age verification methods."
BC,0.9,1,TC118,Children's Data,violating,Section 9,,violating,violating,Section 4,Section 3,8,False,"A phone-for-kids application gathers data related to location and online activity for personalized user experience enhancements. This process is enabled through the user's account setup, which involves the provision of a personal email address, ensuring a streamlined registration process without the need for additional verification steps.",The app collects location and online activity data for 'personalized user experience enhancements' which is not explicitly stated as necessary for the stated purpose of creating a user account for email communication.,Collecting location and online activity data beyond what is necessary for creating a user account for email communication is not explicitly permitted under the DPDP Act.
BC,0.9,1,TC119,Consent,compliant,,,violating,compliant,Section 3(i),Section 3(i),9,False,Prior to录入关联方联系方式至供应商入职表单中，我们建议您确认已获取其书面同意；对于具有法定监护人的残疾人，我们要求获得监护人的明确授权。,"The text states a requirement for written consent before collecting contact information, which aligns with the DPDP Act's emphasis on explicit consent.","This practice aligns with the DPDP Act's emphasis on explicit consent, particularly for sensitive data like contact information and for vulnerable individuals."
BC,0.9,1,TC120,Consent,violating,Section 6,,violating,violating,Right to Give or Refuse Consent,Right to Give or Refuse Consent,9,False,"The newsletter sign-up form includes an option for customers to opt-out of data sharing with promotional partners, which is pre-ticked by default. Customers are encouraged to review and modify their preferences if they do not wish for their data to be shared for marketing purposes.","The newsletter sign-up form pre-ticks the option for data sharing with promotional partners, potentially overriding the user's right to refuse consent.","While the practice allows users to opt-out, pre-ticking the data sharing option potentially overrides the user's right to refuse consent, making it a violation of the Right to Give or Refuse Consent."
BC,0.9,1,TC121,Data Minimisation,compliant,,,compliant,compliant,,Section 6,8,False,"For visitor authentication at our corporate premises, we may collect your full name, contact details, purpose of visit, and the individual you are scheduled to meet, essential for access verification and compliance with security protocols.","The text states the data collected is for access verification and security protocols, which are lawful purposes.",This practice appears to be for a legitimate purpose (security) and is likely within the scope of 'reasonable security safeguards' as defined in Section 6.
BC,0.9,1,TC122,Data Minimisation,violating,Section 4,,violating,violating,Section 7,Section 7,8,False,"To register as a one-time event visitor at our stall, please provide your Aadhaar number, PAN, driving licence, and vehicle insurance details, should they be required for additional verification purposes, though such information is not typically necessary for a brief facility visit.","The text requests Aadhaar number, PAN, driving licence, and vehicle insurance details, which are sensitive personal data, without specifying a lawful purpose for collection.","The text does not specify a lawful purpose for collecting sensitive personal data, potentially violating Section 7's requirement for a legitimate basis."
BC,0.9,1,TC123,Breach Notification,compliant,,,compliant,compliant,,Section 6(6) and (7),10,False,"Our comprehensive data governance framework mandates an immediate assessment of any unauthorised access, disclosure, or loss of Personal Data that may impact confidentiality, integrity, or availability, with subsequent communication to affected Data Principals and the Data Protection Board in accordance with legislative requirements.",The text describes a data breach response plan that includes notification to affected parties and the Data Protection Board.,"This practice aligns with the requirements of Section 6(6) and (7) of the DPDP Act, which mandates notification of data breaches to the Board and affected individuals."
BC,0.9,1,TC124,Breach Notification,violating,Rule 7,,compliant,violating,,Section 13(e),6,False,"IT team note: The handling of contractor labour medical enrolment records, including blood group and health data, was reviewed and found to be compliant with data security protocols throughout the two-week period. No external notification or logging as a Personal Data Security Incident was deemed necessary given the nature of the information involved.",The text states the handling of data was compliant with data security protocols.,"The text lacks detail on the specific security protocols used, making it impossible to determine compliance with DPDP requirements."
BC,0.9,1,TC125,Data Retention,compliant,,,compliant,compliant,,Rule 8,8,False,"Personal Data will be retained for the duration of your engagement with Jindal Steel and for a defined period post-engagement, consistent with regulatory requirements, following which the data will be subject to secure deletion.","The text states data will be deleted securely after a defined period, consistent with regulations.","The text states data will be deleted after a defined period, aligning with the requirement for data retention only for as long as necessary for the specified purpose."
BC,0.9,1,TC126,Data Retention,violating,Section 8,,violating,violating,null,Section 7(1),8,False,"The organization has retained former job applicants' records, including marksheets, health insurance IDs, and family dependent information, for an extended duration post-recruitment process completion, without referencing a specific retention policy or legal justification for the continued storage.",The organization retains data without referencing a specific retention policy or legal justification.,"The text lacks a stated legal basis or policy for retaining this data beyond the recruitment process, potentially violating the principle of data minimization and purpose limitation."
BC,0.9,1,TC127,Data Principal Rights,compliant,,,compliant,compliant,Section 9,Section 9,9,False,"A Data Principal has submitted a request for a comprehensive overview of the Personal Data processed concerning them, along with the identities of the Data Processors involved in its handling. The Data Protection Officer has acknowledged the request and indicated a commitment to provide a response within the stipulated timeframe.",The Data Protection Officer acknowledges the Data Principal's request and commits to a timely response.,"This describes a Data Principal exercising their right to access data, which the DPO is obligated to respond to within a reasonable timeframe."
BC,0.9,1,TC128,Data Principal Rights,violating,Section 12,,violating,violating,Section 12(2),Section 12(2),9,False,"A request was received via the Data Principal Request form pertaining to the modification of an alleged discrepancy in record-keeping. In response, the organization communicated that existing procedures do not encompass the modification of such records, and confirmed that the form serves an informational purpose.","The organization states it does not modify records despite a Data Principal's request for correction, violating the Data Fiduciary's obligation to correct inaccurate data.",The organization's refusal to correct inaccurate data based on their internal procedures contradicts Section 12(2) which mandates Data Fiduciaries to correct inaccurate personal data upon request.
BC,0.9,1,TC129,Grievance Redressal,compliant,,,compliant,compliant,,Section 12(4),9,False,"In the event that a Data Principal remains unsatisfied with the resolution provided by the designated Data Processing Officer, they are encouraged to escalate the matter to the Data Protection Board of India or an alternative body as outlined in the comprehensive Corporate Compliance Handbook, ensuring alignment with the broader principles of the DPDP Act 2023.","The text describes a process for escalation of grievances, aligning with the Act.",This practice aligns with the DPDP Act's provision for grievance redressal mechanisms and escalation procedures.
BC,0.9,1,TC130,Grievance Redressal,violating,Section 13,,violating,violating,null,null,8,False,"The company's formalized grievance management mechanism presently includes an inclusive 'Inquiry Submission' portal; however, there are no explicitly stated timelines for response nor detailed pathways for escalation, and comprehensive guidelines pertaining to the engagement with the Data Protection Board of India are not publicly disclosed.",The text states there are no explicitly stated timelines for response or detailed pathways for escalation regarding grievances.,"While the text mentions a grievance portal, the absence of clear timelines, escalation procedures, and guidelines for interacting with the Data Protection Board could hinder a data principal's ability to effectively exercise their rights."
BC,0.9,1,TC131,Consent,compliant,,,violating,violating,Section 7,Section 7,8,False,"Dabur may collect health-related data for the purpose of delivering personalized marketing initiatives, contingent upon specific permissions granted by you, which are distinct from your broader consent outlined in the Privacy Policy.","Dabur states data collection is contingent upon specific permissions, but does not specify what those permissions are.","While Dabur mentions 'specific permissions', they lack detail, potentially violating Section 7's requirement for clear, itemized descriptions of data use and purpose."
BC,0.9,1,TC132,Consent,violating,Section 6,,violating,violating,Section 7,Section 7,9,False,"By accessing the Dabur website, individuals are presumed to have acknowledged the collection and potential use of certain data, including but not limited to health-related information, racial and ethnic origins, and sexual preferences, for the purpose of tailored advertising experiences, without requiring additional explicit consent for these categories.",The text states that Dabur collects sensitive data without requiring explicit consent.,"This violates Section 7 by collecting sensitive personal data without explicit consent, relying on implied consent through website access which is insufficient."
BC,0.9,1,TC133,Breach Notification,compliant,,,compliant,compliant,,Section 6,9,False,"Dabur is committed to ensuring timely communication with affected parties through designated mechanisms following a potential data incident, as outlined in its comprehensive data protection framework.","The text states Dabur will communicate with affected parties following a data incident, which aligns with DPDP requirements.","This statement indicates Dabur will notify affected individuals after a breach, fulfilling the requirement for timely notification under the DPDP Rules."
BC,0.9,1,TC134,Breach Notification,violating,Rule 7,,violating,compliant,null,,7,False,"IT Note: During a recent review, it was identified that a temporary configuration update on the analytics dashboard inadvertently led to an extended period of non-compliant data handling. Following internal procedures, efforts are currently underway to ensure all data access and usage are in strict adherence to the DPDP Act 2023 guidelines. As part of these ongoing measures, a comprehensive review of all data access points is being conducted to prevent any recurrence.",The text explicitly states that there was a period of 'non-compliant data handling'.,"While the text admits to a period of non-compliance, it also states that corrective actions are being taken to ensure future adherence to the DPDP Act."
BC,0.9,1,TC135,Data Retention,compliant,,,compliant,violating,,"Section 5, Section 9",7,False,"Dabur indicates it adheres to a data retention policy that aligns with internal standards, legal requirements, and industry best practices, although specific periods for data retention are not clearly defined. The company performs periodic reviews for data sanitization or anonymization, but the scope and frequency of these reviews are not explicitly documented.",The text describes data retention policies and reviews but does not explicitly violate any DPDP Act 2023 provisions.,"While Dabur claims adherence to best practices, the lack of specific retention periods and documented review scope/frequency raises concerns about compliance with data minimization and purpose limitation principles."
BC,0.9,1,TC136,Data Retention,violating,Section 8,,violating,violating,null,Section 6,8,False,"Behavioral insights derived from historical interactions, including browsing and purchase activities over a multi-year period, continue to be leveraged for targeted advertising strategies. These insights are managed through a rigorous, company-mandated process that ensures periodic review, though specific timelines for review and anonymization are not disclosed for competitive reasons.","The text states that data is used for targeted advertising and anonymization timelines are not disclosed, raising concerns about transparency and potential misuse.","While anonymization is mentioned, the lack of transparency regarding timelines raises concerns about whether personal data is adequately protected and processed lawfully."
BC,0.9,1,TC137,Data Principal Rights,compliant,,,compliant,compliant,Right to Update Personal Data,Section 12(2),9,False,"A user inquired via electronic correspondence to daburcares@dabur.com regarding access to and potential correction of their stored data, specifically noting an outdated address entry. The inquiry was recorded for due processing in alignment with stipulated data-subject rights procedures.","The text describes a user requesting an update to their personal data, which is a permitted right.",The text describes a user exercising their right to update personal data as outlined in Section 12(2) of the DPDP Act.
BC,0.9,1,TC138,Data Principal Rights,violating,Section 12,,violating,violating,null,Section 7(3),8,False,"A customer inquiry regarding the deletion of profiling and purchase-history data was received. Dabur has reviewed the request and, following established policies, informs that such modifications to data retention are not currently accommodated, and all relevant profiling information remains in secure storage as per our data management practices.","The text states that modifications to data retention are not accommodated, implying indefinite data retention.","The statement implies indefinite data retention, potentially violating Section 7(3) which mandates erasure after a year unless required by law."
BC,0.9,1,TC139,Grievance Redressal,compliant,,,compliant,violating,,"Section 6, Section 13",6,False,"Complaints pertaining to privacy are documented and handled by a designated department in a timely manner, in accordance with established protocols and relevant legal frameworks.",The text states adherence to protocols and legal frameworks without specifying unlawful data practices.,"While the text mentions adherence to protocols and legal frameworks, it lacks specifics about how personal data is handled during the complaint process, leaving room for potential violations."
BC,0.9,1,TC140,Grievance Redressal,violating,Section 13,,compliant,violating,,Section 18,7,False,"There has been a review initiated to ensure all privacy grievances are adequately addressed, though no specific individual has been designated to handle such事宜已被审查以确保所有隐私投诉能得到适当处理，尽管尚未指定专门人员负责此类投诉的处理和解决流程。",The text describes a review process for privacy grievances but does not explicitly violate any DPDP provisions.,"While the text mentions a review process, it lacks detail on how grievances are handled, potentially violating the requirement for a clear and accessible grievance redressal mechanism."
BC,0.9,1,TC141,Consent,compliant,,,compliant,compliant,null,"Section 9, Part B",9,False,"Prior to activating ESG certification services, PEGS outlines the data categories involved, the intended purposes, the nature of consent required (optional or mandatory), and the process for withdrawal. Confirmation of affirmative consent is then sought.","The text describes a process for obtaining consent and outlining data usage, which aligns with DPDP principles.","The text describes obtaining explicit consent for data processing, aligning with the requirements of Section 9 and Part B of the DPDP Rules."
BC,0.9,1,TC142,Consent,violating,Section 6,,violating,violating,Section 7,Section 7,9,False,"By continuing to browse the My Estatez app, you are deemed to have provided tacit consent for the transfer of your property and identity data to our affiliated data management partners, absent explicit notification to the contrary via email within seven business days.","The text implies consent for data transfer is given by continued use, rather than explicit consent.","This implies consent through continued use rather than explicit consent, which is not in line with the DPDP's requirement for clear and informed consent."
BC,0.9,1,TC143,Breach Notification,compliant,,,compliant,compliant,Section 6(a),Section 6(c),8,False,"PEGS identified potential anomalies in the access logs of the secure authentication repository. Pursuant to the prescribed protocols, the matter has been escalated for further review and, as per standard operating procedures, appropriate communications will be disseminated to stakeholders.","The text describes the implementation of appropriate data security measures, such as access logs and escalation protocols.","The text describes actions taken in response to potential security issues, aligning with the requirement for monitoring and review of access logs as per Section 6(c)."
BC,0.9,1,TC144,Breach Notification,violating,Rule 7,,violating,compliant,Section 12(1)(b)(i),Section 12(1)(b)(i),7,False,"Security team note: A review identified a server configuration that inadvertently rendered certain user data accessible for a brief period. Given the current absence of any reported incidents, the organization has decided to conduct a thorough assessment and notify the relevant authorities as part of the upcoming comprehensive cybersecurity review schedule.",The organization failed to notify affected data principals within 72 hours of becoming aware of the data breach.,"While a breach occurred, the organization has not yet notified affected individuals, but plans to do so within a reasonable timeframe as part of a broader review."
BC,0.9,1,TC145,Data Retention,compliant,,,compliant,violating,,Rule 9(3),7,False,"Session and device identifiers, critical for authentication processes, are subject to automated purging upon session termination. However, they may be retained temporarily for advanced security analyses and fraud prevention initiatives, as outlined in our comprehensive data retention protocol.",The text states data is purged upon session termination and retained temporarily for lawful purposes like security analysis and fraud prevention.,"While the text states temporary retention for legitimate purposes, it lacks specifics on the duration and criteria for 'temporary', potentially violating the requirement for clear data retention policies."
BC,0.9,1,TC146,Data Retention,violating,Section 8,,violating,violating,null,Section 6(1),9,False,"We retain all records of customer interactions, encompassing relevant personal data, for an indefinite period on our secure servers in alignment with our comprehensive data management practices and potential future operational needs.",The text states indefinite data retention without specifying a legal basis or purpose.,"Indefinite data retention without a specified legal basis or purpose likely violates Section 6(1) of the DPDP Act, which requires data to be retained only as long as necessary for the specified purpose."
BC,0.9,1,TC147,Data Principal Rights,compliant,,,compliant,compliant,,Section 11,9,False,"You are entitled to obtain a concise overview of the personal data entities within our ecosystem possess concerning you, encompassing the specific processors engaged in its distribution, by contacting support@pegs.org.in with your verified credentials for authentication purposes.",The text describes a process for a Data Principal to access their data and does not violate any explicitly stated DPDP rules.,This practice aligns with a Data Principal's right to access their personal data as outlined in the DPDP Act.
BC,0.9,1,TC148,Data Principal Rights,violating,Section 12,,violating,violating,Section 13,Section 13(3),10,False,"The organization received a request for the deletion of user data post-account termination. Following internal policies and procedures, no action was taken to fulfill the request, as the data management framework does not include a process for erasure requests. Furthermore, in accordance with established protocols, data retention is indefinite.",The organization does not have a process for fulfilling erasure requests as required by Section 13.,This violates Section 13(3) as it fails to erase personal data upon request unless retention is necessary for a specified purpose or legal obligation.
BC,0.9,1,TC149,Children's Data,compliant,,,compliant,compliant,null,Rule 3(2),9,False,"Our registration process for the Environmental, Social, and Governance (ESG) Certification Platform explicitly excludes individuals under 18 from utilizing our services. An age verification step is integrated into the account creation flow to ensure compliance.",The text states that individuals under 18 are excluded from using the platform and that age verification is used.,This practice aligns with Rule 3(2) by verifying the age of parents before processing children's data.
BC,0.9,1,TC150,Grievance Redressal,compliant,,,compliant,compliant,,,10,False,"For instances where initial correspondence with the Designated Privacy Response Team does not yield a satisfactory resolution, it is recommended that you engage with the Conflict Resolution Committee for further adjudication. Should the matter remain unresolved, consideration may be given to formal submission of a complaint to the Corporate Compliance Oversight Council.","The text describes a process for resolving disputes, not data handling practices.","This describes a dispute resolution process, not the processing of personal data itself."
BC,0.9,1,TC151,Grievance Redressal,violating,Section 13,,compliant,violating,,Section 12,7,False,"PEGS has established a comprehensive support framework designed to address user concerns, although specific details regarding grievance handling are not publicly disclosed to maintain operational confidentiality. All user inquiries and grievances are directed to the general support inbox, which is reviewed on a monthly basis to ensure timely response and resolution.",The text describes a general support framework and does not explicitly violate any DPDP Act 2023 provisions.,"While the text describes a process for handling grievances, it lacks specifics on how user rights are protected, potentially violating the DPDP's emphasis on clear and accessible grievance redressal mechanisms."
BC,0.9,1,TC152,Consent,compliant,,,violating,violating,Section 6(1),Section 6(1),8,False,"FinEdge's data collection process for loan applications is designed to ensure transparency through the clear delineation of data field purposes, although the optional nature of certain fields is implied rather than explicitly marked. The methodology for withdrawing consent before proceeding to collect sensitive information such as PAN and income details is referenced but the exact procedures remain ambiguous.","The text states that consent withdrawal procedures are ambiguous, implying a lack of clarity on how Data Principals can exercise their rights.",The ambiguity surrounding consent withdrawal procedures potentially violates Section 6(1) by not providing Data Principals with a clear understanding of how to exercise their right to withdraw consent.
BC,0.9,1,TC153,Consent,violating,Section 6,,compliant,violating,,Section 5(1),7,False,"FinEdge's mobile application incorporates a unified 'practices agreement' encompassing credit scoring, marketing initiatives, and data sharing with insurance partners, presented as a standard inclusion to facilitate account opening. Customers are advised to review the terms for a comprehensive understanding prior to engagement.","The text describes a practices agreement and advises customers to review terms, but does not explicitly violate any DPDP sections.","While the text doesn't explicitly state how consent is obtained, bundling various purposes like credit scoring, marketing, and data sharing into a single agreement could potentially violate Section 5(1) by not clearly informing users about each purpose and their right to consent separately."
BC,0.9,1,TC154,Sensitive Data,compliant,,,violating,violating,null,Section 6,8,False,"FinEdge gathers PAN and Aadhaar exclusively for compliance purposes, in line with regulatory requirements. However, there may be instances where this data could be considered for broader strategic initiatives, subject to future internal evaluations.","The text states data may be used for broader strategic initiatives beyond compliance, raising concerns about purpose limitation.","The text suggests a potential future use of data beyond the stated purpose of compliance, which violates the principle of purpose limitation."
BC,0.9,1,TC155,Data Retention,violating,Section 8,,violating,compliant,null,null,6,False,"FinEdge maintains the storage of KYC documents and transaction histories associated with closed accounts for an extended period, in alignment with internal policies designed to ensure comprehensive record-keeping, without specifying a fixed retention timeline.","The text states data is retained for an 'extended period' without specifying a timeframe, violating the requirement for clear retention policies.","While the text lacks a specific timeframe, it mentions 'internal policies' guiding retention, potentially aligning with legal requirements or industry best practices."
BC,0.9,1,TC156,Breach Notification,compliant,,,compliant,violating,,Section 8(b),7,False,"FinEdge's incident response framework mandates the communication with impacted clients and the appropriate regulatory body in accordance with established statutory guidelines, particularly in cases where there is a confirmed compromise of financial information.","The text describes a framework for incident response, mentioning communication with clients and regulatory bodies.","While the text mentions notification, it lacks specifics on how consent is obtained or if the notification adheres to DPDP requirements for data breach disclosure."
BC,0.9,1,TC157,Data Principal Rights,violating,Section 12,,compliant,violating,,Section 9,8,False,The modification to the record of the date of birth on the customer's loan account was deferred for a duration of four months without proactive communication from the support department.,"The text describes a delay in updating customer data, not a violation of the DPDP Act.","The delay in updating personal data and lack of communication to the data principal constitutes a failure to act on a data subject's request within a reasonable timeframe, potentially violating the Right to Update Personal Data."
BC,0.9,1,TC158,Sensitive Data,compliant,,,compliant,violating,,"Section 11, Part B",7,False,"Lab results and diagnostic reports are disseminated exclusively via a multi-factor authenticated patient portal, ensuring secure access; however, the protocol for third-party disclosures, contingent upon explicit patient authorization, remains subject to frequent reevaluation and refinement to align with evolving best practices.",The text describes a secure patient portal and mentions reevaluation of third-party disclosure protocols based on patient authorization.,"While the text mentions patient authorization for third-party disclosures, it lacks specifics on how consent is obtained and managed, potentially violating Section 11 of Part B regarding verifiable consent."
BC,0.9,1,TC159,Consent,violating,Section 6,,violating,violating,Section 9(2),Section 9(2),8,False,"MedCare facilitates the sharing of aggregated patient data with a pharmaceutical marketing company to enhance targeted drug promotions, ensuring this process aligns with established corporate guidelines and patient privacy best practices.",The text states that aggregated patient data is shared for targeted drug promotions without explicitly mentioning informed consent from the patients.,"While the text mentions 'best practices', it lacks explicit mention of informed consent from patients for this data sharing, which is required under Section 9(2) of the DPDP Act."
BC,0.9,1,TC160,Breach Notification,violating,Rule 7,,compliant,compliant,null,Section 12(2) of the DPDP Rules 2025,8,False,"A server configuration issue led to the temporary external exposure of diagnostic information for a subset of patient records. Following a comprehensive review, it was determined that there was no indication of unauthorized access or misuse, hence the decision was made not to proactively notify the affected patients at this time.",The text describes a data breach but states no unauthorized access or misuse occurred.,"While the text describes a data breach, it states no unauthorized access or misuse occurred, potentially fulfilling the criteria for non-notification under Section 12(2) of the DPDP Rules 2025."
BC,0.9,1,TC161,Children's Data,compliant,,,compliant,compliant,Section 7,Section 7,10,False,"For individuals under 18, our organization, ComplianceFirst Inc., mandates a verifiable consent from a parent or guardian prior to the release of any diagnostic information or processing of the minor's health data.",The text states verifiable consent from a parent or guardian is required for processing health data of minors.,"This practice aligns with Section 7(1) of the DPDP Rules 2025, which mandates verifiable consent from a parent or guardian for processing a child's personal data."
BC,0.9,1,TC162,Data Retention,compliant,,,compliant,violating,,Section 6,7,False,Diagnostic reports will be maintained in accordance with relevant regulatory frameworks and subsequently managed in a secure manner in alignment with organizational policies.,"The text states data will be managed securely and in line with policies, not that it will be misused.","While the text mentions secure management, it lacks specifics on how personal data is processed, shared, or used, leaving room for potential violations."
BC,0.9,1,TC163,Grievance Redressal,violating,Section 13,,violating,violating,null,null,9,False,"The process for addressing concerns related to the handling of health records is not publicly documented; therefore, there is no readily available grievance mechanism or contact information detailed on the lab's website.",The text states there is no publicly documented grievance mechanism or contact information for handling health record concerns.,"This violates the requirement for Data Fiduciaries to display clear contact information for queries related to personal data, as outlined in the DPDP Rules."
BC,0.9,1,TC164,Data Minimisation,compliant,,,compliant,violating,,Section 6,7,False,"ShopSphere's secure checkout portal requires minimal personal data, including, but not limited to, delivery address and contact information, essential for transactional purposes. Payment reference details may be sought in certain scenarios to ensure accurate order fulfillment.","The text states data is collected for transactional purposes and order fulfillment, which are lawful purposes.","While the stated purposes are generally lawful, the text lacks specifics on data minimization and the user's control over data sharing, potentially violating Section 6's requirements for specific and informed consent."
BC,0.9,1,TC165,Data Minimisation,violating,Section 4,,violating,violating,Section 6(1),Section 6(1),8,False,"To process a t-shirt order, ShopSphere requests that customers provide their date of birth, gender, income bracket, and marital status for internal analytics purposes, though these details are not essential for the shipping process.","The text states consent is requested for processing data not essential for the primary service, which implies consent may not be 'specific' to the core purpose.","The text suggests data collection beyond the core purpose of order fulfillment, potentially violating the 'specificity' requirement of consent under Section 6(1)."
BC,0.9,1,TC166,Profiling / Behavioral Advertising,violating,Section 6,,violating,violating,Section 7,Section 7,9,False,"ShopSphere develops comprehensive user journey insights for every site visitor to enhance personalized offerings, with such insights activated by default and without mechanisms currently available for user customization or awareness of the data inclusions.","ShopSphere activates user journey insights by default without mechanisms for user customization or awareness of data inclusions, violating the requirement for specific and informed consent.","This practice lacks mechanisms for user customization or awareness of data inclusions, potentially violating the requirement for specific and informed consent as outlined in Section 7."
BC,0.9,1,TC167,Data Sharing / Disclosure,compliant,,,compliant,violating,,"Section 12, Section 13",7,False,"ShopSphere engages its logistics partners, designated on a per-order basis, for the exclusive purpose of facilitating delivery services. These partners are bound by confidentiality agreements that specify the permissible use of shared information, yet the terms and conditions remain subject to periodic review and potential amendment.",The text describes data sharing with logistics partners for a specific purpose and mentions confidentiality agreements.,"While the text mentions confidentiality agreements, it lacks specifics on the scope of data shared, the basis for sharing beyond the stated purpose, and the Data Principal's control over this sharing, raising concerns about potential violations of Section 12 (Purpose Limitation) and Section 13 (Data Minimization)."
BC,0.9,1,TC168,Data Principal Rights,compliant,,,compliant,compliant,,Section 6,9,False,"Parties have the capability to review, extract, and initiate the removal of their transaction records and stored contact information via the personalized account management interface.","The text states users can review, extract, and remove their data, indicating compliance with data access rights.","This practice aligns with the Data Principal's right to access, rectify, and erase their personal data as outlined in Section 6 of the DPDP Act."
BC,0.9,1,TC169,Cross-Border Transfer,violating,Section 16,,violating,violating,null,Section 37,9,False,Customer purchase and payment information is regularly transmitted to external logistical support services for processing. This action is conducted in accordance with internal standard operating procedures and without explicit transfer agreements or assessments of data protection standards in the partner country.,The text states data is transferred to external services without explicit transfer agreements or assessments of data protection standards.,The text describes data transfer to a third party without ensuring adequate safeguards as required by the DPDP Act.
BC,0.9,1,TC170,Children's Data,compliant,,,violating,compliant,Section 9,,6,False,EduLearn's digital learning ecosystem mandates validated assent from a custodial representative or educational oversight authority prior to establishing a personalized learning framework for all students under the age of eighteen.,"The text states that consent is required from a custodial representative or educational oversight authority, which may not align with the DPDP Act's emphasis on direct consent from the Data Principal.","While the text mentions consent from a representative, it doesn't explicitly state if the Data Principal (the student) is also involved in the consent process."
BC,0.9,1,TC171,Children's Data,violating,Section 9,,violating,violating,Section 6(1)(c),Section 6(1)(c),9,False,"EduLearn's app for middle-schoolers gathers insights into students' usage environments and device engagement to enhance personalized content delivery. This process involves the collection of location and device usage data, which is subsequently utilized to tailor experiences for the students, ensuring an optimized user journey; however, this does not include an explicit parental consent step during the initial sign-up procedure.",EduLearn's app collects student data without obtaining explicit parental consent during the sign-up process.,"The text states that parental consent is not obtained during sign-up, which contradicts the requirement for explicit consent when processing children's data."
BC,0.9,1,TC172,Consent,compliant,,,compliant,violating,,Section 11,7,False,"Prior to implementing video-recording for live sessions, EduLearn seeks voluntary participation affirmation from participants, detailing the intended storage and utilization of the recorded content.","The text describes seeking voluntary participation and detailing data usage, indicating compliance.","While the text describes a positive step, it lacks specifics on the nature of the 'affirmation' and 'detailing' which are crucial for informed consent under Section 11 of the DPDP Act."
BC,0.9,1,TC173,Data Retention,violating,Section 8,,violating,violating,null,Section 9,8,False,"Video recordings and academic performance data associated with student accounts are retained on EduLearn's secure servers for archival and analytical purposes, irrespective of account status, including periods extended beyond the student's active account tenure.","The text states data is retained 'irrespective of account status, including periods extended beyond the student's active account tenure',  which suggests indefinite retention without a clear purpose tied to the initial service.","This retention without a clear, limited purpose tied to the initial service, and potentially extending indefinitely, raises concerns about compliance with Section 9 regarding data retention periods."
BC,0.9,1,TC174,Grievance Redressal,compliant,,,compliant,compliant,,null,6,False,"Stakeholders are encouraged to utilize the designated communication channel for expressing concerns related to data privacy, with EduLearn ensuring a timely response within the specified timeframe.","The text describes a communication channel for data privacy concerns, not a violation.","While encouraging communication about data privacy is positive, the text doesn't specify how concerns will be handled or if it aligns with DPDP requirements for addressing grievances."
BC,0.9,1,TC175,Data Minimisation,violating,Section 4,,violating,violating,Section 6(1),Section 6(1),10,False,"To facilitate a more personalized travel experience, TravelWise's application seeks ongoing permissions to access users' contact lists and call logs, although these details are not essential for browsing or booking flights.",TravelWise seeks consent for data access that is not necessary for the specified purpose.,This violates Section 6(1) as TravelWise seeks consent for data access beyond what is necessary for the specified purpose of flight booking.
BC,0.9,1,TC176,Consent,compliant,,,compliant,violating,Section 7,Section 7,7,False,"TravelWise requests explicit, distinct consent prior to disclosing a traveler's passport and visa information to requisite airline and hotel partners for the fulfillment of a particular reservation.","TravelWise states it requests explicit consent before sharing data, aligning with the requirement for specific and informed consent.","While the text states explicit consent is requested, it lacks detail on whether the consent is specific, informed, and covers the exact purposes of data sharing."
BC,0.9,1,TC177,Breach Notification,compliant,,,compliant,compliant,,Section 11(2),9,False,"Upon identification of an incident potentially impacting customer data within a vendor's system, TravelWise swiftly initiated comprehensive mitigation protocols, including notification of affected parties and submission of a formal report to the Data Protection Oversight Council, all in accordance with established procedures.","The text describes actions taken in response to a potential data breach, aligning with regulatory expectations.",The text describes actions consistent with reporting and mitigating a data breach as required by Section 11(2) of the DPDP Act.
BC,0.9,1,TC178,Cross-Border Transfer,compliant,,,compliant,violating,,Section 6,7,False,"TravelWise engages in the selective sharing of booking data with international aviation and accommodation partners through formalized data-sharing memorandums of understanding, which stipulate the obligation for partners to implement analogous data protection measures.",The text describes data sharing with partners through formalized agreements and mentions analogous data protection measures.,"While the text mentions agreements, it lacks specifics on the lawful basis for sharing, the scope of data, and the partners' compliance with DPDP requirements."
BC,0.9,1,TC179,Data Principal Rights,violating,Section 11,,violating,violating,Section 7(1)(b),Section 7(1)(b),8,False,"The organization opted to refrain from providing specific details regarding the parties with whom passport data may have been shared, in accordance with internal procedures designed to protect sensitive information.",The organization refused to disclose the identities of other Data Fiduciaries with whom passport data has been shared.,"While the organization claims to protect sensitive information, withholding the identities of other Data Fiduciaries potentially violates a Data Principal's right to know how their data is used, as outlined in Section 7(1)(b)."
BC,0.9,1,TC180,Data Minimisation,compliant,,,compliant,violating,,Section 5,7,False,"GreenAgro's farmer engagement initiative utilizes a streamlined registration process to gather essential information, including but not limited to, name, contact details, geographic coordinates, and agricultural produce types, for the purpose of facilitating participant enrollment in our strategic supply network.",The text states data collection for a stated purpose: facilitating participant enrollment in a supply network.,"While the text states a purpose, it lacks detail on how consent is obtained and if it's specific, freely given, and informed, which are requirements under the DPDP Act."
BC,0.9,1,TC181,Consent,violating,Section 6,,violating,compliant,Section 9,,7,False,"Participation in the data-sharing initiative with agri-insurance partners is generally incorporated upon registration, reflecting an industry-standard approach to enhancing agricultural risk management, without providing an explicit option for declination at the initial point of data sharing.","The text states data sharing occurs upon registration without an explicit option to decline, potentially violating the requirement for informed consent.","While the text lacks explicit opt-out, it doesn't necessarily violate Section 9 as it could be argued that registration itself implies consent for data sharing within the context of the initiative."
BC,0.9,1,TC182,Data Retention,compliant,,,compliant,PARSE_ERROR,,,,False,"Registration and transaction records pertinent to our supply chain relationships are maintained for the lifecycle of these arrangements, aligning with the prescribed periods mandated by relevant financial and industry oversight bodies.",The text states compliance with 'prescribed periods mandated by relevant financial and industry oversight bodies' which is not a DPDP violation.,
BC,0.9,1,TC183,Grievance Redressal,violating,Section 13,,compliant,violating,,Right to Grievance,7,False,"GreenAgro does not currently provide specific points of contact for farmers to express concerns regarding the utilization of their data, including phone numbers, email addresses, or in-person meeting points, within their published materials.","The text describes a lack of contact points, not a violation of the DPDP Act.","While not explicitly stated, the lack of accessible contact points could hinder a Data Principal's ability to exercise their right to grievance as outlined in the DPDP Act."
BC,0.9,1,TC184,Data Minimisation,compliant,,,compliant,violating,,Section 6,7,False,"CityCab's proprietary mobile application gathers essential data, including but not limited to geospatial coordinates, trip metadata, and financial transaction information, for the purpose of facilitating rider-driver connections and transaction processing.","The text states data is collected for facilitating rider-driver connections and transaction processing, which are legitimate purposes.","While the stated purpose is legitimate, the text lacks detail on whether consent is freely given, specific, informed, and unambiguous, which is required under Section 6 of the DPDP Act."
BC,0.9,1,TC185,Profiling / Behavioral Advertising,violating,Section 6,,violating,violating,Right to Know How Data is Used,Right to Know How Data is Used,8,False,"CityCab continually monitors user movements, even when the application is not actively in use, to create comprehensive usage insights. These insights are then analyzed and, where appropriate, anonymized and shared with selected partners for advertising purposes.",CityCab states it analyzes user movements and shares anonymized data with partners for advertising without explicitly stating how users can access this information.,"While the text mentions anonymization and sharing with partners, it lacks clarity on how users can access information about this data processing, potentially violating the Right to Know."
BC,0.9,1,TC186,Breach Notification,violating,Rule 7,,compliant,violating,Section 26,Section 26,7,False,"A potential security incident was identified in a recent system review, resulting in the inadvertent exposure of certain non-identifiable trip details. CityCab promptly addressed the issue through an internal process and is currently evaluating the necessity of communicating this matter to affected parties or relevant regulatory bodies.","The text describes a potential security incident being addressed, not a confirmed breach.","While CityCab took steps to address the potential incident, the text doesn't confirm if they notified affected parties or the Board within 72 hours as required by Section 26."
BC,0.9,1,TC187,Data Principal Rights,compliant,,,compliant,violating,,Section 14,7,False,Riders are entitled to a comprehensive export of their travel records and individual data via the application's security configurations. Requests will be processed in accordance with the prescribed timeframe.,"The text states data export will be processed according to a prescribed timeframe, indicating adherence to regulations.","While the text mentions data export, it lacks specifics on consent, purpose limitation, or data retention, making it unclear if it complies with DPDP principles."
BC,0.9,1,TC188,Consent,compliant,,,compliant,compliant,,Section 6(1),9,False,StreamFlix requests explicit consent from new users prior to leveraging their viewing history for the generation of personalized recommendations. Users are provided with a configurable preference setting to manage their consent at any point in time.,The text states StreamFlix requests explicit consent and users can manage it.,"The text describes StreamFlix obtaining explicit consent for a specific purpose (personalized recommendations) and allowing users to manage their consent, which aligns with the requirements of Section 6(1) of the DPDP Act."
BC,0.9,1,TC189,Data Sharing / Disclosure,violating,Section 8,,violating,violating,Section 7,Section 7,9,False,"StreamFlix has disclosed subscribers' viewing preferences and account information to external data partners for analysis purposes, with the intent of enhancing user experience and content recommendations, though no formal agreement is in place to govern the third parties' use of this data.",StreamFlix disclosed subscriber data to third parties without a formal agreement governing their use of the data.,Disclosing personal data to third parties for analysis without a formal agreement governing their use raises concerns about compliance with the principles of purpose limitation and data security.
BC,0.9,1,TC190,Children's Data,compliant,,,compliant,compliant,null,Section 8(3),9,False,"StreamFlix's proprietary Kids' Profile Mode is designed to minimize data collection to essential levels for content recommendations, while ensuring that targeted advertising is not directed at minors. The implementation requires explicit activation by the primary account holder, who must also be a verified parent or guardian.",The text states targeted advertising is not directed at minors and requires explicit activation by a verified parent or guardian.,"This practice aligns with Section 8(3) of the DPDP Act, which prohibits targeted advertising directed at children."
BC,0.9,1,TC191,Grievance Redressal,compliant,,,compliant,compliant,,Section 30,7,False,"Subscribers may have the option to escalate certain types of privacy concerns to the Company's Designated Compliance Officer, as outlined in the application's comprehensive user policy documentation.","The text describes a process for escalating privacy concerns, but does not explicitly violate any DPDP Act sections.","While this describes a process for handling complaints, it doesn't specify how the Designated Compliance Officer will address them or if they align with DPDP rights."
BC,0.9,1,TC192,Data Minimisation,violating,Section 4,,violating,violating,Section 7,Section 5,9,False,"A smart doorbell camera continuously records and stores audio and visual data to ensure comprehensive security and surveillance of the broader community area, exceeding what is strictly necessary for monitoring individual properties.",The text states data is collected 'exceeding what is strictly necessary' which implies unlawful data collection.,"Collecting data 'exceeding what is strictly necessary' suggests a lack of lawful basis and purpose limitation, violating the principles of data minimization and lawful processing."
BC,0.9,1,TC193,Breach Notification,compliant,,,compliant,compliant,Section 6,Section 6,9,False,"HomeSecure's comprehensive risk management framework mandates the notification of potentially impacted customers where there may have been unauthorized access to camera feeds, alongside the requisite reporting to the Data Protection Authority within the designated timeframe.","The text describes notification procedures in case of a data breach, aligning with the requirements of Section 6.",This practice aligns with the notification requirements outlined in Section 6 of the DPDP Act for data breaches.
BC,0.9,1,TC194,Consent,violating,Section 6,,violating,violating,Section 6(1)(a),Section 6(1),8,False,"HomeSecure facilitates the automatic cloud backup of camera footage post-installation, without explicitly seeking individual customer consent regarding the remote storage of home surveillance data.","HomeSecure automatically backs up camera footage to the cloud without explicit consent, violating the requirement for reasonable security safeguards, including obtaining consent for data processing.","This practice potentially violates Section 6(1) as it lacks explicit consent for data processing and storage, a key element of reasonable security safeguards."
BC,0.9,1,TC195,Data Principal Rights,compliant,,,compliant,violating,Right to Erase Personal Data,Right to Erase Personal Data,7,False,Requesters have the option to initiate the comprehensive removal of all recorded data linked to their respective devices through the HomeSecure application. Such requests are typically addressed within a standard processing period of not less than 30 days.,"The text states data removal requests are addressed within 30 days, which is within the permitted timeframe.","While the 30-day processing period is within the 90-day limit, the text lacks clarity on whether the removal is absolute and covers all data types as per the Right to Erase Personal Data."
BC,0.9,1,TC196,Data Minimisation,compliant,,,compliant,compliant,,,5,False,QuickBite's partner onboarding documentation protocol ensures the collection of essential verification and compensation-related materials in accordance with relevant regulatory frameworks.,The text mentions compliance with regulatory frameworks but does not specify any unlawful data collection practices.,"While the text mentions compliance, it lacks specifics about the types of data collected or how it's used, making it impossible to determine if it violates DPDP provisions."
BC,0.9,1,TC197,Data Sharing / Disclosure,violating,Section 8,,violating,violating,Section 7,Section 7,7,False,"QuickBite facilitates the sharing of aggregated and anonymized delivery partners' contact information with strategic marketing partners to enhance service offerings, without explicit notification to the delivery partners.",The text states that contact information is shared without explicit notification to delivery partners.,"While the text mentions anonymization and aggregation, it lacks clarity on whether this processing is necessary for the stated purpose and if it respects the delivery partners' rights."
BC,0.9,1,TC198,Governance / Accountability,compliant,,,compliant,compliant,,,7,False,"QuickBite has designated a Data Privacy Liaison, performs regular data security assessments, and provides periodic updates on privacy posture to senior management on a quarterly cycle.",The text describes QuickBite taking steps to comply with data privacy regulations.,"While these steps are positive, the text doesn't demonstrate compliance with specific DPDP provisions like data processing limitations or data principal rights."
BC,0.9,1,TC199,Data Principal Rights,violating,Section 11,,violating,violating,null,Section 6,9,False,"The request for access to personal data, including performance-related information, was declined pursuant to the company's current data access policies.","The company declined a request for access to personal data, citing its own policies, without specifying legal grounds for refusal.",The company's refusal to provide access to personal data without specifying legal grounds violates the Data Principal's right to access their data as outlined in the DPDP.
BC,0.9,1,TC200,Consent,compliant,,,compliant,compliant,Section 6,Section 6,9,False,"Prior to implementing location tracking for delivery-time optimization, QuickBite solicits explicit consent from the delivery partner and provides a detailed explanation of the intended usage of the tracking data.",QuickBite seeks explicit consent and explains the purpose of location tracking before implementation.,"This practice aligns with Section 6 of the DPDP Act, which mandates explicit consent for processing personal data."
